archivo,edad_real,genero_real,edad_faceapi,error_faceapi,edad_human,error_human
"28_1_1_20170113012030016.jpg.chip.jpg","28","female","29.477750778198242","1.48","28.6","0.60"
"37_0_3_20170119202236501.jpg.chip.jpg","37","male","","","38.8","1.80"
"34_0_2_20170105172336996.jpg.chip.jpg","34","male","","","38.7","4.70"
"22_1_2_20170116172137259.jpg.chip.jpg","22","female","","","28.7","6.70"
"21_1_0_20170117141834506.jpg.chip.jpg","21","female","","","23.5","2.50"
"37_0_3_20170119202316062.jpg.chip.jpg","37","male","","","38.9","1.90"
"7_1_0_20170104005639246.jpg.chip.jpg","7","female","","","29.3","22.30"
"27_1_1_20170117013845090.jpg.chip.jpg","27","female","","","23.5","-3.50"
"1_0_0_20170110205339425.jpg.chip.jpg","1","male","0.8965566158294678","-0.10","",""
"26_1_1_20170116223109423.jpg.chip.jpg","26","female","33.53669738769531","7.54","29.4","3.40"
"60_0_0_20170120223110723.jpg.chip.jpg","60","male","64.68218994140625","4.68","48.8","-11.20"
"47_1_0_20170117140100071.jpg.chip.jpg","47","female","","","29.3","-17.70"
"30_1_0_20170104165043953.jpg.chip.jpg","30","female","","","16","-14.00"
"65_0_1_20170113182137398.jpg.chip.jpg","65","male","","","39.2","-25.80"
"30_0_1_20170117123910079.jpg.chip.jpg","30","male","","","29.3","-0.70"
"28_0_1_20170116212304502.jpg.chip.jpg","28","male","26.545616149902344","-1.45","28.6","0.60"
"3_0_2_20161219190552779.jpg.chip.jpg","3","male","2.74678897857666","-0.25","8.9","5.90"
"6_1_1_20170103223434927.jpg.chip.jpg","6","female","","","22.6","16.60"
"34_0_0_20170117182747501.jpg.chip.jpg","34","male","38.69410705566406","4.69","34.4","0.40"
"65_0_0_20170117204724913.jpg.chip.jpg","65","male","","","39.2","-25.80"
"40_0_0_20170104201930209.jpg.chip.jpg","40","male","","","28.6","-11.40"
"29_0_1_20170113150655423.jpg.chip.jpg","29","male","29.707963943481445","0.71","28.6","-0.40"
"28_1_1_20170113012508729.jpg.chip.jpg","28","female","","","28.6","0.60"
"2_0_0_20170110211511626.jpg.chip.jpg","2","male","0.9749876260757446","-1.03","",""
"39_1_1_20170116160927002.jpg.chip.jpg","39","female","","","",""
"1_1_3_20161220145210271.jpg.chip.jpg","1","female","","","9.1","8.10"
"23_1_2_20170116173241444.jpg.chip.jpg","23","female","26.277315139770508","3.28","29.6","6.60"
"35_0_0_20170117171451970.jpg.chip.jpg","35","male","","","34.5","-0.50"
"38_1_2_20170116192323993.jpg.chip.jpg","38","female","","","29.1","-8.90"
"91_0_1_20170117194736477.jpg.chip.jpg","91","male","78.71182250976562","-12.29","29.2","-61.80"
"1_0_2_20161219194849659.jpg.chip.jpg","1","male","","","",""
"26_1_0_20170116192554607.jpg.chip.jpg","26","female","","","28.5","2.50"
"26_0_3_20170119180400891.jpg.chip.jpg","26","male","","","28.6","2.60"
"56_1_1_20170110153339650.jpg.chip.jpg","56","female","42.00913619995117","-13.99","29.2","-26.80"
"15_0_4_20170103201002253.jpg.chip.jpg","15","male","10.787461280822754","-4.21","28.9","13.90"
"12_1_0_20170109204815030.jpg.chip.jpg","12","female","12.374735832214355","0.37","12.6","0.60"
"8_1_0_20170109205258890.jpg.chip.jpg","8","female","6.699942588806152","-1.30","8.8","0.80"
"29_0_1_20170117103814669.jpg.chip.jpg","29","male","26.787097930908203","-2.21","29.4","0.40"
"4_0_0_20170110213151504.jpg.chip.jpg","4","male","","","8.8","4.80"
"75_0_2_20170113174659450.jpg.chip.jpg","75","male","66.73751831054688","-8.26","68.8","-6.20"
"28_1_4_20170117143635625.jpg.chip.jpg","28","female","","","29.4","1.40"
"30_0_3_20170117120456566.jpg.chip.jpg","30","male","","","38.7","8.70"
"28_1_1_20170113001920244.jpg.chip.jpg","28","female","","","28.8","0.80"
"32_0_3_20170119162959965.jpg.chip.jpg","32","male","","","28.6","-3.40"
"30_1_1_20170117125901915.jpg.chip.jpg","30","female","25.477298736572266","-4.52","29.5","-0.50"
"6_1_3_20170104222751249.jpg.chip.jpg","6","female","","","8.8","2.80"
"21_0_1_20170120133601830.jpg.chip.jpg","21","male","","","28.6","7.60"
"32_1_1_20170112215044104.jpg.chip.jpg","32","female","","","28.8","-3.20"
"90_0_0_20170111211415063.jpg.chip.jpg","90","male","","","75.4","-14.60"
"20_1_3_20170119153148521.jpg.chip.jpg","20","female","","","28.7","8.70"
"2_1_2_20161219212252310.jpg.chip.jpg","2","female","","","",""
"28_1_3_20170119204506255.jpg.chip.jpg","28","female","","","28.7","0.70"
"45_0_3_20170119195643531.jpg.chip.jpg","45","male","38.62320327758789","-6.38","38.5","-6.50"
"23_1_0_20170116221811019.jpg.chip.jpg","23","female","35.153099060058594","12.15","29.4","6.40"
"50_0_0_20170117091314400.jpg.chip.jpg","50","male","","","49.3","-0.70"
"34_1_2_20170104201443273.jpg.chip.jpg","34","female","","","29","-5.00"
"40_0_0_20170117182249476.jpg.chip.jpg","40","male","","","36.6","-3.40"
"60_1_0_20170113210605392.jpg.chip.jpg","60","female","67.8314437866211","7.83","68.9","8.90"
"31_1_1_20170103183224642.jpg.chip.jpg","31","female","","","28.9","-2.10"
"65_0_2_20170112223820339.jpg.chip.jpg","65","male","55.814491271972656","-9.19","39","-26.00"
"16_0_0_20170102234641453.jpg.chip.jpg","16","male","","","8.2","-7.80"
"37_1_0_20170109134008515.jpg.chip.jpg","37","female","","","29","-8.00"
"28_1_2_20170116161950375.jpg.chip.jpg","28","female","","","16.1","-11.90"
"37_0_3_20170104232806122.jpg.chip.jpg","37","male","39.72043228149414","2.72","28.6","-8.40"
"58_0_0_20170111171747496.jpg.chip.jpg","58","male","56.10738754272461","-1.89","54.8","-3.20"
"36_1_4_20170104204341444.jpg.chip.jpg","36","female","","","29.3","-6.70"
"32_1_1_20170117140929969.jpg.chip.jpg","32","female","","","28.6","-3.40"
"5_1_2_20161219193949523.jpg.chip.jpg","5","female","","","",""
"24_1_0_20170116220128735.jpg.chip.jpg","24","female","","","28.7","4.70"
"38_0_0_20170117131159850.jpg.chip.jpg","38","male","","","35.4","-2.60"
"1_0_2_20161219201319628.jpg.chip.jpg","1","male","0.813926100730896","-0.19","",""
"68_0_3_20170119184302094.jpg.chip.jpg","68","male","","","29.3","-38.70"
"30_0_0_20170117152404661.jpg.chip.jpg","30","male","","","28.5","-1.50"
"54_0_0_20170109012848473.jpg.chip.jpg","54","male","","","38.9","-15.10"
"28_1_2_20170116175301913.jpg.chip.jpg","28","female","","","16.3","-11.70"
"53_0_2_20170116192925824.jpg.chip.jpg","53","male","","","69.1","16.10"
"3_0_0_20170110211507718.jpg.chip.jpg","3","male","5.525146007537842","2.53","9.4","6.40"
"26_0_1_20170113152056920.jpg.chip.jpg","26","male","","","28.7","2.70"
"45_1_1_20170117001154223.jpg.chip.jpg","45","female","54.60392379760742","9.60","69","24.00"
"19_1_3_20170104231453195.jpg.chip.jpg","19","female","23.283159255981445","4.28","23.5","4.50"
"90_1_0_20170110182008441.jpg.chip.jpg","90","female","","","68.8","-21.20"
"47_0_0_20170117160016192.jpg.chip.jpg","47","male","","","39.2","-7.80"
"26_1_1_20170116023808283.jpg.chip.jpg","26","female","24.9107723236084","-1.09","29.4","3.40"
"57_0_3_20170119211315720.jpg.chip.jpg","57","male","","","39.1","-17.90"
"46_1_0_20170105172747597.jpg.chip.jpg","46","female","","","29.2","-16.80"
"35_0_1_20170116011302449.jpg.chip.jpg","35","male","","","23.5","-11.50"
"75_0_0_20170117174808021.jpg.chip.jpg","75","male","","","39.2","-35.80"
"70_0_1_20170117173252160.jpg.chip.jpg","70","male","","","68.9","-1.10"
"22_1_2_20170116162903793.jpg.chip.jpg","22","female","22.62413787841797","0.62","28.9","6.90"
"31_1_3_20170104235836460.jpg.chip.jpg","31","female","","","29.4","-1.60"
"45_0_3_20170117001109487.jpg.chip.jpg","45","male","38.024662017822266","-6.98","39.4","-5.60"
"65_1_0_20170117092234692.jpg.chip.jpg","65","female","66.00154876708984","1.00","29.1","-35.90"
"30_1_0_20170117181122764.jpg.chip.jpg","30","female","","","29.3","-0.70"
"5_0_2_20161219222232487.jpg.chip.jpg","5","male","","","",""
"29_0_3_20170119195114531.jpg.chip.jpg","29","male","","","28.6","-0.40"
"25_1_0_20170117141421609.jpg.chip.jpg","25","female","","","29.5","4.50"
"4_1_0_20170109204331818.jpg.chip.jpg","4","female","","","8.8","4.80"
"35_0_2_20170116173641544.jpg.chip.jpg","35","male","","","28.9","-6.10"
"24_1_3_20170104231937977.jpg.chip.jpg","24","female","","","28.6","4.60"
"11_0_0_20170103200509559.jpg.chip.jpg","11","male","13.244437217712402","2.24","28.9","17.90"
"24_1_3_20170119164716909.jpg.chip.jpg","24","female","22.689661026000977","-1.31","28.7","4.70"
"35_0_0_20170117172131883.jpg.chip.jpg","35","male","39.28433609008789","4.28","28.6","-6.40"
"27_1_1_20170114031455929.jpg.chip.jpg","27","female","16.9001407623291","-10.10","29.4","2.40"
"30_0_0_20170117152309069.jpg.chip.jpg","30","male","","","28.5","-1.50"
"21_0_4_20161223214821265.jpg.chip.jpg","21","male","","","4","-17.00"
"67_1_0_20170110180054361.jpg.chip.jpg","67","female","68.89774322509766","1.90","36.3","-30.70"
"27_0_3_20170119193230098.jpg.chip.jpg","27","male","","","28.7","1.70"
"68_0_1_20170111204337366.jpg.chip.jpg","68","male","","","38.8","-29.20"
"54_1_0_20170104235918548.jpg.chip.jpg","54","female","","","38.6","-15.40"
"25_1_3_20170104214624646.jpg.chip.jpg","25","female","","","28.6","3.60"
"62_0_1_20170112215357608.jpg.chip.jpg","62","male","45.89480972290039","-16.11","29.3","-32.70"
"70_0_3_20170119205313583.jpg.chip.jpg","70","male","","","29.2","-40.80"
"49_0_1_20170113184332336.jpg.chip.jpg","49","male","","","39.3","-9.70"
"49_1_3_20170109132625049.jpg.chip.jpg","49","female","47.48450469970703","-1.52","29.2","-19.80"
"75_0_0_20170117192234922.jpg.chip.jpg","75","male","","","29.2","-45.80"
"42_0_1_20170116205000015.jpg.chip.jpg","42","male","","","38.7","-3.30"
"25_0_0_20170116213542860.jpg.chip.jpg","25","male","22.961332321166992","-2.04","29.4","4.40"
"18_1_1_20170114030258171.jpg.chip.jpg","18","female","17.107072830200195","-0.89","28.6","10.60"
"41_0_1_20170116003552644.jpg.chip.jpg","41","male","","","35.5","-5.50"
"26_0_1_20170116181040400.jpg.chip.jpg","26","male","26.659040451049805","0.66","29.4","3.40"
"17_0_1_20170117170512970.jpg.chip.jpg","17","male","","","29.3","12.30"
"56_1_0_20170120140341104.jpg.chip.jpg","56","female","69.43099975585938","13.43","38.7","-17.30"
"26_0_0_20170116193305807.jpg.chip.jpg","26","male","","","29.3","3.30"
"42_0_0_20170117185738076.jpg.chip.jpg","42","male","52.092044830322266","10.09","44.4","2.40"
"96_1_2_20170110183043609.jpg.chip.jpg","96","female","","","69","-27.00"
"49_1_0_20170104204953660.jpg.chip.jpg","49","female","","","29.2","-19.80"
"10_0_0_20170110225444491.jpg.chip.jpg","10","male","8.063333511352539","-1.94","8.8","-1.20"
"20_1_1_20170112231738487.jpg.chip.jpg","20","female","","","28.6","8.60"
"27_1_3_20170117180032189.jpg.chip.jpg","27","female","","","28.7","1.70"
"28_1_1_20170117022228379.jpg.chip.jpg","28","female","","","29.4","1.40"
"23_1_1_20170114033456731.jpg.chip.jpg","23","female","23.893232345581055","0.89","28.5","5.50"
"34_1_3_20170105001226421.jpg.chip.jpg","34","female","","","29.3","-4.70"
"1_0_2_20161219200015132.jpg.chip.jpg","1","male","","","",""
"25_1_3_20170119171956657.jpg.chip.jpg","25","female","","","28.7","3.70"
"23_1_2_20170116172814255.jpg.chip.jpg","23","female","","","16.1","-6.90"
"30_0_3_20170117143052785.jpg.chip.jpg","30","male","","","28.6","-1.40"
"37_1_0_20170103182952754.jpg.chip.jpg","37","female","","","38.7","1.70"
"28_1_0_20170104165233241.jpg.chip.jpg","28","female","","","29.3","1.30"
"24_1_2_20170116162430984.jpg.chip.jpg","24","female","","","16.1","-7.90"
"24_1_2_20170116173436330.jpg.chip.jpg","24","female","","","29.1","5.10"
"2_1_2_20161219151944003.jpg.chip.jpg","2","female","","","",""
"24_1_2_20170116171642861.jpg.chip.jpg","24","female","25.254802703857422","1.25","16.1","-7.90"
"60_0_2_20170116174336830.jpg.chip.jpg","60","male","","","29.1","-30.90"
"32_0_1_20170113151009015.jpg.chip.jpg","32","male","","","28.7","-3.30"
"22_1_1_20170112231734479.jpg.chip.jpg","22","female","","","28.6","6.60"
"27_0_3_20170119152437615.jpg.chip.jpg","27","male","","","23.5","-3.50"
"26_0_1_20170113155022867.jpg.chip.jpg","26","male","33.001808166503906","7.00","28.6","2.60"
"41_0_1_20170117011534258.jpg.chip.jpg","41","male","26.970033645629883","-14.03","29.3","-11.70"
"23_0_1_20170113150913751.jpg.chip.jpg","23","male","26.264253616333008","3.26","28.6","5.60"
"51_0_0_20170117160746568.jpg.chip.jpg","51","male","","","29.3","-21.70"
"1_0_3_20161219224939056.jpg.chip.jpg","1","male","","","28.8","27.80"
"9_0_0_20170110220449969.jpg.chip.jpg","9","male","8.861676216125488","-0.14","13.4","4.40"
"39_1_3_20170104220213820.jpg.chip.jpg","39","female","","","29.2","-9.80"
"34_0_3_20170119200819270.jpg.chip.jpg","34","male","","","39.3","5.30"
"14_1_0_20170104011733528.jpg.chip.jpg","14","female","","","28.9","14.90"
"5_1_2_20161219160221254.jpg.chip.jpg","5","female","","","16.1","11.10"
"52_0_0_20170116233057278.jpg.chip.jpg","52","male","","","28.8","-23.20"
"42_0_1_20170113174159700.jpg.chip.jpg","42","male","","","28.6","-13.40"
"29_0_1_20170116205636712.jpg.chip.jpg","29","male","36.894962310791016","7.89","23.8","-5.20"
"26_0_2_20170116181352905.jpg.chip.jpg","26","male","","","28.7","2.70"
"24_1_3_20170104214534021.jpg.chip.jpg","24","female","","","29.5","5.50"
"45_0_1_20170116204403032.jpg.chip.jpg","45","male","50.63142395019531","5.63","38.7","-6.30"
"32_0_1_20170113151013735.jpg.chip.jpg","32","male","28.3475341796875","-3.65","28.7","-3.30"
"28_0_1_20170117170646824.jpg.chip.jpg","28","male","","","28.7","0.70"
"40_1_3_20170119165539693.jpg.chip.jpg","40","female","","","29.1","-10.90"
"21_0_2_20170116164809162.jpg.chip.jpg","21","male","","","28.8","7.80"
"43_1_3_20170119204557143.jpg.chip.jpg","43","female","","","29.3","-13.70"
"28_0_2_20170116165016235.jpg.chip.jpg","28","male","22.841094970703125","-5.16","16.4","-11.60"
"26_1_0_20170120134215383.jpg.chip.jpg","26","female","","","29.3","3.30"
"42_0_2_20170104204819596.jpg.chip.jpg","42","male","","","29","-13.00"
"24_1_2_20161219201505604.jpg.chip.jpg","24","female","17.70306968688965","-6.30","16.2","-7.80"
"62_0_0_20170104184818725.jpg.chip.jpg","62","male","","","68.9","6.90"
"25_1_2_20170116174823428.jpg.chip.jpg","25","female","","","16.2","-8.80"
"24_1_3_20170119171104872.jpg.chip.jpg","24","female","24.818601608276367","0.82","29.4","5.40"
"45_0_4_20170103235240356.jpg.chip.jpg","45","male","","","44.4","-0.60"
"27_1_3_20170104222326719.jpg.chip.jpg","27","female","","","29.4","2.40"
"32_0_2_20170116191428705.jpg.chip.jpg","32","male","","","39.2","7.20"
"40_1_0_20170117174753056.jpg.chip.jpg","40","female","","","36.4","-3.60"
"30_1_0_20170117122000135.jpg.chip.jpg","30","female","","","29.2","-0.80"
"31_1_1_20170112230640389.jpg.chip.jpg","31","female","","","28.9","-2.10"
"39_1_1_20170116012217327.jpg.chip.jpg","39","female","","","29.4","-9.60"
"54_0_3_20170119210122240.jpg.chip.jpg","54","male","","","29.3","-24.70"
"37_0_0_20170120221604091.jpg.chip.jpg","37","male","","","28.7","-8.30"
"56_1_0_20170104212444956.jpg.chip.jpg","56","female","65.20210266113281","9.20","69.1","13.10"
"38_1_1_20170116164329443.jpg.chip.jpg","38","female","","","29.4","-8.60"
"27_0_0_20170116205311022.jpg.chip.jpg","27","male","","","29.4","2.40"
"39_0_3_20170119184201286.jpg.chip.jpg","39","male","","","29.4","-9.60"
"26_1_1_20170112205853539.jpg.chip.jpg","26","female","","","28.9","2.90"
"60_1_1_20170113011821480.jpg.chip.jpg","60","female","","","28.9","-31.10"
"8_0_0_20170110220129114.jpg.chip.jpg","8","male","","","9.3","1.30"
"32_1_0_20170117121846946.jpg.chip.jpg","32","female","","","39","7.00"
"23_1_0_20170112234202903.jpg.chip.jpg","23","female","","","23.5","0.50"
"21_0_3_20170119154213179.jpg.chip.jpg","21","male","","","28.5","7.50"
"5_0_3_20161220220613177.jpg.chip.jpg","5","male","1.8051142692565918","-3.19","8.6","3.60"
"56_1_0_20170110180113129.jpg.chip.jpg","56","female","","","38.6","-17.40"
"35_0_0_20170117121726176.jpg.chip.jpg","35","male","","","28.4","-6.60"
"40_1_0_20170117091858010.jpg.chip.jpg","40","female","","","29.1","-10.90"
"46_0_0_20170117172149820.jpg.chip.jpg","46","male","57.32054901123047","11.32","47.6","1.60"
"6_1_4_20170119204208503.jpg.chip.jpg","6","female","","","9","3.00"
"22_1_0_20170114033329650.jpg.chip.jpg","22","female","","","29.6","7.60"
"40_0_4_20170117194620611.jpg.chip.jpg","40","male","","","39.4","-0.60"
"26_0_1_20170113145620590.jpg.chip.jpg","26","male","22.78426170349121","-3.22","23.6","-2.40"
"27_1_1_20170117013838382.jpg.chip.jpg","27","female","22.83852195739746","-4.16","23.5","-3.50"
"42_1_0_20170117121915102.jpg.chip.jpg","42","female","36.98197937011719","-5.02","39.2","-2.80"
"26_0_3_20170119183103830.jpg.chip.jpg","26","male","","","28.7","2.70"
"54_0_4_20170117204308977.jpg.chip.jpg","54","male","","","44.4","-9.60"
"26_1_1_20170116171823756.jpg.chip.jpg","26","female","25.44455337524414","-0.56","23.4","-2.60"
"20_1_0_20170117135500046.jpg.chip.jpg","20","female","","","29.4","9.40"
"8_1_0_20170109205031725.jpg.chip.jpg","8","female","","","8.4","0.40"
"32_0_1_20170113155305504.jpg.chip.jpg","32","male","29.425386428833008","-2.57","22.8","-9.20"
"52_0_3_20170119160357804.jpg.chip.jpg","52","male","","","28.9","-23.10"
"27_1_1_20170117193211345.jpg.chip.jpg","27","female","","","28.8","1.80"
"43_0_0_20170117171713186.jpg.chip.jpg","43","male","49.284542083740234","6.28","39.3","-3.70"
"23_1_2_20170116164541818.jpg.chip.jpg","23","female","","","16.1","-6.90"
"90_0_2_20170112224517852.jpg.chip.jpg","90","male","","","68.8","-21.20"
"40_1_1_20170113010421198.jpg.chip.jpg","40","female","31.67249870300293","-8.33","28.6","-11.40"
"58_0_3_20170119211704736.jpg.chip.jpg","58","male","","","34.2","-23.80"
"65_1_0_20170110160643907.jpg.chip.jpg","65","female","","","38.8","-26.20"
"26_1_3_20170117173846653.jpg.chip.jpg","26","female","","","29.4","3.40"
"28_0_3_20170117120957310.jpg.chip.jpg","28","male","","","38.7","10.70"
"35_1_0_20170116201540728.jpg.chip.jpg","35","female","","","29.2","-5.80"
"32_0_2_20170116190200837.jpg.chip.jpg","32","male","","","38.7","6.70"
"8_1_0_20170109202734214.jpg.chip.jpg","8","female","","","9.2","1.20"
"1_0_2_20161219194859803.jpg.chip.jpg","1","male","0.8201661109924316","-0.18","",""
"55_0_0_20170113185136832.jpg.chip.jpg","55","male","","","69.2","14.20"
"26_1_3_20170117153340356.jpg.chip.jpg","26","female","","","28.6","2.60"
"39_0_2_20170104204728132.jpg.chip.jpg","39","male","","","39.1","0.10"
"24_0_3_20170104230212395.jpg.chip.jpg","24","male","","","28.7","4.70"
"1_0_0_20170110213202543.jpg.chip.jpg","1","male","","","",""
"2_1_0_20161219190909739.jpg.chip.jpg","2","female","2.074155569076538","0.07","",""
"34_1_2_20170116191659122.jpg.chip.jpg","34","female","","","29.5","-4.50"
"51_0_3_20170119211842089.jpg.chip.jpg","51","male","","","28.9","-22.10"
"60_0_0_20170117160020104.jpg.chip.jpg","60","male","","","48.4","-11.60"
"29_1_1_20170117183625423.jpg.chip.jpg","29","female","","","29.3","0.30"
"47_1_1_20170112231603253.jpg.chip.jpg","47","female","","","29.3","-17.70"
"60_0_0_20170120222420751.jpg.chip.jpg","60","male","","","44.4","-15.60"
"56_0_0_20170120133932247.jpg.chip.jpg","56","male","","","29.1","-26.90"
"26_1_3_20170104222955855.jpg.chip.jpg","26","female","","","28.6","2.60"
"24_0_1_20170113132554696.jpg.chip.jpg","24","male","","","16.4","-7.60"
"48_0_3_20170119205259311.jpg.chip.jpg","48","male","","","38.6","-9.40"
"70_0_1_20170117194145056.jpg.chip.jpg","70","male","67.8314437866211","-2.17","68.9","-1.10"
"3_0_3_20161220221437315.jpg.chip.jpg","3","male","2.0601210594177246","-0.94","",""
"47_1_4_20170103234719420.jpg.chip.jpg","47","female","","","49.2","2.20"
"27_0_4_20170117010754780.jpg.chip.jpg","27","male","","","28.9","1.90"
"35_1_0_20170117182534670.jpg.chip.jpg","35","female","","","36.5","1.50"
"22_1_2_20170116172657692.jpg.chip.jpg","22","female","","","29.7","7.70"
"35_0_0_20170117180618449.jpg.chip.jpg","35","male","39.988365173339844","4.99","34.4","-0.60"
"36_1_1_20170113000218202.jpg.chip.jpg","36","female","23.195049285888672","-12.80","28.7","-7.30"
"39_0_3_20170105172840532.jpg.chip.jpg","39","male","","","38.8","-0.20"
"63_0_0_20170120225708577.jpg.chip.jpg","63","male","","","69.1","6.10"
"28_0_1_20170116200710476.jpg.chip.jpg","28","male","","","28.6","0.60"
"28_1_1_20170112211531805.jpg.chip.jpg","28","female","","","28.9","0.90"
"5_1_0_20170109192816278.jpg.chip.jpg","5","female","5.62549352645874","0.63","8.7","3.70"
"25_1_1_20170116223020576.jpg.chip.jpg","25","female","","","28.8","3.80"
"28_0_2_20170116214450969.jpg.chip.jpg","28","male","","","29","1.00"
"25_0_2_20170117195218570.jpg.chip.jpg","25","male","19.80289077758789","-5.20","16.5","-8.50"
"22_1_1_20170105002015683.jpg.chip.jpg","22","female","","","29.5","7.50"
"1_0_1_20170110213656556.jpg.chip.jpg","1","male","1.406721591949463","0.41","",""
"30_0_3_20170119144749349.jpg.chip.jpg","30","male","","","28.7","-1.30"
"25_0_3_20170104230227202.jpg.chip.jpg","25","male","","","28.6","3.60"
"27_1_1_20170112213529269.jpg.chip.jpg","27","female","","","28.6","1.60"
"1_0_2_20161219141529089.jpg.chip.jpg","1","male","1.1255830526351929","0.13","",""
"45_1_4_20170113011721570.jpg.chip.jpg","45","female","51.23827362060547","6.24","29.3","-15.70"
"35_0_3_20170104215607486.jpg.chip.jpg","35","male","","","34.3","-0.70"
"40_0_0_20170117135440354.jpg.chip.jpg","40","male","","","39.4","-0.60"
"24_1_0_20170103180601840.jpg.chip.jpg","24","female","","","28.6","4.60"
"58_0_0_20170104213007932.jpg.chip.jpg","58","male","","","38.7","-19.30"
"23_1_4_20170103212744381.jpg.chip.jpg","23","female","","","23.7","0.70"
"30_0_0_20170113011224350.jpg.chip.jpg","30","male","","","28.4","-1.60"
"32_0_1_20170116215755940.jpg.chip.jpg","32","male","","","33.3","1.30"
"63_1_3_20170109134308184.jpg.chip.jpg","63","female","","","29","-34.00"
"1_1_1_20161219155940125.jpg.chip.jpg","1","female","1.2735750675201416","0.27","",""
"24_1_4_20170117194842219.jpg.chip.jpg","24","female","","","28.4","4.40"
"60_1_0_20170110140725969.jpg.chip.jpg","60","female","63.31284713745117","3.31","48.8","-11.20"
"14_0_0_20170110225130741.jpg.chip.jpg","14","male","","","29.2","15.20"
"28_1_1_20170113012538431.jpg.chip.jpg","28","female","28.559932708740234","0.56","29.5","1.50"
"32_0_0_20170116235740282.jpg.chip.jpg","32","male","","","28.8","-3.20"
"26_0_1_20170116010019224.jpg.chip.jpg","26","male","","","24","-2.00"
"30_0_3_20170105164853052.jpg.chip.jpg","30","male","","","28.7","-1.30"
"25_1_0_20170119172023545.jpg.chip.jpg","25","female","","","36.3","11.30"
"45_1_0_20170105001254581.jpg.chip.jpg","45","female","52.151981353759766","7.15","38.7","-6.30"
"50_1_1_20170103182211471.jpg.chip.jpg","50","female","","","38.8","-11.20"
"64_0_0_20170120222952994.jpg.chip.jpg","64","male","65.9832534790039","1.98","39.1","-24.90"
"30_0_0_20170120134230135.jpg.chip.jpg","30","male","","","28.6","-1.40"
"70_0_0_20170117172906417.jpg.chip.jpg","70","male","71.16175079345703","1.16","69.2","-0.80"
"39_0_0_20170104205032348.jpg.chip.jpg","39","male","36.71666717529297","-2.28","34.6","-4.40"
"25_1_4_20161223230018963.jpg.chip.jpg","25","female","","","29.3","4.30"
"42_1_1_20170113012800201.jpg.chip.jpg","42","female","30.25204849243164","-11.75","29.4","-12.60"
"50_1_0_20170109012444348.jpg.chip.jpg","50","female","","","29.1","-20.90"
"25_1_0_20170117134837758.jpg.chip.jpg","25","female","21.27713394165039","-3.72","23.6","-1.40"
"24_1_2_20170104020306436.jpg.chip.jpg","24","female","","","28.7","4.70"
"30_0_4_20170117200730006.jpg.chip.jpg","30","male","31.966760635375977","1.97","28.5","-1.50"
"21_1_4_20170103225212711.jpg.chip.jpg","21","female","","","28.5","7.50"
"4_1_4_20161223231735684.jpg.chip.jpg","4","female","","","9.3","5.30"
"26_0_4_20170117195406973.jpg.chip.jpg","26","male","","","28.7","2.70"
"34_1_1_20170113000302889.jpg.chip.jpg","34","female","","","29.4","-4.60"
"88_1_0_20170120225747122.jpg.chip.jpg","88","female","85.57469177246094","-2.43","69.2","-18.80"
"49_1_0_20170111182452933.jpg.chip.jpg","49","female","","","36.4","-12.60"
"26_1_2_20170116184020867.jpg.chip.jpg","26","female","23.578231811523438","-2.42","16.3","-9.70"
"31_1_0_20170113002019668.jpg.chip.jpg","31","female","","","29.2","-1.80"
"28_1_1_20170117183617983.jpg.chip.jpg","28","female","","","29.5","1.50"
"71_1_0_20170110181315747.jpg.chip.jpg","71","female","69.66146087646484","-1.34","49.2","-21.80"
"42_0_0_20170117135611209.jpg.chip.jpg","42","male","","","39.2","-2.80"
"1_0_2_20161219205016902.jpg.chip.jpg","1","male","0.9749369621276855","-0.03","",""
"1_0_0_20170110212624891.jpg.chip.jpg","1","male","0.9392440915107727","-0.06","",""
"26_0_2_20170116210411437.jpg.chip.jpg","26","male","","","28.8","2.80"
"38_1_1_20170113001855604.jpg.chip.jpg","38","female","27.875171661376953","-10.12","28.7","-9.30"
"30_1_1_20170117123929050.jpg.chip.jpg","30","female","","","29.4","-0.60"
"29_1_3_20170109135815848.jpg.chip.jpg","29","female","","","28.5","-0.50"
"27_1_2_20170116171613640.jpg.chip.jpg","27","female","16.803407669067383","-10.20","29.5","2.50"
"51_0_0_20170105172830957.jpg.chip.jpg","51","male","","","29.1","-21.90"
"1_0_0_20161219192713491.jpg.chip.jpg","1","male","0.9863117337226868","-0.01","",""
"29_0_0_20170104201127146.jpg.chip.jpg","29","male","","","28.6","-0.40"
"77_0_2_20170112224733518.jpg.chip.jpg","77","male","","","38.8","-38.20"
"35_0_0_20170117171459931.jpg.chip.jpg","35","male","","","29.4","-5.60"
"26_1_2_20170104015741532.jpg.chip.jpg","26","female","21.226985931396484","-4.77","29.4","3.40"
"20_1_4_20161223230110540.jpg.chip.jpg","20","female","15.081503868103027","-4.92","28.8","8.80"
"58_0_3_20170119211646161.jpg.chip.jpg","58","male","","","69","11.00"
"37_0_1_20170117164405007.jpg.chip.jpg","37","male","49.982017517089844","12.98","38.8","1.80"
"35_0_1_20170116030445338.jpg.chip.jpg","35","male","32.8087158203125","-2.19","28.5","-6.50"
"54_0_3_20170119201240675.jpg.chip.jpg","54","male","","","34.4","-19.60"
"22_1_0_20170112233750014.jpg.chip.jpg","22","female","21.638477325439453","-0.36","29.4","7.40"
"26_1_3_20170104222725472.jpg.chip.jpg","26","female","","","29.2","3.20"
"29_1_0_20170117202722702.jpg.chip.jpg","29","female","","","29.4","0.40"
"35_1_3_20170117153815997.jpg.chip.jpg","35","female","","","29.3","-5.70"
"25_0_3_20170117151048707.jpg.chip.jpg","25","male","24.623239517211914","-0.38","28.6","3.60"
"7_1_0_20170109200933192.jpg.chip.jpg","7","female","5.257376670837402","-1.74","8.8","1.80"
"15_1_0_20170109214412116.jpg.chip.jpg","15","female","","","9.1","-5.90"
"27_1_0_20170117120650933.jpg.chip.jpg","27","female","25.65635871887207","-1.34","30.4","3.40"
"32_0_3_20170119200338100.jpg.chip.jpg","32","male","","","29.3","-2.70"
"8_1_0_20170109205024714.jpg.chip.jpg","8","female","","","9.4","1.40"
"67_0_0_20170105172950852.jpg.chip.jpg","67","male","","","39.2","-27.80"
"23_1_0_20170117144822363.jpg.chip.jpg","23","female","","","29.5","6.50"
"21_0_0_20170120134243735.jpg.chip.jpg","21","male","","","28.5","7.50"
"25_1_3_20170119172145553.jpg.chip.jpg","25","female","27.25752067565918","2.26","29.4","4.40"
"1_0_3_20161220220910514.jpg.chip.jpg","1","male","","","4.1","3.10"
"26_0_1_20170117001235514.jpg.chip.jpg","26","male","35.245941162109375","9.25","29.4","3.40"
"25_1_4_20161220222242243.jpg.chip.jpg","25","female","","","29.4","4.40"
"60_0_3_20170119205622888.jpg.chip.jpg","60","male","","","39.3","-20.70"
"26_0_0_20170116224849492.jpg.chip.jpg","26","male","","","28.5","2.50"
"2_1_4_20170117193349661.jpg.chip.jpg","2","female","","","8.4","6.40"
"22_1_2_20170116170405273.jpg.chip.jpg","22","female","","","29.5","7.50"
"24_0_0_20170117003314278.jpg.chip.jpg","24","male","","","28.5","4.50"
"40_1_0_20170105164202500.jpg.chip.jpg","40","female","","","39","-1.00"
"50_0_0_20170104211514100.jpg.chip.jpg","50","male","44.1615104675293","-5.84","39.2","-10.80"
"24_0_3_20170119150647534.jpg.chip.jpg","24","male","26.953857421875","2.95","28.5","4.50"
"1_1_4_20161221201729160.jpg.chip.jpg","1","female","","","",""
"60_0_0_20170109002333882.jpg.chip.jpg","60","male","","","38.7","-21.30"
"54_0_1_20170117183557856.jpg.chip.jpg","54","male","","","39.3","-14.70"
"8_0_0_20170104012108817.jpg.chip.jpg","8","male","","","8.9","0.90"
"66_1_0_20170110132135290.jpg.chip.jpg","66","female","63.338340759277344","-2.66","49.2","-16.80"
"28_0_1_20170117172812224.jpg.chip.jpg","28","male","","","32.5","4.50"
"20_1_2_20170112003857668.jpg.chip.jpg","20","female","","","16.3","-3.70"
"80_0_0_20170117174434118.jpg.chip.jpg","80","male","","","69.2","-10.80"
"50_0_3_20170113190305936.jpg.chip.jpg","50","male","","","29.3","-20.70"
"56_1_0_20170117172351482.jpg.chip.jpg","56","female","","","28.9","-27.10"
"43_0_0_20170117153817367.jpg.chip.jpg","43","male","","","29.3","-13.70"
"22_0_2_20170104021125111.jpg.chip.jpg","22","male","","","16.5","-5.50"
"7_0_2_20161219204335837.jpg.chip.jpg","7","male","6.503599643707275","-0.50","",""
"40_1_0_20170117180655625.jpg.chip.jpg","40","female","","","30.5","-9.50"
"4_1_3_20170119212114153.jpg.chip.jpg","4","female","4.216372013092041","0.22","8.7","4.70"
"21_1_2_20170104021056028.jpg.chip.jpg","21","female","23.839330673217773","2.84","29.3","8.30"
"63_0_0_20170111193827549.jpg.chip.jpg","63","male","","","69.1","6.10"
"24_1_4_20170105183531601.jpg.chip.jpg","24","female","21.909515380859375","-2.09","28.9","4.90"
"85_1_0_20170120223641413.jpg.chip.jpg","85","female","83.20155334472656","-1.80","68.9","-16.10"
"11_0_0_20170110220408722.jpg.chip.jpg","11","male","","","9.2","-1.80"
"10_0_1_20170110220523360.jpg.chip.jpg","10","male","","","28.9","18.90"
"22_1_2_20170103212729188.jpg.chip.jpg","22","female","","","29.6","7.60"
"50_1_3_20170109134207312.jpg.chip.jpg","50","female","","","29.2","-20.80"
"80_0_0_20170117173759783.jpg.chip.jpg","80","male","","","69.2","-10.80"
"7_0_1_20170110220056218.jpg.chip.jpg","7","male","3.618691921234131","-3.38","8.8","1.80"
"26_1_2_20170104021717909.jpg.chip.jpg","26","female","","","29.3","3.30"
"45_0_1_20170114033528807.jpg.chip.jpg","45","male","34.51459503173828","-10.49","28.6","-16.40"
"24_1_0_20170103163127424.jpg.chip.jpg","24","female","","","29.4","5.40"
"40_1_0_20170116221041453.jpg.chip.jpg","40","female","","","29.2","-10.80"
"22_1_1_20170114033301951.jpg.chip.jpg","22","female","20.019771575927734","-1.98","28.8","6.80"
"50_0_2_20170109012311747.jpg.chip.jpg","50","male","","","39","-11.00"
"3_1_0_20170109190919498.jpg.chip.jpg","3","female","5.724587440490723","2.72","22.6","19.60"
"20_1_1_20170117195034455.jpg.chip.jpg","20","female","","","29.1","9.10"
"57_0_0_20170104183717886.jpg.chip.jpg","57","male","","","39.1","-17.90"
"26_1_2_20170116184708173.jpg.chip.jpg","26","female","36.37583541870117","10.38","29.3","3.30"
"58_0_0_20170109010542295.jpg.chip.jpg","58","male","","","38.7","-19.30"
"25_0_4_20170117151003346.jpg.chip.jpg","25","male","","","29.3","4.30"
"63_0_0_20170117192213796.jpg.chip.jpg","63","male","66.42151641845703","3.42","38.8","-24.20"
"70_1_1_20170119205140215.jpg.chip.jpg","70","female","57.27941131591797","-12.72","38.7","-31.30"
"24_1_2_20170116162908737.jpg.chip.jpg","24","female","","","16.2","-7.80"
"7_1_2_20161219193607875.jpg.chip.jpg","7","female","","","4","-3.00"
"27_0_0_20170120220108816.jpg.chip.jpg","27","male","","","28.7","1.70"
"60_0_1_20170113174854844.jpg.chip.jpg","60","male","57.26628875732422","-2.73","38.7","-21.30"
"50_0_0_20170111195423102.jpg.chip.jpg","50","male","52.90455627441406","2.90","35.4","-14.60"
"16_0_0_20170110231646278.jpg.chip.jpg","16","male","","","16.4","0.40"
"24_1_2_20170116161819263.jpg.chip.jpg","24","female","","","28.6","4.60"
"18_1_0_20170109212936696.jpg.chip.jpg","18","female","14.382695198059082","-3.62","9.2","-8.80"
"32_0_0_20170117173203012.jpg.chip.jpg","32","male","","","20.3","-11.70"
"56_1_0_20170113182536919.jpg.chip.jpg","56","female","","","39.3","-16.70"
"26_1_4_20170103230503161.jpg.chip.jpg","26","female","","","28.6","2.60"
"26_0_0_20170117201133309.jpg.chip.jpg","26","male","","","28.9","2.90"
"47_0_0_20170105173009578.jpg.chip.jpg","47","male","56.145286560058594","9.15","58.6","11.60"
"40_0_4_20170117135456629.jpg.chip.jpg","40","male","","","28.7","-11.30"
"28_1_1_20170116231251529.jpg.chip.jpg","28","female","","","28.8","0.80"
"29_1_0_20170114031410630.jpg.chip.jpg","29","female","20.826688766479492","-8.17","29.3","0.30"
"31_1_3_20170104222647935.jpg.chip.jpg","31","female","","","29.6","-1.40"
"35_0_2_20170116164723099.jpg.chip.jpg","35","male","38.93751525878906","3.94","29.2","-5.80"
"9_0_0_20170110220237634.jpg.chip.jpg","9","male","12.714788436889648","3.71","8.8","-0.20"
"34_0_0_20170103182639105.jpg.chip.jpg","34","male","","","39.4","5.40"
"26_0_0_20170114032951327.jpg.chip.jpg","26","male","","","39.2","13.20"
"26_1_0_20170117091659319.jpg.chip.jpg","26","female","","","39.3","13.30"
"35_1_2_20170117123949303.jpg.chip.jpg","35","female","28.642654418945312","-6.36","28.7","-6.30"
"24_1_2_20170116173426810.jpg.chip.jpg","24","female","","","16","-8.00"
"75_0_2_20170112205312755.jpg.chip.jpg","75","male","","","48.8","-26.20"
"38_1_0_20170117154114972.jpg.chip.jpg","38","female","27.543909072875977","-10.46","28.9","-9.10"
"31_0_1_20170116024204398.jpg.chip.jpg","31","male","","","28.7","-2.30"
"1_0_2_20161219205313061.jpg.chip.jpg","1","male","1.285688042640686","0.29","",""
"47_0_3_20170104211858844.jpg.chip.jpg","47","male","","","38.8","-8.20"
"15_0_3_20170104225537649.jpg.chip.jpg","15","male","27.19384765625","12.19","29.3","14.30"
"43_1_0_20170117155108211.jpg.chip.jpg","43","female","","","39.2","-3.80"
"1_0_0_20170109193841675.jpg.chip.jpg","1","male","1.397976279258728","0.40","",""
"26_1_2_20170116184543342.jpg.chip.jpg","26","female","24.008657455444336","-1.99","28.6","2.60"
"47_0_0_20170105173116787.jpg.chip.jpg","47","male","","","45.6","-1.40"
"40_0_0_20170117154508715.jpg.chip.jpg","40","male","","","48.5","8.50"
"58_0_1_20170113174734929.jpg.chip.jpg","58","male","","","39.2","-18.80"
"54_0_3_20170104202315035.jpg.chip.jpg","54","male","","","38.7","-15.30"
"65_0_0_20170116224819158.jpg.chip.jpg","65","male","","","28.7","-36.30"
"32_0_1_20170113183741368.jpg.chip.jpg","32","male","","","29.3","-2.70"
"53_1_0_20170109012814840.jpg.chip.jpg","53","female","","","29.1","-23.90"
"28_0_3_20170119194719106.jpg.chip.jpg","28","male","30.587533950805664","2.59","28.6","0.60"
"32_0_1_20170113141719572.jpg.chip.jpg","32","male","","","29.4","-2.60"
"35_0_0_20170116003147625.jpg.chip.jpg","35","male","","","16.1","-18.90"
"99_1_2_20170110182418864.jpg.chip.jpg","99","female","","","69","-30.00"
"67_1_3_20170109150650035.jpg.chip.jpg","67","female","","","69.2","2.20"
"11_0_0_20170110220500946.jpg.chip.jpg","11","male","","","29.3","18.30"
"30_0_0_20170117140513184.jpg.chip.jpg","30","male","","","38.5","8.50"
"58_0_1_20170113185227312.jpg.chip.jpg","58","male","","","58.6","0.60"
"47_0_2_20170116184935713.jpg.chip.jpg","47","male","39.14130401611328","-7.86","29.1","-17.90"
"10_0_0_20170110224223937.jpg.chip.jpg","10","male","10.49027156829834","0.49","8.8","-1.20"
"31_0_2_20170116191350922.jpg.chip.jpg","31","male","","","28.9","-2.10"
"67_0_0_20170109002158153.jpg.chip.jpg","67","male","","","39.2","-27.80"
"72_0_1_20170113184626575.jpg.chip.jpg","72","male","","","29.2","-42.80"
"41_0_3_20170119211820393.jpg.chip.jpg","41","male","","","29.2","-11.80"
"26_1_1_20170117153641469.jpg.chip.jpg","26","female","","","29.2","3.20"
"2_0_4_20170103210341459.jpg.chip.jpg","2","male","","","4","2.00"
"9_1_0_20170109204449076.jpg.chip.jpg","9","female","","","9","0.00"
"19_0_3_20170104214230141.jpg.chip.jpg","19","male","21.160507202148438","2.16","20.3","1.30"
"26_0_4_20170117195502469.jpg.chip.jpg","26","male","","","28.8","2.80"
"50_1_1_20170117145027850.jpg.chip.jpg","50","female","41.658721923828125","-8.34","30.6","-19.40"
"32_1_1_20170116173307655.jpg.chip.jpg","32","female","31.208524703979492","-0.79","29.3","-2.70"
"41_0_0_20170104173044203.jpg.chip.jpg","41","male","","","28.8","-12.20"
"61_0_3_20170119211812241.jpg.chip.jpg","61","male","","","69.1","8.10"
"32_0_3_20170119162651590.jpg.chip.jpg","32","male","43.93130874633789","11.93","28.7","-3.30"
"35_0_3_20170117180756185.jpg.chip.jpg","35","male","","","29.4","-5.60"
"53_0_0_20170109012810348.jpg.chip.jpg","53","male","","","29.3","-23.70"
"27_1_3_20170119194359962.jpg.chip.jpg","27","female","","","29.4","2.40"
"34_1_3_20170105002136348.jpg.chip.jpg","34","female","","","29.2","-4.80"
"42_1_3_20170119155657771.jpg.chip.jpg","42","female","","","36.4","-5.60"
"35_0_0_20170117183005428.jpg.chip.jpg","35","male","","","34.6","-0.40"
"18_1_0_20170109213938695.jpg.chip.jpg","18","female","17.06787109375","-0.93","22.5","4.50"
"28_0_1_20170113185214520.jpg.chip.jpg","28","male","","","20.4","-7.60"
"18_1_0_20170109214042490.jpg.chip.jpg","18","female","13.645955085754395","-4.35","28.6","10.60"
"24_1_1_20170116024111718.jpg.chip.jpg","24","female","","","28.6","4.60"
"1_1_0_20170109192729677.jpg.chip.jpg","1","female","0.7822633981704712","-0.22","",""
"35_1_0_20170117191955709.jpg.chip.jpg","35","female","","","29.2","-5.80"
"30_1_0_20170117183633526.jpg.chip.jpg","30","female","","","28.7","-1.30"
"32_0_0_20170117133445162.jpg.chip.jpg","32","male","","","38.7","6.70"
"24_0_4_20170117145619730.jpg.chip.jpg","24","male","","","28.6","4.60"
"26_0_1_20170116235019054.jpg.chip.jpg","26","male","","","29.2","3.20"
"26_1_0_20170117200909070.jpg.chip.jpg","26","female","","","28.5","2.50"
"25_1_2_20170116174845535.jpg.chip.jpg","25","female","","","8.8","-16.20"
"26_1_1_20170117003333387.jpg.chip.jpg","26","female","","","29.2","3.20"
"26_1_1_20170112213007903.jpg.chip.jpg","26","female","31.514169692993164","5.51","29.5","3.50"
"26_1_2_20170116220837093.jpg.chip.jpg","26","female","","","29","3.00"
"40_0_2_20170116181205807.jpg.chip.jpg","40","male","","","28.8","-11.20"
"27_0_0_20170117175813577.jpg.chip.jpg","27","male","","","34.7","7.70"
"56_0_3_20170109142456550.jpg.chip.jpg","56","male","","","38.7","-17.30"
"4_0_4_20161221202651241.jpg.chip.jpg","4","male","","","4.1","0.10"
"38_0_0_20170116235516373.jpg.chip.jpg","38","male","","","28.6","-9.40"
"1_0_2_20161219190003947.jpg.chip.jpg","1","male","0.8999478220939636","-0.10","",""
"24_1_4_20170103212911364.jpg.chip.jpg","24","female","","","29.4","5.40"
"30_0_3_20170119155828315.jpg.chip.jpg","30","male","","","28.4","-1.60"
"30_1_1_20170112210336469.jpg.chip.jpg","30","female","45.7474250793457","15.75","29.4","-0.60"
"26_0_4_20170117195713037.jpg.chip.jpg","26","male","","","28.3","2.30"
"1_0_1_20170110212837862.jpg.chip.jpg","1","male","0.7323331832885742","-0.27","",""
"28_0_3_20170119194936611.jpg.chip.jpg","28","male","24.471920013427734","-3.53","28.6","0.60"
"35_0_0_20170117173401692.jpg.chip.jpg","35","male","","","33.7","-1.30"
"2_0_3_20161219225137296.jpg.chip.jpg","2","male","1.8633370399475098","-0.14","",""
"5_0_3_20161220222940507.jpg.chip.jpg","5","male","4.817154884338379","-0.18","8.7","3.70"
"42_0_0_20170119204245311.jpg.chip.jpg","42","male","","","28.6","-13.40"
"60_1_0_20170110131522551.jpg.chip.jpg","60","female","63.599117279052734","3.60","69.1","9.10"
"36_0_3_20170119202127415.jpg.chip.jpg","36","male","","","29.2","-6.80"
"24_1_0_20170105000720347.jpg.chip.jpg","24","female","","","29.5","5.50"
"25_1_2_20170116170355441.jpg.chip.jpg","25","female","26.2210750579834","1.22","16.2","-8.80"
"18_0_3_20170119144144877.jpg.chip.jpg","18","male","22.039724349975586","4.04","23.7","5.70"
"55_0_4_20170120134239783.jpg.chip.jpg","55","male","","","39.2","-15.80"
"31_1_1_20170116002105934.jpg.chip.jpg","31","female","38.738067626953125","7.74","28.8","-2.20"
"45_1_2_20170116001025936.jpg.chip.jpg","45","female","45.17185592651367","0.17","29.4","-15.60"
"13_1_0_20170109204923296.jpg.chip.jpg","13","female","11.344992637634277","-1.66","28.7","15.70"
"85_0_0_20170111205432369.jpg.chip.jpg","85","male","","","58.7","-26.30"
"25_0_0_20170117142949572.jpg.chip.jpg","25","male","","","28.2","3.20"
"26_0_1_20170116200636640.jpg.chip.jpg","26","male","25.328006744384766","-0.67","23.7","-2.30"
"42_0_3_20170117154758183.jpg.chip.jpg","42","male","","","38.8","-3.20"
"34_1_3_20170104235537715.jpg.chip.jpg","34","female","","","29.5","-4.50"
"33_0_3_20170119164240414.jpg.chip.jpg","33","male","","","28.7","-4.30"
"4_0_0_20170110213317110.jpg.chip.jpg","4","male","7.591259002685547","3.59","9.1","5.10"
"24_1_1_20170116164334832.jpg.chip.jpg","24","female","","","28.6","4.60"
"32_0_1_20170117135943245.jpg.chip.jpg","32","male","","","34.5","2.50"
"105_1_0_20170112213001988.jpg.chip.jpg","105","female","91.6610336303711","-13.34","69.3","-35.70"
"20_1_1_20170113005427278.jpg.chip.jpg","20","female","","","28.6","8.60"
"28_1_3_20170119144214613.jpg.chip.jpg","28","female","","","28.9","0.90"
"28_0_1_20170117015443654.jpg.chip.jpg","28","male","","","33.6","5.60"
"62_1_3_20170109132000815.jpg.chip.jpg","62","female","","","29","-33.00"
"31_0_1_20170113173411619.jpg.chip.jpg","31","male","","","28.8","-2.20"
"28_1_1_20170112213623429.jpg.chip.jpg","28","female","","","29.2","1.20"
"21_1_2_20170116220123101.jpg.chip.jpg","21","female","","","16","-5.00"
"2_0_2_20161219200442347.jpg.chip.jpg","2","male","","","",""
"100_1_0_20170112213303693.jpg.chip.jpg","100","female","","","79.7","-20.30"
"45_0_1_20170117135648741.jpg.chip.jpg","45","male","","","28.8","-16.20"
"14_0_3_20170117181642515.jpg.chip.jpg","14","male","","","16.2","2.20"
"26_1_0_20170105183657951.jpg.chip.jpg","26","female","","","29.5","3.50"
"64_0_2_20170116193425715.jpg.chip.jpg","64","male","60.726036071777344","-3.27","68.9","4.90"
"29_1_2_20170109133107871.jpg.chip.jpg","29","female","","","16","-13.00"
"40_0_4_20170108231125827.jpg.chip.jpg","40","male","","","28.8","-11.20"
"28_1_0_20170117122004211.jpg.chip.jpg","28","female","36.29634475708008","8.30","30.4","2.40"
"80_0_0_20170111205531200.jpg.chip.jpg","80","male","","","69.2","-10.80"
"40_0_1_20170117135640172.jpg.chip.jpg","40","male","31.53559684753418","-8.46","9.2","-30.80"
"25_1_3_20170119172102729.jpg.chip.jpg","25","female","","","23.5","-1.50"
"53_1_4_20170117204257206.jpg.chip.jpg","53","female","","","28.9","-24.10"
"45_0_0_20170120220616729.jpg.chip.jpg","45","male","","","29.2","-15.80"
"38_1_2_20170108224407554.jpg.chip.jpg","38","female","","","29.4","-8.60"
"75_1_0_20170109132033628.jpg.chip.jpg","75","female","72.9593276977539","-2.04","38.8","-36.20"
"2_1_4_20170103205101618.jpg.chip.jpg","2","female","","","",""
"30_1_0_20170117092656822.jpg.chip.jpg","30","female","","","29.4","-0.60"
"24_1_4_20170103233956963.jpg.chip.jpg","24","female","19.90782356262207","-4.09","28.9","4.90"
"60_0_0_20170113184804864.jpg.chip.jpg","60","male","","","39.2","-20.80"
"27_0_0_20170117114918781.jpg.chip.jpg","27","male","","","28.5","1.50"
"23_1_3_20170104231839354.jpg.chip.jpg","23","female","","","29.6","6.60"
"50_1_0_20170117160740015.jpg.chip.jpg","50","female","","","28.9","-21.10"
"54_1_3_20170104220907782.jpg.chip.jpg","54","female","","","29.2","-24.80"
"1_1_4_20161221202124857.jpg.chip.jpg","1","female","","","4","3.00"
"22_1_3_20170119163344958.jpg.chip.jpg","22","female","","","29.5","7.50"
"25_1_3_20170119171206287.jpg.chip.jpg","25","female","","","29.2","4.20"
"40_1_0_20170117201542095.jpg.chip.jpg","40","female","","","38.7","-1.30"
"25_1_0_20170117195319237.jpg.chip.jpg","25","female","","","28.4","3.40"
"65_0_0_20170111195412945.jpg.chip.jpg","65","male","","","69.2","4.20"
"24_1_3_20170104222401271.jpg.chip.jpg","24","female","","","16.1","-7.90"
"24_1_4_20170117150628875.jpg.chip.jpg","24","female","","","29.4","5.40"
"58_0_0_20170117191944060.jpg.chip.jpg","58","male","","","39.2","-18.80"
"65_0_0_20170117162833004.jpg.chip.jpg","65","male","","","33.4","-31.60"
"29_0_0_20170117180918673.jpg.chip.jpg","29","male","","","32.5","3.50"
"80_1_0_20170110131934630.jpg.chip.jpg","80","female","","","29.3","-50.70"
"70_0_1_20170116214435321.jpg.chip.jpg","70","male","","","29.3","-40.70"
"26_0_2_20170116183004847.jpg.chip.jpg","26","male","","","28.9","2.90"
"27_1_4_20170103230157624.jpg.chip.jpg","27","female","","","29.5","2.50"
"26_1_3_20170117154601686.jpg.chip.jpg","26","female","","","28.6","2.60"
"10_0_0_20170110225414790.jpg.chip.jpg","10","male","6.082632064819336","-3.92","16.4","6.40"
"42_1_2_20170116182210072.jpg.chip.jpg","42","female","","","29.1","-12.90"
"8_1_0_20170109200833660.jpg.chip.jpg","8","female","10.208552360534668","2.21","9.2","1.20"
"74_0_0_20170111211030017.jpg.chip.jpg","74","male","68.50222778320312","-5.50","69.2","-4.80"
"72_1_0_20170110173128700.jpg.chip.jpg","72","female","86.7879409790039","14.79","69.1","-2.90"
"14_1_4_20170103200753206.jpg.chip.jpg","14","female","","","8.7","-5.30"
"86_0_2_20170112220210391.jpg.chip.jpg","86","male","","","69.1","-16.90"
"50_0_1_20170117172803693.jpg.chip.jpg","50","male","","","29.3","-20.70"
"18_0_4_20170104011044048.jpg.chip.jpg","18","male","26.273027420043945","8.27","28.6","10.60"
"26_0_3_20170119181302068.jpg.chip.jpg","26","male","","","29.3","3.30"
"37_1_1_20170113001818716.jpg.chip.jpg","37","female","","","29.3","-7.70"
"1_1_4_20161221201545377.jpg.chip.jpg","1","female","","","",""
"39_0_0_20170117185152073.jpg.chip.jpg","39","male","39.904415130615234","0.90","34.9","-4.10"
"15_1_4_20170103233356803.jpg.chip.jpg","15","female","","","28.8","13.80"
"67_0_1_20170120224828928.jpg.chip.jpg","67","male","67.78202819824219","0.78","69.2","2.20"
"32_0_1_20170113001057074.jpg.chip.jpg","32","male","","","34.4","2.40"
"75_0_2_20170110131323894.jpg.chip.jpg","75","male","","","68.9","-6.10"
"40_0_3_20170109003040502.jpg.chip.jpg","40","male","","","39.2","-0.80"
"23_0_2_20170114024549242.jpg.chip.jpg","23","male","16.795732498168945","-6.20","28.9","5.90"
"22_1_3_20170104222607551.jpg.chip.jpg","22","female","","","28.8","6.80"
"24_0_2_20170116165334206.jpg.chip.jpg","24","male","19.100696563720703","-4.90","16.5","-7.50"
"71_1_0_20170110141720224.jpg.chip.jpg","71","female","65.4098129272461","-5.59","29.2","-41.80"
"90_1_0_20170120225831522.jpg.chip.jpg","90","female","89.0211410522461","-0.98","38.8","-51.20"
"40_0_2_20170104192449111.jpg.chip.jpg","40","male","","","39.1","-0.90"
"65_1_1_20170112220241647.jpg.chip.jpg","65","female","61.28567123413086","-3.71","29.2","-35.80"
"52_1_0_20170108235321768.jpg.chip.jpg","52","female","","","29","-23.00"
"67_1_0_20170110154623389.jpg.chip.jpg","67","female","68.98674774169922","1.99","68.7","1.70"
"1_0_3_20161219225322506.jpg.chip.jpg","1","male","","","",""
"24_1_3_20170119170547814.jpg.chip.jpg","24","female","22.049545288085938","-1.95","23.7","-0.30"
"1_0_2_20161219194811588.jpg.chip.jpg","1","male","1.0495649576187134","0.05","",""
"31_0_0_20170104011136432.jpg.chip.jpg","31","male","","","33.5","2.50"
"46_1_0_20170105162245243.jpg.chip.jpg","46","female","","","29.1","-16.90"
"26_0_0_20170117172035787.jpg.chip.jpg","26","male","25.64073944091797","-0.36","28.3","2.30"
"1_1_2_20161221192810669.jpg.chip.jpg","1","female","","","",""
"30_1_0_20170116220947988.jpg.chip.jpg","30","female","","","28.8","-1.20"
"78_0_0_20170111221741900.jpg.chip.jpg","78","male","82.7365951538086","4.74","69.3","-8.70"
"32_0_0_20170117182320245.jpg.chip.jpg","32","male","","","44.4","12.40"
"26_0_1_20170116192814189.jpg.chip.jpg","26","male","","","29.4","3.40"
"39_0_2_20170117154247371.jpg.chip.jpg","39","male","47.16825485229492","8.17","28.9","-10.10"
"22_0_0_20170108224621224.jpg.chip.jpg","22","male","","","28.7","6.70"
"15_0_1_20170120134502877.jpg.chip.jpg","15","male","","","23.4","8.40"
"30_1_3_20170119205414159.jpg.chip.jpg","30","female","","","29.4","-0.60"
"32_1_4_20170105164210618.jpg.chip.jpg","32","female","","","29.4","-2.60"
"1_0_4_20161221192604164.jpg.chip.jpg","1","male","1.0058319568634033","0.01","",""
"27_1_2_20170116163651888.jpg.chip.jpg","27","female","21.558979034423828","-5.44","16.1","-10.90"
"26_1_3_20170119193147891.jpg.chip.jpg","26","female","","","28.6","2.60"
"1_1_3_20161219225018384.jpg.chip.jpg","1","female","","","16.1","15.10"
"27_0_2_20170116163655761.jpg.chip.jpg","27","male","22.692766189575195","-4.31","28.8","1.80"
"36_1_1_20170113195419453.jpg.chip.jpg","36","female","","","28.8","-7.20"
"3_1_2_20161219151448835.jpg.chip.jpg","3","female","","","",""
"35_1_1_20170117154230213.jpg.chip.jpg","35","female","","","29.2","-5.80"
"40_1_0_20170117135425683.jpg.chip.jpg","40","female","","","29","-11.00"
"8_1_0_20170109204818624.jpg.chip.jpg","8","female","17.08500099182129","9.09","29.3","21.30"
"32_1_4_20170105164252747.jpg.chip.jpg","32","female","44.73521041870117","12.74","29.4","-2.60"
"28_0_2_20170116190025951.jpg.chip.jpg","28","male","22.238250732421875","-5.76","28.7","0.70"
"62_0_0_20170113185402879.jpg.chip.jpg","62","male","62.551902770996094","0.55","58.4","-3.60"
"35_0_2_20170104201834738.jpg.chip.jpg","35","male","17.740509033203125","-17.26","28.7","-6.30"
"52_0_0_20170111203259661.jpg.chip.jpg","52","male","","","28.9","-23.10"
"57_1_0_20170108225103840.jpg.chip.jpg","57","female","","","68.9","11.90"
"26_0_3_20170119191956113.jpg.chip.jpg","26","male","","","34.4","8.40"
"26_1_1_20170116232407502.jpg.chip.jpg","26","female","27.685102462768555","1.69","28.9","2.90"
"52_1_0_20170109220625669.jpg.chip.jpg","52","female","34.17741394042969","-17.82","36.4","-15.60"
"37_1_1_20170114024523051.jpg.chip.jpg","37","female","","","29.3","-7.70"
"14_1_0_20170109203625481.jpg.chip.jpg","14","female","8.338712692260742","-5.66","28.8","14.80"
"22_0_4_20161221202100745.jpg.chip.jpg","22","male","21.007524490356445","-0.99","23.5","1.50"
"65_0_2_20170120223049075.jpg.chip.jpg","65","male","","","69.2","4.20"
"32_1_1_20170117134811472.jpg.chip.jpg","32","female","30.69468116760254","-1.31","29.4","-2.60"
"12_0_0_20170110215739155.jpg.chip.jpg","12","male","16.250083923339844","4.25","28.7","16.70"
"2_0_0_20170110213051007.jpg.chip.jpg","2","male","3.8400607109069824","1.84","4.2","2.20"
"26_1_1_20170116233048680.jpg.chip.jpg","26","female","29.399259567260742","3.40","29.5","3.50"
"16_1_4_20170103201700919.jpg.chip.jpg","16","female","","","29.3","13.30"
"26_0_0_20170113135336472.jpg.chip.jpg","26","male","","","29.4","3.40"
"28_0_2_20170116191850216.jpg.chip.jpg","28","male","","","16.1","-11.90"
"73_0_0_20170111221751463.jpg.chip.jpg","73","male","69.98383331298828","-3.02","69.1","-3.90"
"29_1_0_20170104022706451.jpg.chip.jpg","29","female","","","29.5","0.50"
"26_1_1_20170116234802444.jpg.chip.jpg","26","female","26.168764114379883","0.17","29.4","3.40"
"24_1_0_20170116220210491.jpg.chip.jpg","24","female","","","29.4","5.40"
"29_1_1_20170105183913087.jpg.chip.jpg","29","female","","","29.4","0.40"
"17_1_0_20170109213621558.jpg.chip.jpg","17","female","","","23.5","6.50"
"2_1_0_20170109194711891.jpg.chip.jpg","2","female","0.9941454529762268","-1.01","",""
"15_0_0_20170104011728017.jpg.chip.jpg","15","male","","","28.9","13.90"
"23_1_3_20170117144716562.jpg.chip.jpg","23","female","20.054319381713867","-2.95","26.5","3.50"
"26_1_2_20170116180538949.jpg.chip.jpg","26","female","","","16","-10.00"
"26_1_4_20170103230455729.jpg.chip.jpg","26","female","","","28.5","2.50"
"28_1_2_20170116164716297.jpg.chip.jpg","28","female","","","16.2","-11.80"
"50_0_3_20170119205125927.jpg.chip.jpg","50","male","56.55367660522461","6.55","39.2","-10.80"
"55_0_0_20170117190004928.jpg.chip.jpg","55","male","","","69.1","14.10"
"29_1_1_20170112235043081.jpg.chip.jpg","29","female","","","23.5","-5.50"
"17_0_0_20170110231711354.jpg.chip.jpg","17","male","","","29.4","12.40"
"36_0_0_20170117203443991.jpg.chip.jpg","36","male","","","29.4","-6.60"
"39_0_1_20170113141736403.jpg.chip.jpg","39","male","","","34.5","-4.50"
"1_1_1_20170109194654049.jpg.chip.jpg","1","female","","","",""
"61_0_0_20170104212151300.jpg.chip.jpg","61","male","59.322410583496094","-1.68","44.3","-16.70"
"23_1_2_20170116184229440.jpg.chip.jpg","23","female","","","16.1","-6.90"
"8_1_3_20170104222431175.jpg.chip.jpg","8","female","","","9","1.00"
"26_0_0_20170116224830372.jpg.chip.jpg","26","male","","","28.5","2.50"
"1_1_3_20161220143239294.jpg.chip.jpg","1","female","1.2735750675201416","0.27","",""
"40_0_1_20170117170632910.jpg.chip.jpg","40","male","","","44.2","4.20"
"24_1_3_20170119155454786.jpg.chip.jpg","24","female","","","29","5.00"
"27_1_1_20170117120629605.jpg.chip.jpg","27","female","","","28.8","1.80"
"52_0_0_20170104210032733.jpg.chip.jpg","52","male","","","39.4","-12.60"
"60_0_0_20170104184725621.jpg.chip.jpg","60","male","","","38.9","-21.10"
"14_0_3_20170104225721488.jpg.chip.jpg","14","male","","","9.2","-4.80"
"40_0_0_20170117000342028.jpg.chip.jpg","40","male","","","44.4","4.40"
"37_1_0_20170105172652727.jpg.chip.jpg","37","female","","","29.1","-7.90"
"25_0_3_20170119171120578.jpg.chip.jpg","25","male","","","28.5","3.50"
"37_0_1_20170109010710336.jpg.chip.jpg","37","male","","","34.7","-2.30"
"38_0_0_20170116233110862.jpg.chip.jpg","38","male","","","29.3","-8.70"
"2_0_2_20161219141147608.jpg.chip.jpg","2","male","","","16","14.00"
"1_0_0_20170110213501282.jpg.chip.jpg","1","male","1.0249042510986328","0.02","",""
"20_1_0_20170120140127200.jpg.chip.jpg","20","female","","","29.1","9.10"
"2_0_0_20170110213639642.jpg.chip.jpg","2","male","5.324045658111572","3.32","8.3","6.30"
"30_1_1_20170114031528104.jpg.chip.jpg","30","female","33.784481048583984","3.78","29.4","-0.60"
"38_1_1_20170116231308847.jpg.chip.jpg","38","female","28.56859588623047","-9.43","29.4","-8.60"
"83_0_2_20170112224652531.jpg.chip.jpg","83","male","","","68.9","-14.10"
"28_0_1_20170117022131217.jpg.chip.jpg","28","male","","","29.2","1.20"
"4_1_2_20161219141811089.jpg.chip.jpg","4","female","","","",""
"1_0_2_20161219141824081.jpg.chip.jpg","1","male","6.398073196411133","5.40","29.3","28.30"
"24_0_1_20170117194359125.jpg.chip.jpg","24","male","","","29.3","5.30"
"20_0_3_20170119153211097.jpg.chip.jpg","20","male","","","29.3","9.30"
"1_0_2_20161219211107805.jpg.chip.jpg","1","male","1.3699207305908203","0.37","",""
"24_0_1_20170117145640546.jpg.chip.jpg","24","male","24.919780731201172","0.92","29.4","5.40"
"38_1_3_20170104214200582.jpg.chip.jpg","38","female","","","29.2","-8.80"
"26_0_1_20170117152417815.jpg.chip.jpg","26","male","33.127052307128906","7.13","29.4","3.40"
"22_1_1_20170114025247512.jpg.chip.jpg","22","female","","","23.7","1.70"
"25_1_3_20170119172048666.jpg.chip.jpg","25","female","25.630306243896484","0.63","28.9","3.90"
"58_1_0_20170109015222209.jpg.chip.jpg","58","female","","","29","-29.00"
"38_0_2_20170104204240163.jpg.chip.jpg","38","male","","","29","-9.00"
"35_0_0_20170120220454138.jpg.chip.jpg","35","male","23.39743995666504","-11.60","28.5","-6.50"
"67_0_0_20170104184245598.jpg.chip.jpg","67","male","","","38.8","-28.20"
"22_1_4_20170117143710577.jpg.chip.jpg","22","female","24.601028442382812","2.60","23.6","1.60"
"40_1_2_20170117121945324.jpg.chip.jpg","40","female","","","28.9","-11.10"
"30_1_0_20170117143902329.jpg.chip.jpg","30","female","","","30.4","0.40"
"1_0_1_20170110213808936.jpg.chip.jpg","1","male","1.4150060415267944","0.42","4","3.00"
"26_1_1_20170117152602749.jpg.chip.jpg","26","female","","","29.1","3.10"
"30_1_2_20170116161740145.jpg.chip.jpg","30","female","","","",""
"54_0_3_20170119210208992.jpg.chip.jpg","54","male","53.610931396484375","-0.39","38.7","-15.30"
"35_0_0_20170104165411001.jpg.chip.jpg","35","male","","","38.8","3.80"
"22_0_4_20170103224931632.jpg.chip.jpg","22","male","","","28.6","6.60"
"51_0_0_20170117130112885.jpg.chip.jpg","51","male","","","33.5","-17.50"
"26_1_2_20170116184045356.jpg.chip.jpg","26","female","","","29.6","3.60"
"39_1_1_20170117140914763.jpg.chip.jpg","39","female","","","29.4","-9.60"
"26_1_3_20170117173705893.jpg.chip.jpg","26","female","","","29.4","3.40"
"35_1_0_20170120220747764.jpg.chip.jpg","35","female","","","29.3","-5.70"
"42_1_0_20170105000836339.jpg.chip.jpg","42","female","","","29.3","-12.70"
"22_0_3_20170119162820341.jpg.chip.jpg","22","male","","","28.6","6.60"
"42_1_0_20170109012301228.jpg.chip.jpg","42","female","","","29.2","-12.80"
"28_0_1_20170113155441306.jpg.chip.jpg","28","male","","","33.6","5.60"
"40_0_0_20170117131221514.jpg.chip.jpg","40","male","","","28.7","-11.30"
"26_1_1_20170113000222125.jpg.chip.jpg","26","female","","","28.6","2.60"
"31_1_3_20170119200101732.jpg.chip.jpg","31","female","42.86896896362305","11.87","29.3","-1.70"
"21_1_1_20170112233312848.jpg.chip.jpg","21","female","20.252595901489258","-0.75","28.5","7.50"
"26_0_1_20170116224835545.jpg.chip.jpg","26","male","33.69443893432617","7.69","39.3","13.30"
"4_1_4_20161221193328366.jpg.chip.jpg","4","female","2.1714909076690674","-1.83","4","0.00"
"15_0_3_20170105183235993.jpg.chip.jpg","15","male","","","20.5","5.50"
"1_0_0_20170110213327766.jpg.chip.jpg","1","male","0.5577008128166199","-0.44","",""
"54_1_0_20170117171154110.jpg.chip.jpg","54","female","","","29.3","-24.70"
"67_0_0_20170120230050170.jpg.chip.jpg","67","male","","","38.8","-28.20"
"72_0_0_20170111221801037.jpg.chip.jpg","72","male","","","49.3","-22.70"
"28_1_0_20170117121818523.jpg.chip.jpg","28","female","","","29.3","1.30"
"28_0_0_20170114031734642.jpg.chip.jpg","28","male","","","28.7","0.70"
"26_1_3_20170117173636062.jpg.chip.jpg","26","female","","","29.3","3.30"
"29_1_0_20170105002624350.jpg.chip.jpg","29","female","","","36.4","7.40"
"26_0_3_20170104214726725.jpg.chip.jpg","26","male","","","28.5","2.50"
"34_0_1_20170117010115390.jpg.chip.jpg","34","male","","","28.6","-5.40"
"26_0_3_20170116232725357.jpg.chip.jpg","26","male","","","28.7","2.70"
"34_1_0_20170104235402171.jpg.chip.jpg","34","female","","","28.7","-5.30"
"85_0_1_20170111211354288.jpg.chip.jpg","85","male","83.09678649902344","-1.90","68.9","-16.10"
"50_1_3_20170104235532885.jpg.chip.jpg","50","female","","","29.2","-20.80"
"47_0_0_20170104184157446.jpg.chip.jpg","47","male","49.56366729736328","2.56","38.7","-8.30"
"49_0_3_20170104214709125.jpg.chip.jpg","49","male","","","38.8","-10.20"
"30_1_0_20170117151304315.jpg.chip.jpg","30","female","26.478666305541992","-3.52","28.7","-1.30"
"50_0_1_20170120222239167.jpg.chip.jpg","50","male","50.72703170776367","0.73","39.2","-10.80"
"30_1_2_20170116165139757.jpg.chip.jpg","30","female","","","29.2","-0.80"
"28_0_0_20170117202406775.jpg.chip.jpg","28","male","30.620849609375","2.62","28.6","0.60"
"18_1_0_20170109212905543.jpg.chip.jpg","18","female","","","28.6","10.60"
"54_0_0_20170117171636100.jpg.chip.jpg","54","male","36.647125244140625","-17.35","28.9","-25.10"
"23_0_1_20170113133908465.jpg.chip.jpg","23","male","","","28.6","5.60"
"27_1_2_20170116165628229.jpg.chip.jpg","27","female","","","16.3","-10.70"
"21_1_2_20170105002530429.jpg.chip.jpg","21","female","","","9.1","-11.90"
"22_0_3_20170119150653870.jpg.chip.jpg","22","male","","","29.2","7.20"
"26_0_1_20170116201929711.jpg.chip.jpg","26","male","","","28.6","2.60"
"67_0_0_20170120223724366.jpg.chip.jpg","67","male","","","69.2","2.20"
"19_0_2_20170112003923755.jpg.chip.jpg","19","male","22.400745391845703","3.40","16.1","-2.90"
"7_1_0_20170109200858883.jpg.chip.jpg","7","female","6.130735874176025","-0.87","9.3","2.30"
"34_0_1_20170117141355339.jpg.chip.jpg","34","male","40.67958068847656","6.68","39.3","5.30"
"20_0_4_20170117203144623.jpg.chip.jpg","20","male","","","29.1","9.10"
"45_1_1_20170117140432386.jpg.chip.jpg","45","female","36.8373908996582","-8.16","34.4","-10.60"
"28_1_1_20170112204819027.jpg.chip.jpg","28","female","","","29.4","1.40"
"27_0_2_20170104192852607.jpg.chip.jpg","27","male","","","29.3","2.30"
"29_0_1_20170116011143078.jpg.chip.jpg","29","male","","","28.6","-0.40"
"35_0_1_20170117130104546.jpg.chip.jpg","35","male","","","29.2","-5.80"
"27_0_3_20170119193238122.jpg.chip.jpg","27","male","","","29.3","2.30"
"26_1_1_20170116234436659.jpg.chip.jpg","26","female","26.168764114379883","0.17","29.4","3.40"
"69_1_0_20170110141848983.jpg.chip.jpg","69","female","71.35082244873047","2.35","49.2","-19.80"
"25_0_0_20170116200810348.jpg.chip.jpg","25","male","","","29.2","4.20"
"30_0_0_20170113133232626.jpg.chip.jpg","30","male","22.431594848632812","-7.57","25.3","-4.70"
"56_0_1_20170111202009206.jpg.chip.jpg","56","male","","","68.9","12.90"
"3_1_0_20170109192003664.jpg.chip.jpg","3","female","","","",""
"52_0_0_20170117161015463.jpg.chip.jpg","52","male","","","68.9","16.90"
"3_1_2_20161219151933763.jpg.chip.jpg","3","female","","","29.2","26.20"
"80_1_0_20170110182107291.jpg.chip.jpg","80","female","75.06776428222656","-4.93","69.2","-10.80"
"26_1_2_20170116171202584.jpg.chip.jpg","26","female","","","16","-10.00"
"53_0_0_20170117163657978.jpg.chip.jpg","53","male","53.22686004638672","0.23","69.2","16.20"
"36_0_0_20170117183231302.jpg.chip.jpg","36","male","","","20.7","-15.30"
"23_1_0_20170116211903141.jpg.chip.jpg","23","female","","","29.2","6.20"
"30_1_3_20170104232156258.jpg.chip.jpg","30","female","","","29.3","-0.70"
"60_1_0_20170110141812183.jpg.chip.jpg","60","female","52.65480422973633","-7.35","39.2","-20.80"
"26_0_1_20170113154843417.jpg.chip.jpg","26","male","","","28.6","2.60"
"57_0_3_20170119181003564.jpg.chip.jpg","57","male","37.3783073425293","-19.62","29.2","-27.80"
"6_1_0_20170104005929399.jpg.chip.jpg","6","female","","","29.2","23.20"
"24_0_0_20170116220755400.jpg.chip.jpg","24","male","24.66604232788086","0.67","20.4","-3.60"
"53_0_2_20170116192934154.jpg.chip.jpg","53","male","58.230979919433594","5.23","69.1","16.10"
"34_0_0_20170104170338177.jpg.chip.jpg","34","male","","","28.8","-5.20"
"70_0_0_20170111200011745.jpg.chip.jpg","70","male","","","58.7","-11.30"
"22_0_2_20170104021348142.jpg.chip.jpg","22","male","21.444183349609375","-0.56","16.3","-5.70"
"1_0_3_20161220220529033.jpg.chip.jpg","1","male","2.355175256729126","1.36","",""
"16_0_0_20170110232113589.jpg.chip.jpg","16","male","","","16.7","0.70"
"52_0_2_20170116183811379.jpg.chip.jpg","52","male","","","69","17.00"
"1_1_4_20161221192832972.jpg.chip.jpg","1","female","1.7816613912582397","0.78","8.9","7.90"
"23_0_0_20170116221006990.jpg.chip.jpg","23","male","","","16.1","-6.90"
"17_0_3_20170104225736449.jpg.chip.jpg","17","male","21.42361068725586","4.42","29.3","12.30"
"28_0_0_20170105164905292.jpg.chip.jpg","28","male","","","29.4","1.40"
"58_0_0_20170120224606727.jpg.chip.jpg","58","male","","","57.5","-0.50"
"67_1_1_20170110125353438.jpg.chip.jpg","67","female","","","29.2","-37.80"
"10_1_0_20170109205141310.jpg.chip.jpg","10","female","","","9.1","-0.90"
"2_0_2_20161219222714623.jpg.chip.jpg","2","male","","","",""
"26_1_1_20170113012119680.jpg.chip.jpg","26","female","21.908113479614258","-4.09","23.6","-2.40"
"50_0_2_20170112220425641.jpg.chip.jpg","50","male","","","48.7","-1.30"
"25_1_3_20170119172149792.jpg.chip.jpg","25","female","24.563093185424805","-0.44","29.5","4.50"
"22_1_2_20170108224643996.jpg.chip.jpg","22","female","","","28.8","6.80"
"21_1_3_20170104231630017.jpg.chip.jpg","21","female","","","28.6","7.60"
"28_0_0_20170117120705693.jpg.chip.jpg","28","male","","","28.6","0.60"
"36_0_1_20170117135448300.jpg.chip.jpg","36","male","43.31344985961914","7.31","29.3","-6.70"
"39_0_0_20170109133418712.jpg.chip.jpg","39","male","","","29.3","-9.70"
"26_1_1_20170113001925675.jpg.chip.jpg","26","female","28.61103630065918","2.61","29.5","3.50"
"19_0_0_20170103201333351.jpg.chip.jpg","19","male","23.342853546142578","4.34","28.7","9.70"
"8_0_1_20170110215727788.jpg.chip.jpg","8","male","","","28.9","20.90"
"31_0_0_20170104165835728.jpg.chip.jpg","31","male","","","29.2","-1.80"
"35_0_4_20170117194507893.jpg.chip.jpg","35","male","46.608055114746094","11.61","38.7","3.70"
"68_0_3_20170113185529025.jpg.chip.jpg","68","male","","","69.1","1.10"
"68_1_0_20170113210319664.jpg.chip.jpg","68","female","","","29.3","-38.70"
"30_0_2_20170116180745378.jpg.chip.jpg","30","male","","","38.8","8.80"
"35_0_1_20170117184758222.jpg.chip.jpg","35","male","","","28.6","-6.40"
"32_0_4_20170104172421138.jpg.chip.jpg","32","male","","","39.2","7.20"
"15_0_0_20170110232655904.jpg.chip.jpg","15","male","13.848381042480469","-1.15","28.7","13.70"
"21_0_4_20161223214823880.jpg.chip.jpg","21","male","","","28.5","7.50"
"25_1_0_20170117141803697.jpg.chip.jpg","25","female","23.41835594177246","-1.58","23.8","-1.20"
"51_0_1_20170111200729699.jpg.chip.jpg","51","male","","","43.6","-7.40"
"26_1_3_20170109133424931.jpg.chip.jpg","26","female","","","29.2","3.20"
"26_1_1_20170112204005344.jpg.chip.jpg","26","female","24.06273078918457","-1.94","28.5","2.50"
"62_0_2_20170112220447152.jpg.chip.jpg","62","male","68.60391998291016","6.60","69.2","7.20"
"20_1_1_20170116214348718.jpg.chip.jpg","20","female","","","28.7","8.70"
"23_1_0_20170116221851470.jpg.chip.jpg","23","female","","","29.4","6.40"
"74_0_0_20170111223743652.jpg.chip.jpg","74","male","69.91026306152344","-4.09","59.3","-14.70"
"56_1_3_20170109142228705.jpg.chip.jpg","56","female","53.216922760009766","-2.78","39","-17.00"
"8_0_2_20161219193545195.jpg.chip.jpg","8","male","","","",""
"31_1_1_20170112235234538.jpg.chip.jpg","31","female","","","29.2","-1.80"
"54_1_0_20170103183742275.jpg.chip.jpg","54","female","","","68.9","14.90"
"26_1_3_20170119180229629.jpg.chip.jpg","26","female","","","29.2","3.20"
"63_0_2_20170112224418403.jpg.chip.jpg","63","male","","","38.7","-24.30"
"24_1_3_20170117150320420.jpg.chip.jpg","24","female","24.109092712402344","0.11","23.5","-0.50"
"66_0_3_20170104213153549.jpg.chip.jpg","66","male","65.17744445800781","-0.82","39.1","-26.90"
"34_1_1_20170112234456968.jpg.chip.jpg","34","female","","","28.7","-5.30"
"48_0_0_20170105163527867.jpg.chip.jpg","48","male","","","39.3","-8.70"
"25_1_3_20170119171925976.jpg.chip.jpg","25","female","24.909212112426758","-0.09","29.1","4.10"
"32_0_0_20170104202239802.jpg.chip.jpg","32","male","","","39.4","7.40"
"34_0_0_20170117182728950.jpg.chip.jpg","34","male","","","28.7","-5.30"
"40_1_0_20170120133632861.jpg.chip.jpg","40","female","34.979984283447266","-5.02","30.6","-9.40"
"57_0_0_20170111203811339.jpg.chip.jpg","57","male","","","58.5","1.50"
"26_1_3_20170117174443279.jpg.chip.jpg","26","female","","","29.2","3.20"
"29_0_1_20170104172519610.jpg.chip.jpg","29","male","","","28.5","-0.50"
"48_1_3_20170104220351694.jpg.chip.jpg","48","female","36.03133010864258","-11.97","29.3","-18.70"
"26_1_4_20170117174527047.jpg.chip.jpg","26","female","","","29.4","3.40"
"26_1_1_20170112210842781.jpg.chip.jpg","26","female","23.023998260498047","-2.98","28.6","2.60"
"8_1_2_20170109203442372.jpg.chip.jpg","8","female","","","9.1","1.10"
"31_0_2_20170116170847276.jpg.chip.jpg","31","male","","","28.5","-2.50"
"23_1_2_20170116173105161.jpg.chip.jpg","23","female","","","16.3","-6.70"
"80_1_1_20170116153903211.jpg.chip.jpg","80","female","","","29.3","-50.70"
"23_1_3_20170119164557957.jpg.chip.jpg","23","female","","","29.3","6.30"
"24_0_1_20170117194551093.jpg.chip.jpg","24","male","","","29.4","5.40"
"54_0_0_20170117170958924.jpg.chip.jpg","54","male","","","29.3","-24.70"
"19_1_0_20170109213228173.jpg.chip.jpg","19","female","","","28.6","9.60"
"56_0_3_20170119195816363.jpg.chip.jpg","56","male","47.99873733520508","-8.00","29.4","-26.60"
"36_0_3_20170119201708181.jpg.chip.jpg","36","male","","","28.7","-7.30"
"25_0_3_20170119171224184.jpg.chip.jpg","25","male","24.91219711303711","-0.09","28.7","3.70"
"55_0_3_20170119201401100.jpg.chip.jpg","55","male","","","28.8","-26.20"
"61_0_1_20170117194623461.jpg.chip.jpg","61","male","64.6798324584961","3.68","49.2","-11.80"
"42_0_0_20170113182201676.jpg.chip.jpg","42","male","","","28.7","-13.30"
"26_0_1_20170117200408766.jpg.chip.jpg","26","male","","","28.5","2.50"
"3_1_2_20161219160814805.jpg.chip.jpg","3","female","","","",""
"26_0_2_20170116180011320.jpg.chip.jpg","26","male","","","16.3","-9.70"
"80_1_1_20170120222433936.jpg.chip.jpg","80","female","","","38.8","-41.20"
"88_1_0_20170120230153314.jpg.chip.jpg","88","female","","","68.6","-19.40"
"96_1_2_20170110182526540.jpg.chip.jpg","96","female","87.26940155029297","-8.73","69.1","-26.90"
"62_0_0_20170117154834952.jpg.chip.jpg","62","male","64.80062866210938","2.80","49.2","-12.80"
"31_1_1_20170116024050198.jpg.chip.jpg","31","female","","","29.5","-1.50"
"35_0_1_20170117173329389.jpg.chip.jpg","35","male","37.920230865478516","2.92","23.8","-11.20"
"40_0_0_20170117185236098.jpg.chip.jpg","40","male","","","38.7","-1.30"
"60_1_0_20170110141826799.jpg.chip.jpg","60","female","51.62433624267578","-8.38","31.4","-28.60"
"3_1_4_20161221192908158.jpg.chip.jpg","3","female","4.258058071136475","1.26","9.2","6.20"
"85_1_0_20170110183131183.jpg.chip.jpg","85","female","74.11991119384766","-10.88","68.7","-16.30"
"57_0_0_20170104184213430.jpg.chip.jpg","57","male","","","29.1","-27.90"
"26_0_2_20170116181346232.jpg.chip.jpg","26","male","","","29.2","3.20"
"38_1_0_20170104192820567.jpg.chip.jpg","38","female","43.37417984008789","5.37","29.4","-8.60"
"34_0_0_20170116232429422.jpg.chip.jpg","34","male","","","39.3","5.30"
"21_0_4_20161223214805057.jpg.chip.jpg","21","male","40.69924545288086","19.70","38.4","17.40"
"9_0_0_20170110220623658.jpg.chip.jpg","9","male","7.232548713684082","-1.77","9.2","0.20"
"83_0_0_20170120225615281.jpg.chip.jpg","83","male","69.99846649169922","-13.00","69.2","-13.80"
"53_0_3_20170119205827904.jpg.chip.jpg","53","male","","","38.9","-14.10"
"40_0_0_20170116232730548.jpg.chip.jpg","40","male","","","29.2","-10.80"
"1_0_2_20161219155400229.jpg.chip.jpg","1","male","0.7250994443893433","-0.27","",""
"4_0_2_20161219194145563.jpg.chip.jpg","4","male","","","16.2","12.20"
"30_0_2_20170116163507732.jpg.chip.jpg","30","male","22.915224075317383","-7.08","28.6","-1.40"
"24_0_1_20170117145832554.jpg.chip.jpg","24","male","23.033206939697266","-0.97","23.4","-0.60"
"72_1_0_20170110122329893.jpg.chip.jpg","72","female","","","29.4","-42.60"
"49_1_0_20170109220434368.jpg.chip.jpg","49","female","","","36.5","-12.50"
"28_0_1_20170113133943577.jpg.chip.jpg","28","male","22.38178062438965","-5.62","23.9","-4.10"
"35_0_0_20170119200925684.jpg.chip.jpg","35","male","","","39.3","4.30"
"31_0_1_20170113182315918.jpg.chip.jpg","31","male","","","29.2","-1.80"
"56_0_1_20170113173811475.jpg.chip.jpg","56","male","","","34.5","-21.50"
"25_1_1_20170116001414790.jpg.chip.jpg","25","female","","","33.6","8.60"
"24_0_1_20170117010800698.jpg.chip.jpg","24","male","25.03388214111328","1.03","28.6","4.60"
"7_1_1_20170113000913057.jpg.chip.jpg","7","female","","","29.2","22.20"
"1_0_2_20170110213523297.jpg.chip.jpg","1","male","","","",""
"60_1_0_20170110122430900.jpg.chip.jpg","60","female","58.68165969848633","-1.32","29.1","-30.90"
"34_0_3_20170117134903926.jpg.chip.jpg","34","male","","","28.7","-5.30"
"24_1_3_20170117150733821.jpg.chip.jpg","24","female","22.293684005737305","-1.71","28.7","4.70"
"30_1_0_20170117171606522.jpg.chip.jpg","30","female","","","29.3","-0.70"
"12_1_3_20170117152932909.jpg.chip.jpg","12","female","","","29.1","17.10"
"30_1_0_20170117143933875.jpg.chip.jpg","30","female","29.86595916748047","-0.13","23.6","-6.40"
"12_1_3_20170104223448631.jpg.chip.jpg","12","female","","","8.8","-3.20"
"12_1_0_20170109214435512.jpg.chip.jpg","12","female","12.774771690368652","0.77","23.7","11.70"
"28_0_1_20170113151637766.jpg.chip.jpg","28","male","","","28.9","0.90"
"36_0_0_20170113210318892.jpg.chip.jpg","36","male","","","33.7","-2.30"
"26_1_2_20170116180131010.jpg.chip.jpg","26","female","","","16.2","-9.80"
"26_1_1_20170116231033348.jpg.chip.jpg","26","female","","","29.4","3.40"
"39_1_1_20170112235246130.jpg.chip.jpg","39","female","","","29.3","-9.70"
"56_0_3_20170104232205049.jpg.chip.jpg","56","male","51.610713958740234","-4.39","39.2","-16.80"
"1_0_4_20161221195129503.jpg.chip.jpg","1","male","","","",""
"18_0_1_20170113175555906.jpg.chip.jpg","18","male","","","28.7","10.70"
"26_1_1_20170116234800903.jpg.chip.jpg","26","female","","","29.3","3.30"
"8_1_0_20170109205022859.jpg.chip.jpg","8","female","7.253519535064697","-0.75","4.2","-3.80"
"24_1_3_20170104223156607.jpg.chip.jpg","24","female","","","29.5","5.50"
"25_0_3_20170119171743041.jpg.chip.jpg","25","male","","","29","4.00"
"29_1_0_20170120133642078.jpg.chip.jpg","29","female","24.187395095825195","-4.81","29.5","0.50"
"27_0_0_20170116220641348.jpg.chip.jpg","27","male","","","28.6","1.60"
"45_0_0_20170120222004116.jpg.chip.jpg","45","male","","","34.4","-10.60"
"8_0_3_20170104225230063.jpg.chip.jpg","8","male","","","9.5","1.50"
"29_0_0_20170117120426927.jpg.chip.jpg","29","male","","","28.6","-0.40"
"85_0_0_20170111210414353.jpg.chip.jpg","85","male","","","29.2","-55.80"
"3_1_0_20170103213301485.jpg.chip.jpg","3","female","","","",""
"57_0_0_20170111201356375.jpg.chip.jpg","57","male","","","44.5","-12.50"
"1_0_2_20161219153318900.jpg.chip.jpg","1","male","","","",""
"26_0_3_20170119180750411.jpg.chip.jpg","26","male","","","29.1","3.10"
"36_0_0_20170117162925765.jpg.chip.jpg","36","male","31.573474884033203","-4.43","28.6","-7.40"
"18_1_4_20161221195815432.jpg.chip.jpg","18","female","","","28.6","10.60"
"1_1_0_20170109193830378.jpg.chip.jpg","1","female","0.8677536249160767","-0.13","",""
"32_0_0_20170113210127524.jpg.chip.jpg","32","male","","","38.6","6.60"
"1_1_2_20161219195318220.jpg.chip.jpg","1","female","","","",""
"25_0_0_20170113210319573.jpg.chip.jpg","25","male","","","29.3","4.30"
"2_0_2_20161219212235749.jpg.chip.jpg","2","male","1.6659528017044067","-0.33","",""
"70_0_0_20170117175004342.jpg.chip.jpg","70","male","66.4489974975586","-3.55","29.2","-40.80"
"61_1_3_20170105001450436.jpg.chip.jpg","61","female","","","29.2","-31.80"
"54_1_0_20170110141340224.jpg.chip.jpg","54","female","51.07989501953125","-2.92","30.6","-23.40"
"41_1_0_20170109010103671.jpg.chip.jpg","41","female","","","29","-12.00"
"20_1_0_20170117192932485.jpg.chip.jpg","20","female","","","22.3","2.30"
"36_1_3_20170109141816261.jpg.chip.jpg","36","female","","","29.1","-6.90"
"26_1_1_20170116232325361.jpg.chip.jpg","26","female","","","28.8","2.80"
"30_0_0_20170117141919242.jpg.chip.jpg","30","male","27.4744815826416","-2.53","34.6","4.60"
"43_0_4_20170117204014422.jpg.chip.jpg","43","male","48.0775146484375","5.08","34.7","-8.30"
"29_1_3_20170104232346298.jpg.chip.jpg","29","female","","","29","0.00"
"24_1_2_20170116170015633.jpg.chip.jpg","24","female","","","28.5","4.50"
"45_0_4_20170117203306895.jpg.chip.jpg","45","male","","","39.4","-5.60"
"30_0_0_20170117181235740.jpg.chip.jpg","30","male","48.828102111816406","18.83","38.6","8.60"
"59_1_1_20170113000626569.jpg.chip.jpg","59","female","","","28.8","-30.20"
"4_0_3_20161220220742914.jpg.chip.jpg","4","male","","","9.3","5.30"
"22_1_3_20170119163029565.jpg.chip.jpg","22","female","","","29.1","7.10"
"31_0_0_20170116191348943.jpg.chip.jpg","31","male","","","38.7","7.70"
"15_1_0_20170109204203014.jpg.chip.jpg","15","female","9.428716659545898","-5.57","23.4","8.40"
"11_0_0_20170104012556563.jpg.chip.jpg","11","male","","","8.9","-2.10"
"32_0_1_20170117182406861.jpg.chip.jpg","32","male","","","33.6","1.60"
"26_1_2_20170116180722613.jpg.chip.jpg","26","female","","","29.5","3.50"
"34_0_3_20170119181337573.jpg.chip.jpg","34","male","","","33.6","-0.40"
"67_0_3_20170119212010042.jpg.chip.jpg","67","male","","","29.3","-37.70"
"26_0_1_20170116205224008.jpg.chip.jpg","26","male","","","29.3","3.30"
"26_0_0_20170120134052839.jpg.chip.jpg","26","male","","","28.5","2.50"
"49_1_1_20170113173337426.jpg.chip.jpg","49","female","","","29","-20.00"
"5_0_2_20161219192249187.jpg.chip.jpg","5","male","5.1621599197387695","0.16","9.1","4.10"
"28_1_1_20170117180712098.jpg.chip.jpg","28","female","","","29.5","1.50"
"2_1_4_20170103212103556.jpg.chip.jpg","2","female","","","",""
"90_1_1_20170120220828835.jpg.chip.jpg","90","female","72.46302795410156","-17.54","68.8","-21.20"
"2_0_2_20161219212403166.jpg.chip.jpg","2","male","1.8463077545166016","-0.15","",""
"65_0_1_20170120224015174.jpg.chip.jpg","65","male","","","58.5","-6.50"
"28_0_0_20170117180609562.jpg.chip.jpg","28","male","36.0472526550293","8.05","29.4","1.40"
"27_0_3_20170119193230738.jpg.chip.jpg","27","male","33.89143753051758","6.89","34.5","7.50"
"35_0_0_20170113210127529.jpg.chip.jpg","35","male","40.8129997253418","5.81","34.4","-0.60"
"25_1_3_20170119172140785.jpg.chip.jpg","25","female","","","29.5","4.50"
"9_0_0_20170110224610119.jpg.chip.jpg","9","male","8.65518856048584","-0.34","9.4","0.40"
"16_1_0_20170109214402325.jpg.chip.jpg","16","female","18.254356384277344","2.25","28.7","12.70"
"28_0_0_20170119155105218.jpg.chip.jpg","28","male","22.380956649780273","-5.62","20.6","-7.40"
"26_0_1_20170113151659634.jpg.chip.jpg","26","male","22.79594612121582","-3.20","23.8","-2.20"
"53_0_3_20170119205751190.jpg.chip.jpg","53","male","","","48.6","-4.40"
"1_0_0_20170103210905939.jpg.chip.jpg","1","male","1.6501537561416626","0.65","",""
"72_1_0_20170110183342670.jpg.chip.jpg","72","female","74.20426177978516","2.20","39.1","-32.90"
"26_0_0_20170104201228553.jpg.chip.jpg","26","male","","","28.8","2.80"
"66_0_0_20170120221744629.jpg.chip.jpg","66","male","","","39.1","-26.90"
"76_0_0_20170111221823004.jpg.chip.jpg","76","male","69.28181457519531","-6.72","69.3","-6.70"
"28_0_2_20170119180256157.jpg.chip.jpg","28","male","","","38.5","10.50"
"30_1_2_20170105002521620.jpg.chip.jpg","30","female","29.22907829284668","-0.77","28.6","-1.40"
"4_1_2_20161219142735921.jpg.chip.jpg","4","female","1.2549883127212524","-2.75","",""
"34_0_0_20170104170055225.jpg.chip.jpg","34","male","39.90736389160156","5.91","39.4","5.40"
"1_1_2_20161219203303165.jpg.chip.jpg","1","female","0.8449726700782776","-0.16","",""
"36_1_0_20170103182523314.jpg.chip.jpg","36","female","46.99016571044922","10.99","39.2","3.20"
"40_0_0_20170120220807313.jpg.chip.jpg","40","male","42.192474365234375","2.19","39.3","-0.70"
"50_1_0_20170110151434231.jpg.chip.jpg","50","female","46.44118118286133","-3.56","38.7","-11.30"
"26_0_0_20170117172431020.jpg.chip.jpg","26","male","","","28.6","2.60"
"26_1_3_20170116233617579.jpg.chip.jpg","26","female","","","29.3","3.30"
"24_0_2_20170112192345078.jpg.chip.jpg","24","male","23.03466796875","-0.97","28.7","4.70"
"15_0_0_20170110232721987.jpg.chip.jpg","15","male","","","9.7","-5.30"
"26_1_1_20170116232329337.jpg.chip.jpg","26","female","","","29.3","3.30"
"40_0_4_20170117203834424.jpg.chip.jpg","40","male","45.31974411010742","5.32","35.7","-4.30"
"30_1_1_20170113012657328.jpg.chip.jpg","30","female","","","29.3","-0.70"
"27_1_1_20170117010009030.jpg.chip.jpg","27","female","26.52941131591797","-0.47","29.6","2.60"
"53_1_1_20170112215257791.jpg.chip.jpg","53","female","54.20420455932617","1.20","29.2","-23.80"
"40_1_1_20170113001043722.jpg.chip.jpg","40","female","41.16533660888672","1.17","28.9","-11.10"
"40_0_0_20170116221022897.jpg.chip.jpg","40","male","","","29.3","-10.70"
"63_0_0_20170109011137735.jpg.chip.jpg","63","male","","","29.2","-33.80"
"63_1_0_20170110160643860.jpg.chip.jpg","63","female","55.642635345458984","-7.36","39.3","-23.70"
"21_1_0_20170103180123239.jpg.chip.jpg","21","female","","","23.5","2.50"
"29_1_1_20170116222451557.jpg.chip.jpg","29","female","27.788808822631836","-1.21","29.2","0.20"
"25_0_1_20170116002835308.jpg.chip.jpg","25","male","27.074220657348633","2.07","24","-1.00"
"67_0_0_20170111171747651.jpg.chip.jpg","67","male","","","48.7","-18.30"
"24_1_1_20170113011408288.jpg.chip.jpg","24","female","","","22.3","-1.70"
"30_0_0_20170116223816127.jpg.chip.jpg","30","male","","","38.6","8.60"
"45_1_1_20170116003204136.jpg.chip.jpg","45","female","25.471872329711914","-19.53","29.5","-15.50"
"70_0_3_20170117173325952.jpg.chip.jpg","70","male","62.6345100402832","-7.37","69.1","-0.90"
"9_0_1_20170117195501575.jpg.chip.jpg","9","male","","","28.7","19.70"
"29_0_0_20170116192103987.jpg.chip.jpg","29","male","","","28.6","-0.40"
"32_1_1_20170112224739469.jpg.chip.jpg","32","female","","","28.7","-3.30"
"8_1_0_20170109204450889.jpg.chip.jpg","8","female","","","8.9","0.90"
"26_1_2_20170116161826427.jpg.chip.jpg","26","female","24.24751091003418","-1.75","29.5","3.50"
"16_0_0_20170110232817061.jpg.chip.jpg","16","male","","","28.7","12.70"
"23_1_1_20170112203929794.jpg.chip.jpg","23","female","19.74422264099121","-3.26","16.5","-6.50"
"29_1_1_20170112204807283.jpg.chip.jpg","29","female","","","28.9","-0.10"
"28_0_1_20170117020416787.jpg.chip.jpg","28","male","","","29.4","1.40"
"23_1_2_20170116173036181.jpg.chip.jpg","23","female","20.58708381652832","-2.41","16.1","-6.90"
"56_1_3_20170104235453123.jpg.chip.jpg","56","female","","","29","-27.00"
"2_1_2_20161219160809142.jpg.chip.jpg","2","female","1.1658928394317627","-0.83","",""
"2_0_2_20161219221701671.jpg.chip.jpg","2","male","","","",""
"110_1_0_20170120134701015.jpg.chip.jpg","110","female","77.294921875","-32.71","69.1","-40.90"
"1_0_2_20161219155744942.jpg.chip.jpg","1","male","","","",""
"24_0_2_20170116172808749.jpg.chip.jpg","24","male","","","16.2","-7.80"
"22_1_4_20161221195925096.jpg.chip.jpg","22","female","","","29.6","7.60"
"20_0_4_20170117193424333.jpg.chip.jpg","20","male","22.757366180419922","2.76","16.2","-3.80"
"56_1_1_20170110153706986.jpg.chip.jpg","56","female","","","29.2","-26.80"
"22_1_2_20170104020216916.jpg.chip.jpg","22","female","","","16.1","-5.90"
"39_0_1_20170113135606217.jpg.chip.jpg","39","male","","","39.4","0.40"
"4_1_3_20161220223310227.jpg.chip.jpg","4","female","5.587387561798096","1.59","9.2","5.20"
"34_0_0_20170104181316780.jpg.chip.jpg","34","male","","","35.5","1.50"
"23_0_3_20170119163804981.jpg.chip.jpg","23","male","","","28.6","5.60"
"42_0_1_20170113190550529.jpg.chip.jpg","42","male","","","39.3","-2.70"
"26_1_0_20170117091649819.jpg.chip.jpg","26","female","","","16","-10.00"
"40_0_0_20170117181229922.jpg.chip.jpg","40","male","","","38.7","-1.30"
"50_0_0_20170117001207711.jpg.chip.jpg","50","male","","","39","-11.00"
"20_0_0_20170116205352042.jpg.chip.jpg","20","male","","","28.7","8.70"
"24_0_1_20170117194748068.jpg.chip.jpg","24","male","25.817020416259766","1.82","28.5","4.50"
"55_0_3_20170119171728191.jpg.chip.jpg","55","male","","","38.6","-16.40"
"42_1_0_20170117204000071.jpg.chip.jpg","42","female","49.60991287231445","7.61","38.7","-3.30"
"37_0_1_20170117134417970.jpg.chip.jpg","37","male","","","29.2","-7.80"
"3_1_2_20161219160308941.jpg.chip.jpg","3","female","","","8.9","5.90"
"6_1_0_20170109204539812.jpg.chip.jpg","6","female","3.823030948638916","-2.18","8.4","2.40"
"18_0_3_20170117135605224.jpg.chip.jpg","18","male","23.084444046020508","5.08","23.5","5.50"
"42_0_0_20170109012239137.jpg.chip.jpg","42","male","","","29.2","-12.80"
"28_1_2_20170116164759142.jpg.chip.jpg","28","female","","","16.1","-11.90"
"21_1_0_20170117142612442.jpg.chip.jpg","21","female","27.7679386138916","6.77","28.7","7.70"
"51_0_3_20170119205626592.jpg.chip.jpg","51","male","","","38.8","-12.20"
"23_1_0_20170117144812555.jpg.chip.jpg","23","female","","","29.4","6.40"
"1_1_3_20161219225050632.jpg.chip.jpg","1","female","","","",""
"77_0_2_20170112224640564.jpg.chip.jpg","77","male","80.53035736083984","3.53","",""
"2_1_0_20170109193728905.jpg.chip.jpg","2","female","1.8288789987564087","-0.17","",""
"1_0_4_20170103210731970.jpg.chip.jpg","1","male","","","",""
"1_0_4_20170103202334544.jpg.chip.jpg","1","male","","","",""
"25_0_0_20170117141324807.jpg.chip.jpg","25","male","","","29.4","4.40"
"2_0_0_20170109191008066.jpg.chip.jpg","2","male","0.9958943724632263","-1.00","4","2.00"
"58_0_3_20170112205528628.jpg.chip.jpg","58","male","","","29.2","-28.80"
"24_1_0_20170117150312410.jpg.chip.jpg","24","female","","","28.5","4.50"
"28_0_1_20170116214405900.jpg.chip.jpg","28","male","20.279794692993164","-7.72","28.5","0.50"
"6_1_1_20170114024747282.jpg.chip.jpg","6","female","","","28.7","22.70"
"50_0_1_20170113173649243.jpg.chip.jpg","50","male","33.14303970336914","-16.86","34.5","-15.50"
"65_0_0_20170117162857355.jpg.chip.jpg","65","male","60.80949020385742","-4.19","68.8","3.80"
"68_0_1_20170111195820243.jpg.chip.jpg","68","male","68.57566833496094","0.58","48.4","-19.60"
"26_0_0_20170117153343071.jpg.chip.jpg","26","male","24.95469856262207","-1.05","28.7","2.70"
"47_0_0_20170105173121444.jpg.chip.jpg","47","male","","","38.8","-8.20"
"34_0_0_20170105183623375.jpg.chip.jpg","34","male","","","39.3","5.30"
"50_1_0_20170120221635036.jpg.chip.jpg","50","female","","","29.3","-20.70"
"27_0_0_20170105164547923.jpg.chip.jpg","27","male","","","28.6","1.60"
"15_0_0_20170110224250144.jpg.chip.jpg","15","male","","","20.4","5.40"
"90_0_2_20170110183643228.jpg.chip.jpg","90","male","","","34.3","-55.70"
"2_0_0_20170110225322822.jpg.chip.jpg","2","male","1.4625400304794312","-0.54","",""
"28_1_3_20170119195000849.jpg.chip.jpg","28","female","","","28.6","0.60"
"28_1_3_20170119195058029.jpg.chip.jpg","28","female","22.958377838134766","-5.04","29.5","1.50"
"76_1_0_20170110160644096.jpg.chip.jpg","76","female","58.280277252197266","-17.72","29.2","-46.80"
"29_0_3_20170119195240374.jpg.chip.jpg","29","male","32.13302230834961","3.13","39.3","10.30"
"15_0_0_20170110232610061.jpg.chip.jpg","15","male","14.828239440917969","-0.17","28.7","13.70"
"30_1_1_20170112193112574.jpg.chip.jpg","30","female","","","28.6","-1.40"
"1_0_4_20170103205312818.jpg.chip.jpg","1","male","","","",""
"26_1_3_20170117154410734.jpg.chip.jpg","26","female","","","28.5","2.50"
"50_0_1_20170117181702370.jpg.chip.jpg","50","male","","","38.7","-11.30"
"35_0_0_20170116214606934.jpg.chip.jpg","35","male","","","28.9","-6.10"
"32_1_1_20170113011927992.jpg.chip.jpg","32","female","","","29.5","-2.50"
"54_0_0_20170117190358866.jpg.chip.jpg","54","male","","","48.6","-5.40"
"35_0_1_20170117091619928.jpg.chip.jpg","35","male","","","29","-6.00"
"37_1_0_20170105170228540.jpg.chip.jpg","37","female","","","38.6","1.60"
"54_0_3_20170119210124368.jpg.chip.jpg","54","male","57.137046813964844","3.14","39.1","-14.90"
"25_1_0_20170117191541627.jpg.chip.jpg","25","female","","","29.5","4.50"
"36_1_1_20170117170752063.jpg.chip.jpg","36","female","","","29.3","-6.70"
"32_1_2_20170116184058376.jpg.chip.jpg","32","female","","","29.2","-2.80"
"22_1_1_20170113010336430.jpg.chip.jpg","22","female","","","28.7","6.70"
"22_1_3_20170119163750525.jpg.chip.jpg","22","female","25.35487937927246","3.35","29.5","7.50"
"53_1_0_20170110131645457.jpg.chip.jpg","53","female","","","29.2","-23.80"
"4_1_0_20170109192828745.jpg.chip.jpg","4","female","6.9234137535095215","2.92","8.6","4.60"
"1_1_3_20161220220219634.jpg.chip.jpg","1","female","1.0267503261566162","0.03","",""
"32_0_2_20170116191425413.jpg.chip.jpg","32","male","","","29.1","-2.90"
"90_1_0_20170110182426286.jpg.chip.jpg","90","female","93.92825317382812","3.93","69.3","-20.70"
"2_1_2_20161219200522795.jpg.chip.jpg","2","female","","","",""
"61_0_2_20170116191832323.jpg.chip.jpg","61","male","","","69.1","8.10"
"30_0_2_20170116173700119.jpg.chip.jpg","30","male","","","39.1","9.10"
"55_0_0_20170104212840141.jpg.chip.jpg","55","male","","","38.8","-16.20"
"4_1_4_20170109191636106.jpg.chip.jpg","4","female","5.501294136047363","1.50","4","0.00"
"43_0_1_20170117175110498.jpg.chip.jpg","43","male","58.82847595214844","15.83","48.7","5.70"
"32_1_0_20170103180822745.jpg.chip.jpg","32","female","","","38.6","6.60"
"21_1_2_20170116171016270.jpg.chip.jpg","21","female","","","16.3","-4.70"
"25_1_0_20170116002134414.jpg.chip.jpg","25","female","","","28.8","3.80"
"27_1_2_20170116172501420.jpg.chip.jpg","27","female","","","29.5","2.50"
"78_0_0_20170111223343146.jpg.chip.jpg","78","male","88.12672424316406","10.13","69.2","-8.80"
"24_1_4_20170117150624909.jpg.chip.jpg","24","female","23.29338264465332","-0.71","29.4","5.40"
"23_0_3_20170119164313321.jpg.chip.jpg","23","male","23.05119514465332","0.05","28.6","5.60"
"70_0_0_20170117172631161.jpg.chip.jpg","70","male","","","68.9","-1.10"
"26_1_2_20170116184249790.jpg.chip.jpg","26","female","","","29.2","3.20"
"23_1_1_20170114033443186.jpg.chip.jpg","23","female","20.44991683959961","-2.55","28.5","5.50"
"27_1_2_20170116163607756.jpg.chip.jpg","27","female","","","29.3","2.30"
"25_1_0_20170117204147750.jpg.chip.jpg","25","female","21.834060668945312","-3.17","23.8","-1.20"
"64_1_0_20170110131701333.jpg.chip.jpg","64","female","","","29.2","-34.80"
"15_1_4_20170103201445071.jpg.chip.jpg","15","female","","","28.7","13.70"
"12_1_0_20170109203536309.jpg.chip.jpg","12","female","8.810588836669922","-3.19","28.7","16.70"
"26_0_0_20170116204056556.jpg.chip.jpg","26","male","","","16.6","-9.40"
"40_1_2_20170116191703413.jpg.chip.jpg","40","female","","","29.3","-10.70"
"1_0_0_20170109194232519.jpg.chip.jpg","1","male","1.2147886753082275","0.21","",""
"18_1_2_20170105183417710.jpg.chip.jpg","18","female","19.23146629333496","1.23","29","11.00"
"85_1_0_20170110183728036.jpg.chip.jpg","85","female","84.54212188720703","-0.46","69.1","-15.90"
"92_1_0_20170110183055235.jpg.chip.jpg","92","female","95.81381225585938","3.81","29.3","-62.70"
"22_1_0_20170116220646631.jpg.chip.jpg","22","female","","","29.3","7.30"
"47_0_3_20170119202123349.jpg.chip.jpg","47","male","44.154727935791016","-2.85","38.7","-8.30"
"37_0_1_20170116030128110.jpg.chip.jpg","37","male","","","38.7","1.70"
"26_0_0_20170117091143436.jpg.chip.jpg","26","male","24.231170654296875","-1.77","28.9","2.90"
"29_1_0_20170104235458939.jpg.chip.jpg","29","female","","","28.5","-0.50"
"26_0_2_20170116175955916.jpg.chip.jpg","26","male","","","28.8","2.80"
"47_0_3_20170119205155167.jpg.chip.jpg","47","male","48.3970832824707","1.40","38.8","-8.20"
"1_0_2_20161219151123435.jpg.chip.jpg","1","male","","","",""
"39_0_3_20170119203837351.jpg.chip.jpg","39","male","","","28.6","-10.40"
"26_0_1_20170113134332736.jpg.chip.jpg","26","male","","","29.3","3.30"
"30_1_2_20170116191207397.jpg.chip.jpg","30","female","","","29.6","-0.40"
"1_0_2_20161219204634589.jpg.chip.jpg","1","male","","","",""
"52_1_0_20170110152849848.jpg.chip.jpg","52","female","39.40774917602539","-12.59","29.3","-22.70"
"64_0_0_20170120224704201.jpg.chip.jpg","64","male","","","69.2","5.20"
"90_0_0_20170111205428761.jpg.chip.jpg","90","male","41.91279983520508","-48.09","29.2","-60.80"
"25_0_0_20170117143546538.jpg.chip.jpg","25","male","26.825246810913086","1.83","28.3","3.30"
"12_1_3_20170117154644725.jpg.chip.jpg","12","female","","","9","-3.00"
"35_0_0_20170117175724098.jpg.chip.jpg","35","male","","","38.5","3.50"
"53_0_0_20170109012725288.jpg.chip.jpg","53","male","","","39","-14.00"
"35_0_1_20170117143145454.jpg.chip.jpg","35","male","34.97433853149414","-0.03","34.4","-0.60"
"31_0_0_20170117172435086.jpg.chip.jpg","31","male","","","28.6","-2.40"
"85_0_2_20170111211021687.jpg.chip.jpg","85","male","","","58.6","-26.40"
"78_0_0_20170111171747679.jpg.chip.jpg","78","male","","","58.5","-19.50"
"24_0_2_20170116164209154.jpg.chip.jpg","24","male","","","16.1","-7.90"
"35_0_2_20170117175222858.jpg.chip.jpg","35","male","","","28.6","-6.40"
"61_0_0_20170117174635328.jpg.chip.jpg","61","male","","","38.6","-22.40"
"32_1_0_20170116220919526.jpg.chip.jpg","32","female","","","29.4","-2.60"
"16_1_0_20170109212413425.jpg.chip.jpg","16","female","24.197917938232422","8.20","28.6","12.60"
"89_1_1_20170117014047653.jpg.chip.jpg","89","female","","","69.1","-19.90"
"8_1_0_20170109205256828.jpg.chip.jpg","8","female","7.987561225891113","-0.01","9.3","1.30"
"38_1_2_20170109002952813.jpg.chip.jpg","38","female","","","29.1","-8.90"
"35_0_4_20170104011337576.jpg.chip.jpg","35","male","","","39.2","4.20"
"24_1_0_20170116222843605.jpg.chip.jpg","24","female","29.7305965423584","5.73","30.5","6.50"
"65_0_1_20170111181750510.jpg.chip.jpg","65","male","","","48.7","-16.30"
"27_1_1_20170117005946474.jpg.chip.jpg","27","female","","","28.7","1.70"
"28_0_1_20170113141527026.jpg.chip.jpg","28","male","27.146995544433594","-0.85","28.4","0.40"
"32_0_1_20170113135737704.jpg.chip.jpg","32","male","","","29.4","-2.60"
"26_0_3_20170119184132638.jpg.chip.jpg","26","male","","","34.4","8.40"
"26_1_1_20170116154716047.jpg.chip.jpg","26","female","","","29.3","3.30"
"65_0_2_20170119205814303.jpg.chip.jpg","65","male","59.94049072265625","-5.06","69.1","4.10"
"21_1_3_20170119150704613.jpg.chip.jpg","21","female","","","16.1","-4.90"
"1_1_2_20161219140638264.jpg.chip.jpg","1","female","","","",""
"10_0_0_20170110220541850.jpg.chip.jpg","10","male","12.875143051147461","2.88","29.5","19.50"
"24_0_3_20170119165805454.jpg.chip.jpg","24","male","27.430381774902344","3.43","38.7","14.70"
"50_0_3_20170113184235991.jpg.chip.jpg","50","male","","","39.3","-10.70"
"3_1_0_20170109194634188.jpg.chip.jpg","3","female","","","",""
"14_1_0_20170109212926958.jpg.chip.jpg","14","female","4.284764766693115","-9.72","9.6","-4.40"
"115_1_1_20170112213257263.jpg.chip.jpg","115","female","","","29.2","-85.80"
"28_0_2_20170104022635829.jpg.chip.jpg","28","male","","","39","11.00"
"61_0_0_20170117192049580.jpg.chip.jpg","61","male","","","69.3","8.30"
"24_1_2_20170116174406776.jpg.chip.jpg","24","female","21.02803611755371","-2.97","29.4","5.40"
"70_0_0_20170117173907575.jpg.chip.jpg","70","male","","","69","-1.00"
"35_1_1_20170112215312367.jpg.chip.jpg","35","female","","","29.2","-5.80"
"26_0_3_20170119180329325.jpg.chip.jpg","26","male","26.828227996826172","0.83","28.7","2.70"
"54_0_0_20170117204554999.jpg.chip.jpg","54","male","42.52431106567383","-11.48","29.3","-24.70"
"40_0_4_20170104001839285.jpg.chip.jpg","40","male","","","28.9","-11.10"
"89_1_3_20170109150838156.jpg.chip.jpg","89","female","89.94233703613281","0.94","29.3","-59.70"
"26_1_1_20170116232810500.jpg.chip.jpg","26","female","24.019611358642578","-1.98","22.3","-3.70"
"82_0_0_20170111222357343.jpg.chip.jpg","82","male","69.23458099365234","-12.77","49.2","-32.80"
"89_1_0_20170110182452888.jpg.chip.jpg","89","female","86.95161437988281","-2.05","68.6","-20.40"
"26_0_0_20170105163435235.jpg.chip.jpg","26","male","","","28.4","2.40"
"22_1_1_20170114030632764.jpg.chip.jpg","22","female","","","28.6","6.60"
"12_1_0_20170104005520631.jpg.chip.jpg","12","female","","","28.6","16.60"
"49_1_0_20170105173159405.jpg.chip.jpg","49","female","","","69.1","20.10"
"38_0_1_20170116010930406.jpg.chip.jpg","38","male","","","38.7","0.70"
"28_0_1_20170116192030399.jpg.chip.jpg","28","male","","","23.9","-4.10"
"14_1_3_20170104222504560.jpg.chip.jpg","14","female","","","28.6","14.60"
"65_0_3_20170119205222598.jpg.chip.jpg","65","male","","","39.2","-25.80"
"57_0_0_20170104212740101.jpg.chip.jpg","57","male","","","48.5","-8.50"
"26_0_2_20170116175914485.jpg.chip.jpg","26","male","","","28.8","2.80"
"2_0_2_20161219141647272.jpg.chip.jpg","2","male","0.9007011651992798","-1.10","",""
"32_0_2_20170116162046640.jpg.chip.jpg","32","male","","","16.2","-15.80"
"27_0_3_20170119164157678.jpg.chip.jpg","27","male","","","28.6","1.60"
"1_1_3_20161219225027497.jpg.chip.jpg","1","female","1.575010061264038","0.58","4","3.00"
"36_1_1_20170116023952972.jpg.chip.jpg","36","female","30.693450927734375","-5.31","29.4","-6.60"
"35_0_1_20170117143158631.jpg.chip.jpg","35","male","40.8129997253418","5.81","34.4","-0.60"
"25_1_3_20170104234936774.jpg.chip.jpg","25","female","","","29.4","4.40"
"40_0_0_20170116221116416.jpg.chip.jpg","40","male","","","28.5","-11.50"
"25_0_0_20170117195027938.jpg.chip.jpg","25","male","25.040271759033203","0.04","28.5","3.50"
"54_1_0_20170117171600659.jpg.chip.jpg","54","female","","","29.2","-24.80"
"18_1_0_20170109213451167.jpg.chip.jpg","18","female","19.352506637573242","1.35","28.7","10.70"
"12_1_0_20170109203310061.jpg.chip.jpg","12","female","","","16.2","4.20"
"29_0_3_20170119195311083.jpg.chip.jpg","29","male","20.547815322875977","-8.45","29.2","0.20"
"28_0_0_20170113132725104.jpg.chip.jpg","28","male","","","39.3","11.30"
"24_1_0_20170116225049260.jpg.chip.jpg","24","female","","","28.9","4.90"
"34_0_0_20170117203207119.jpg.chip.jpg","34","male","37.995704650878906","4.00","34.4","0.40"
"50_0_2_20170116175220841.jpg.chip.jpg","50","male","","","68.9","18.90"
"49_1_0_20170104210205882.jpg.chip.jpg","49","female","","","38.8","-10.20"
"48_1_0_20170119205430280.jpg.chip.jpg","48","female","","","52.7","4.70"
"1_0_2_20161219204848341.jpg.chip.jpg","1","male","","","",""
"2_1_3_20161219230209511.jpg.chip.jpg","2","female","","","",""
"49_0_0_20170104212309140.jpg.chip.jpg","49","male","","","39.3","-9.70"
"52_0_3_20170119200211340.jpg.chip.jpg","52","male","","","29.3","-22.70"
"26_0_3_20170119152946337.jpg.chip.jpg","26","male","","","29","3.00"
"54_0_0_20170117191328833.jpg.chip.jpg","54","male","48.138057708740234","-5.86","29.3","-24.70"
"28_0_1_20170113133920440.jpg.chip.jpg","28","male","","","28.8","0.80"
"32_0_0_20170117182301037.jpg.chip.jpg","32","male","","","38.5","6.50"
"22_1_2_20170116172557623.jpg.chip.jpg","22","female","19.27475929260254","-2.73","16.2","-5.80"
"7_1_0_20170109204556280.jpg.chip.jpg","7","female","4.862794876098633","-2.14","28.8","21.80"
"21_1_2_20170116165009080.jpg.chip.jpg","21","female","14.186213493347168","-6.81","16.2","-4.80"
"21_0_4_20161223214834033.jpg.chip.jpg","21","male","","","4","-17.00"
"26_1_4_20170103213122476.jpg.chip.jpg","26","female","","","28.5","2.50"
"85_1_0_20170120230406643.jpg.chip.jpg","85","female","","","29.2","-55.80"
"25_0_2_20170116161907519.jpg.chip.jpg","25","male","","","16.5","-8.50"
"37_0_0_20170117183417406.jpg.chip.jpg","37","male","","","29.4","-7.60"
"8_1_0_20170109204542015.jpg.chip.jpg","8","female","6.540820121765137","-1.46","22.5","14.50"
"49_1_0_20170109132443455.jpg.chip.jpg","49","female","","","38.7","-10.30"
"35_0_2_20170117182954110.jpg.chip.jpg","35","male","34.56910705566406","-0.43","38.8","3.80"
"27_1_0_20170116205640528.jpg.chip.jpg","27","female","23.582164764404297","-3.42","29.3","2.30"
"54_0_4_20170117204537409.jpg.chip.jpg","54","male","53.40594482421875","-0.59","39.2","-14.80"
"38_1_2_20170109132801338.jpg.chip.jpg","38","female","33.94144821166992","-4.06","28.9","-9.10"
"30_1_3_20170117181342861.jpg.chip.jpg","30","female","","","29.3","-0.70"
"30_1_4_20170117203004549.jpg.chip.jpg","30","female","","","29.4","-0.60"
"8_1_0_20170116234733445.jpg.chip.jpg","8","female","10.89777660369873","2.90","9.5","1.50"
"42_1_1_20170113012431777.jpg.chip.jpg","42","female","27.979549407958984","-14.02","28.7","-13.30"
"40_0_0_20170116232837710.jpg.chip.jpg","40","male","","","28.6","-11.40"
"11_1_0_20170109204833458.jpg.chip.jpg","11","female","11.18705940246582","0.19","28.7","17.70"
"26_1_3_20170117154838647.jpg.chip.jpg","26","female","","","29.4","3.40"
"5_1_0_20170109192447108.jpg.chip.jpg","5","female","4.451095104217529","-0.55","8.6","3.60"
"49_0_0_20170109003418343.jpg.chip.jpg","49","male","","","38.9","-10.10"
"81_1_0_20170120224959056.jpg.chip.jpg","81","female","","","29.1","-51.90"
"52_1_0_20170103180938968.jpg.chip.jpg","52","female","","","29.2","-22.80"
"26_1_3_20170104235019355.jpg.chip.jpg","26","female","","","28.6","2.60"
"48_1_3_20170119212118705.jpg.chip.jpg","48","female","44.46460723876953","-3.54","28.8","-19.20"
"40_1_0_20170104172853980.jpg.chip.jpg","40","female","","","29.3","-10.70"
"9_0_0_20170102235122268.jpg.chip.jpg","9","male","","","9.2","0.20"
"29_0_0_20170117180933082.jpg.chip.jpg","29","male","37.57632064819336","8.58","28.5","-0.50"
"61_0_2_20170111203805430.jpg.chip.jpg","61","male","","","69.2","8.20"
"33_1_0_20170103180737106.jpg.chip.jpg","33","female","","","28.9","-4.10"
"65_1_0_20170110141251497.jpg.chip.jpg","65","female","61.92348861694336","-3.08","49.2","-15.80"
"60_0_0_20170111202420384.jpg.chip.jpg","60","male","","","39.1","-20.90"
"23_1_3_20170119152429983.jpg.chip.jpg","23","female","23.26056480407715","0.26","29.4","6.40"
"26_1_3_20170117174106166.jpg.chip.jpg","26","female","","","29.5","3.50"
"50_0_0_20170117182140781.jpg.chip.jpg","50","male","","","29.2","-20.80"
"17_0_0_20170113132359393.jpg.chip.jpg","17","male","","","20.2","3.20"
"68_0_2_20170116193554465.jpg.chip.jpg","68","male","","","68.8","0.80"
"21_0_2_20170116170638620.jpg.chip.jpg","21","male","","","28.9","7.90"
"56_0_0_20170105173223037.jpg.chip.jpg","56","male","","","69.2","13.20"
"27_1_0_20170103181541352.jpg.chip.jpg","27","female","34.32521057128906","7.33","29.5","2.50"
"16_1_3_20170104222208647.jpg.chip.jpg","16","female","","","16.3","0.30"
"45_0_1_20170116142935103.jpg.chip.jpg","45","male","","","28.6","-16.40"
"60_1_0_20170110153231658.jpg.chip.jpg","60","female","62.302005767822266","2.30","69.2","9.20"
"26_1_2_20170116175501158.jpg.chip.jpg","26","female","","","29.5","3.50"
"65_0_1_20170111200815149.jpg.chip.jpg","65","male","","","69.2","4.20"
"1_0_2_20161219162719255.jpg.chip.jpg","1","male","","","",""
"23_1_2_20170116173108901.jpg.chip.jpg","23","female","","","29.4","6.40"
"36_1_3_20170109141841866.jpg.chip.jpg","36","female","24.440441131591797","-11.56","28.8","-7.20"
"28_1_3_20170104221016727.jpg.chip.jpg","28","female","","","29.2","1.20"
"42_0_3_20170113183757104.jpg.chip.jpg","42","male","","","38.7","-3.30"
"66_1_0_20170110122200303.jpg.chip.jpg","66","female","63.22660827636719","-2.77","48.7","-17.30"
"24_0_3_20170119165827320.jpg.chip.jpg","24","male","","","29.2","5.20"
"40_0_2_20170113190355448.jpg.chip.jpg","40","male","","","29.3","-10.70"
"54_0_0_20170111205229923.jpg.chip.jpg","54","male","","","28.8","-25.20"
"8_1_0_20170109201654441.jpg.chip.jpg","8","female","8.803049087524414","0.80","16.3","8.30"
"26_0_0_20170116181050820.jpg.chip.jpg","26","male","","","28.8","2.80"
"2_0_3_20161220143058738.jpg.chip.jpg","2","male","","","",""
"28_0_1_20170113154949665.jpg.chip.jpg","28","male","40.744789123535156","12.74","33.4","5.40"
"26_0_0_20170113210127410.jpg.chip.jpg","26","male","","","28.9","2.90"
"77_0_2_20170112220236152.jpg.chip.jpg","77","male","","","48.8","-28.20"
"27_1_0_20170117120646100.jpg.chip.jpg","27","female","30.670856475830078","3.67","29.5","2.50"
"40_0_0_20170117142017783.jpg.chip.jpg","40","male","","","33.6","-6.40"
"2_1_3_20161219224731392.jpg.chip.jpg","2","female","1.0316733121871948","-0.97","",""
"67_0_3_20170116193543456.jpg.chip.jpg","67","male","","","69.1","2.10"
"26_1_3_20170119193122986.jpg.chip.jpg","26","female","34.98561477661133","8.99","29.4","3.40"
"24_0_3_20170120133910528.jpg.chip.jpg","24","male","","","29.5","5.50"
"13_1_0_20170120133325603.jpg.chip.jpg","13","female","","","28.8","15.80"
"21_1_4_20170103223204087.jpg.chip.jpg","21","female","","","29.6","8.60"
"45_0_3_20170119204728031.jpg.chip.jpg","45","male","","","29.2","-15.80"
"52_0_0_20170111195455240.jpg.chip.jpg","52","male","","","44.5","-7.50"
"50_0_0_20170117160733057.jpg.chip.jpg","50","male","","","38.9","-11.10"
"24_0_4_20170117145152514.jpg.chip.jpg","24","male","","","38.6","14.60"
"21_1_1_20170117132654031.jpg.chip.jpg","21","female","25.050329208374023","4.05","28.9","7.90"
"39_1_0_20170104205026100.jpg.chip.jpg","39","female","","","29.1","-9.90"
"44_0_3_20170119181415173.jpg.chip.jpg","44","male","","","29.3","-14.70"
"26_0_2_20170116161324238.jpg.chip.jpg","26","male","30.28621482849121","4.29","16","-10.00"
"39_0_3_20170117184958153.jpg.chip.jpg","39","male","","","39.2","0.20"
"1_0_2_20161219221816327.jpg.chip.jpg","1","male","","","",""
"71_0_0_20170120225641832.jpg.chip.jpg","71","male","","","58.7","-12.30"
"30_0_1_20170117202825454.jpg.chip.jpg","30","male","32.97906494140625","2.98","28.6","-1.40"
"4_1_2_20161219154415701.jpg.chip.jpg","4","female","3.1861181259155273","-0.81","",""
"35_1_0_20170117135254967.jpg.chip.jpg","35","female","","","28.9","-6.10"
"28_1_0_20170117180720738.jpg.chip.jpg","28","female","","","30.3","2.30"
"47_0_3_20170119205242687.jpg.chip.jpg","47","male","","","29.3","-17.70"
"58_0_3_20170109140942312.jpg.chip.jpg","58","male","","","39.3","-18.70"
"27_1_1_20170117165603509.jpg.chip.jpg","27","female","","","29.3","2.30"
"47_1_0_20170109011110873.jpg.chip.jpg","47","female","46.13564682006836","-0.86","38.8","-8.20"
"55_0_3_20170119183211767.jpg.chip.jpg","55","male","","","48.7","-6.30"
"24_1_2_20170116165051346.jpg.chip.jpg","24","female","24.81902313232422","0.82","16.2","-7.80"
"50_0_2_20170112220437210.jpg.chip.jpg","50","male","59.162235260009766","9.16","44.4","-5.60"
"1_0_3_20161219230035168.jpg.chip.jpg","1","male","","","",""
"10_0_1_20170104010841239.jpg.chip.jpg","10","male","","","16.2","6.20"
"29_0_0_20170117202637960.jpg.chip.jpg","29","male","","","28.5","-0.50"
"25_0_0_20170116211924733.jpg.chip.jpg","25","male","","","29.2","4.20"
"38_0_1_20170116232535514.jpg.chip.jpg","38","male","40.857391357421875","2.86","33.6","-4.40"
"30_0_0_20170116222120436.jpg.chip.jpg","30","male","26.21647834777832","-3.78","28.6","-1.40"
"40_1_1_20170109003603180.jpg.chip.jpg","40","female","","","29.3","-10.70"
"26_0_0_20170113210126674.jpg.chip.jpg","26","male","","","29","3.00"
"54_0_0_20170119210011397.jpg.chip.jpg","54","male","","","29.3","-24.70"
"14_1_3_20170104013523266.jpg.chip.jpg","14","female","","","28.9","14.90"
"31_0_3_20170117181555388.jpg.chip.jpg","31","male","","","28.6","-2.40"
"87_0_1_20170117194805270.jpg.chip.jpg","87","male","","","29.3","-57.70"
"27_1_3_20170119194407555.jpg.chip.jpg","27","female","","","29.2","2.20"
"40_0_0_20170117130926545.jpg.chip.jpg","40","male","","","44.5","4.50"
"58_0_1_20170117192230322.jpg.chip.jpg","58","male","","","43.6","-14.40"
"47_0_0_20170117190258354.jpg.chip.jpg","47","male","","","34.7","-12.30"
"22_0_2_20170117135152126.jpg.chip.jpg","22","male","","","28.6","6.60"
"32_1_2_20170116191621268.jpg.chip.jpg","32","female","45.12985610961914","13.13","29.5","-2.50"
"50_1_0_20170109012358091.jpg.chip.jpg","50","female","","","29.1","-20.90"
"57_1_2_20170109002542575.jpg.chip.jpg","57","female","","","29.1","-27.90"
"40_1_0_20170105164619947.jpg.chip.jpg","40","female","","","29.2","-10.80"
"30_1_3_20170117181352869.jpg.chip.jpg","30","female","","","29.5","-0.50"
"22_0_4_20161221200222680.jpg.chip.jpg","22","male","26.174238204956055","4.17","28.5","6.50"
"16_0_0_20170110232757924.jpg.chip.jpg","16","male","","","28.6","12.60"
"45_1_0_20170117152126596.jpg.chip.jpg","45","female","","","29.1","-15.90"
"27_0_4_20170104194349352.jpg.chip.jpg","27","male","","","28.7","1.70"
"36_0_0_20170108235343740.jpg.chip.jpg","36","male","","","33.7","-2.30"
"50_0_0_20170120222013757.jpg.chip.jpg","50","male","59.44548416137695","9.45","39.3","-10.70"
"20_0_1_20170116204110339.jpg.chip.jpg","20","male","","","29.3","9.30"
"1_0_2_20161219160951502.jpg.chip.jpg","1","male","","","",""
"69_1_1_20170117195205819.jpg.chip.jpg","69","female","66.39397430419922","-2.61","38.8","-30.20"
"10_0_0_20170116201337172.jpg.chip.jpg","10","male","12.383848190307617","2.38","9.2","-0.80"
"50_1_1_20170112215232959.jpg.chip.jpg","50","female","","","38.7","-11.30"
"38_0_0_20170109011114784.jpg.chip.jpg","38","male","","","39.3","1.30"
"35_1_1_20170113001239705.jpg.chip.jpg","35","female","31.326852798461914","-3.67","29.2","-5.80"
"27_1_2_20170116163816775.jpg.chip.jpg","27","female","","","29.4","2.40"
"34_0_4_20170117130526488.jpg.chip.jpg","34","male","34.93136978149414","0.93","28.5","-5.50"
"5_1_4_20170103210023178.jpg.chip.jpg","5","female","4.164760112762451","-0.84","8.8","3.80"
"66_1_0_20170110140430277.jpg.chip.jpg","66","female","","","48.7","-17.30"
"40_0_2_20170117000400201.jpg.chip.jpg","40","male","39.63139724731445","-0.37","29","-11.00"
"39_0_0_20170112215032192.jpg.chip.jpg","39","male","","","38.6","-0.40"
"29_1_1_20170112211511508.jpg.chip.jpg","29","female","35.910072326660156","6.91","28.8","-0.20"
"43_1_0_20170103183357706.jpg.chip.jpg","43","female","","","69","26.00"
"35_0_0_20170117150935786.jpg.chip.jpg","35","male","","","28.4","-6.60"
"26_0_0_20170117171932498.jpg.chip.jpg","26","male","","","28.5","2.50"
"8_0_0_20170110215342047.jpg.chip.jpg","8","male","6.942450046539307","-1.06","9.5","1.50"
"26_0_0_20170117172442867.jpg.chip.jpg","26","male","","","28.6","2.60"
"25_1_0_20170116213524092.jpg.chip.jpg","25","female","25.50700569152832","0.51","29.6","4.60"
"24_0_4_20170117145915428.jpg.chip.jpg","24","male","24.10799217224121","0.11","25.4","1.40"
"20_0_0_20170113133053319.jpg.chip.jpg","20","male","27.42965316772461","7.43","28.6","8.60"
"45_1_1_20170112234408154.jpg.chip.jpg","45","female","","","39.3","-5.70"
"26_1_2_20170116180828579.jpg.chip.jpg","26","female","","","28.8","2.80"
"51_0_0_20170117162917059.jpg.chip.jpg","51","male","39.15943908691406","-11.84","38.6","-12.40"
"39_0_0_20170111181750371.jpg.chip.jpg","39","male","","","28.5","-10.50"
"8_0_0_20170110220159954.jpg.chip.jpg","8","male","5.316757678985596","-2.68","8.4","0.40"
"21_0_0_20170116225141614.jpg.chip.jpg","21","male","","","28.8","7.80"
"70_1_0_20170110180429816.jpg.chip.jpg","70","female","75.16536712646484","5.17","48.7","-21.30"
"25_0_1_20170117195252189.jpg.chip.jpg","25","male","","","28.5","3.50"
"28_1_2_201701161846515488.jpg.chip.jpg","28","female","","","28.9","0.90"
"45_0_1_20170113175345292.jpg.chip.jpg","45","male","","","29.3","-15.70"
"54_0_3_20170119210114392.jpg.chip.jpg","54","male","","","69","15.00"
"47_0_0_20170117160009711.jpg.chip.jpg","47","male","","","39.3","-7.70"
"76_0_0_20170111222035117.jpg.chip.jpg","76","male","","","43.7","-32.30"
"10_1_3_20170104221711437.jpg.chip.jpg","10","female","8.282830238342285","-1.72","9.4","-0.60"
"35_0_1_20170117180847427.jpg.chip.jpg","35","male","45.942996978759766","10.94","28.5","-6.50"
"22_1_0_20170117171049498.jpg.chip.jpg","22","female","","","28.7","6.70"
"3_1_2_20161219212345318.jpg.chip.jpg","3","female","1.7188868522644043","-1.28","",""
"26_1_1_20170116174149455.jpg.chip.jpg","26","female","","","29.3","3.30"
"28_1_2_20170116165616595.jpg.chip.jpg","28","female","18.49674415588379","-9.50","16.1","-11.90"
"29_1_0_20170117202746975.jpg.chip.jpg","29","female","29.39226722717285","0.39","30.4","1.40"
"8_1_0_20170109204534346.jpg.chip.jpg","8","female","21.687023162841797","13.69","28.7","20.70"
"38_1_1_20170116225245726.jpg.chip.jpg","38","female","","","28.7","-9.30"
"9_1_3_20170104222949455.jpg.chip.jpg","9","female","8.063689231872559","-0.94","28.8","19.80"
"9_0_0_20170110215653284.jpg.chip.jpg","9","male","","","28.9","19.90"
"35_1_1_20170112211938516.jpg.chip.jpg","35","female","","","28.9","-6.10"
"30_1_2_20170116170703197.jpg.chip.jpg","30","female","","","29.2","-0.80"
"54_0_1_20170113185028970.jpg.chip.jpg","54","male","","","38.6","-15.40"
"46_0_0_20170104205743292.jpg.chip.jpg","46","male","52.617401123046875","6.62","38.8","-7.20"
"4_1_2_20161219190919019.jpg.chip.jpg","4","female","","","",""
"1_0_2_20161219152901372.jpg.chip.jpg","1","male","2.270359754562378","1.27","4","3.00"
"23_0_0_20170112203926171.jpg.chip.jpg","23","male","27.52223014831543","4.52","28.6","5.60"
"32_1_2_20170116175121187.jpg.chip.jpg","32","female","27.040454864501953","-4.96","29.5","-2.50"
"30_1_0_20170117174710486.jpg.chip.jpg","30","female","","","30.5","0.50"
"18_1_0_20170109213109287.jpg.chip.jpg","18","female","21.53915786743164","3.54","23.6","5.60"
"36_1_0_20170109003400403.jpg.chip.jpg","36","female","","","29.4","-6.60"
"50_0_0_20170111171747294.jpg.chip.jpg","50","male","49.9675178527832","-0.03","38.7","-11.30"
"17_1_0_20170104013458371.jpg.chip.jpg","17","female","","","28.9","11.90"
"46_0_4_20170105162327242.jpg.chip.jpg","46","male","","","28.9","-17.10"
"36_0_1_20170117010044349.jpg.chip.jpg","36","male","","","28.6","-7.40"
"72_1_1_20170120223941518.jpg.chip.jpg","72","female","","","29.2","-42.80"
"27_0_3_20170119193359595.jpg.chip.jpg","27","male","","","38.8","11.80"
"44_0_0_20170104205257195.jpg.chip.jpg","44","male","49.9907112121582","5.99","34.7","-9.30"
"25_1_0_20170116002150531.jpg.chip.jpg","25","female","","","29.4","4.40"
"29_1_1_20170116010429516.jpg.chip.jpg","29","female","","","28.7","-0.30"
"41_1_1_20170117135759031.jpg.chip.jpg","41","female","45.6740608215332","4.67","29.3","-11.70"
"4_1_0_20170109194222722.jpg.chip.jpg","4","female","5.76531457901001","1.77","8.6","4.60"
"28_1_2_20170116164602956.jpg.chip.jpg","28","female","19.519489288330078","-8.48","16.3","-11.70"
"26_1_3_20170119193107971.jpg.chip.jpg","26","female","","","29.3","3.30"
"18_1_2_20170109212939223.jpg.chip.jpg","18","female","","","16.2","-1.80"
"40_0_0_20170116232746033.jpg.chip.jpg","40","male","","","38.8","-1.20"
"51_1_2_20170109131917693.jpg.chip.jpg","51","female","47.60346603393555","-3.40","28.9","-22.10"
"27_1_2_20170104021735596.jpg.chip.jpg","27","female","21.00136375427246","-6.00","16.2","-10.80"
"58_1_1_20170117194028702.jpg.chip.jpg","58","female","","","68.9","10.90"
"35_0_4_20170117204355896.jpg.chip.jpg","35","male","","","28.7","-6.30"
"50_1_1_20170112235535579.jpg.chip.jpg","50","female","","","28.9","-21.10"
"3_1_2_20161219142051272.jpg.chip.jpg","3","female","","","",""
"25_1_1_20170116001936456.jpg.chip.jpg","25","female","","","28.7","3.70"
"48_0_0_20170109012109036.jpg.chip.jpg","48","male","43.4559326171875","-4.54","34.5","-13.50"
"26_1_0_20170117174948312.jpg.chip.jpg","26","female","","","29.4","3.40"
"27_0_1_20170117173208805.jpg.chip.jpg","27","male","37.600242614746094","10.60","28.6","1.60"
"29_1_1_20170112205213493.jpg.chip.jpg","29","female","","","29.4","0.40"
"1_0_1_20170112211228948.jpg.chip.jpg","1","male","1.4160614013671875","0.42","4","3.00"
"26_0_3_20170117154558934.jpg.chip.jpg","26","male","","","28.5","2.50"
"18_1_2_20170109214034666.jpg.chip.jpg","18","female","","","16.1","-1.90"
"1_0_2_20170117195243732.jpg.chip.jpg","1","male","","","",""
"35_0_1_20170113183259413.jpg.chip.jpg","35","male","36.50456619262695","1.50","39.2","4.20"
"24_1_0_20170105183749799.jpg.chip.jpg","24","female","","","29.6","5.60"
"40_0_4_20170104192730423.jpg.chip.jpg","40","male","","","39.4","-0.60"
"58_0_1_20170113185038112.jpg.chip.jpg","58","male","","","44.3","-13.70"
"29_0_0_20170117180839466.jpg.chip.jpg","29","male","34.7032470703125","5.70","34.5","5.50"
"35_1_1_20170117135357361.jpg.chip.jpg","35","female","53.94894790649414","18.95","28.8","-6.20"
"9_0_1_20170113175830459.jpg.chip.jpg","9","male","11.975292205810547","2.98","29.3","20.30"
"24_1_0_20170103180625656.jpg.chip.jpg","24","female","","","29.4","5.40"
"17_0_0_20170110231830374.jpg.chip.jpg","17","male","16.547149658203125","-0.45","20.5","3.50"
"32_1_0_20170117180018829.jpg.chip.jpg","32","female","26.79991340637207","-5.20","29.3","-2.70"
"52_0_3_20170119205708991.jpg.chip.jpg","52","male","","","38.8","-13.20"
"35_0_4_20170113133347977.jpg.chip.jpg","35","male","","","28.6","-6.40"
"38_1_0_20170117154129371.jpg.chip.jpg","38","female","","","29.2","-8.80"
"35_1_0_20170103182449434.jpg.chip.jpg","35","female","","","29.2","-5.80"
"9_0_0_20170110220532651.jpg.chip.jpg","9","male","","","28.7","19.70"
"21_1_3_20170105000657779.jpg.chip.jpg","21","female","","","28.6","7.60"
"1_0_0_20161219140642920.jpg.chip.jpg","1","male","","","",""
"29_1_0_20170103181157688.jpg.chip.jpg","29","female","","","29.1","0.10"
"38_0_0_20170116210112194.jpg.chip.jpg","38","male","21.092594146728516","-16.91","28.8","-9.20"
"54_0_0_20170109010246118.jpg.chip.jpg","54","male","","","39.2","-14.80"
"82_0_0_20170111222354407.jpg.chip.jpg","82","male","81.50897216796875","-0.49","68.8","-13.20"
"30_1_2_20170105161432042.jpg.chip.jpg","30","female","","","16","-14.00"
"24_1_0_20170117150310308.jpg.chip.jpg","24","female","21.99481773376465","-2.01","16.5","-7.50"
"70_0_0_20170104213651117.jpg.chip.jpg","70","male","68.88746643066406","-1.11","38.9","-31.10"
"4_1_2_20161219142227369.jpg.chip.jpg","4","female","1.0160565376281738","-2.98","",""
"25_1_1_20170113001625270.jpg.chip.jpg","25","female","","","29.4","4.40"
"32_1_1_20170113001559035.jpg.chip.jpg","32","female","","","28.8","-3.20"
"29_0_1_20170117185756118.jpg.chip.jpg","29","male","","","34.4","5.40"
"22_0_1_20170114033114683.jpg.chip.jpg","22","male","17.407005310058594","-4.59","23.1","1.10"
"6_1_2_20161219192033227.jpg.chip.jpg","6","female","","","9","3.00"
"60_0_0_20170116235858675.jpg.chip.jpg","60","male","","","29.2","-30.80"
"56_1_0_20170110141656511.jpg.chip.jpg","56","female","","","38.7","-17.30"
"23_1_4_20170117194317100.jpg.chip.jpg","23","female","23.909719467163086","0.91","29.4","6.40"
"28_0_1_20170113134041024.jpg.chip.jpg","28","male","","","28.6","0.60"
"20_1_1_20170112205029995.jpg.chip.jpg","20","female","","","28.6","8.60"
"9_0_0_20170110220510618.jpg.chip.jpg","9","male","10.179280281066895","1.18","8.5","-0.50"
"45_1_3_20170119200125452.jpg.chip.jpg","45","female","42.273658752441406","-2.73","28.9","-16.10"
"33_1_0_20170117182546605.jpg.chip.jpg","33","female","","","29.4","-3.60"
"22_1_4_20170103233857003.jpg.chip.jpg","22","female","","","29.4","7.40"
"28_0_3_20170119194928605.jpg.chip.jpg","28","male","","","28.7","0.70"
"57_0_0_20170105173211517.jpg.chip.jpg","57","male","","","38.8","-18.20"
"50_0_0_20170105161353395.jpg.chip.jpg","50","male","","","28.9","-21.10"
"16_1_0_20170103201213287.jpg.chip.jpg","16","female","17.540210723876953","1.54","28.6","12.60"
"9_0_2_20170110224822473.jpg.chip.jpg","9","male","3.676675319671631","-5.32","16.2","7.20"
"70_0_0_20170111201153097.jpg.chip.jpg","70","male","66.19957733154297","-3.80","69.2","-0.80"
"14_0_0_20170116211955846.jpg.chip.jpg","14","male","","","9.2","-4.80"
"52_1_0_20170103163641032.jpg.chip.jpg","52","female","","","69.2","17.20"
"62_1_0_20170110131856737.jpg.chip.jpg","62","female","","","49.2","-12.80"
"30_0_3_20170119153044871.jpg.chip.jpg","30","male","","","28.6","-1.40"
"32_1_0_20170117134814159.jpg.chip.jpg","32","female","30.23733901977539","-1.76","29.2","-2.80"
"53_0_0_20170104212348773.jpg.chip.jpg","53","male","","","69.2","16.20"
"39_1_0_20170117154452143.jpg.chip.jpg","39","female","51.9169921875","12.92","49.2","10.20"
"26_1_1_20170112213041903.jpg.chip.jpg","26","female","","","29.3","3.30"
"29_1_1_20170116002146102.jpg.chip.jpg","29","female","","","29.2","0.20"
"43_0_1_20170116205314288.jpg.chip.jpg","43","male","58.24247360229492","15.24","29.2","-13.80"
"51_0_0_20170104211815983.jpg.chip.jpg","51","male","","","39.3","-11.70"
"35_0_1_20170116195822091.jpg.chip.jpg","35","male","","","39.4","4.40"
"23_1_0_20170117144825371.jpg.chip.jpg","23","female","24.028045654296875","1.03","29.5","6.50"
"34_1_1_20170116012243049.jpg.chip.jpg","34","female","","","29.3","-4.70"
"24_0_1_20170113151024815.jpg.chip.jpg","24","male","19.965261459350586","-4.03","28.6","4.60"
"30_1_0_20170117131108776.jpg.chip.jpg","30","female","","","29.4","-0.60"
"62_0_0_20170111204633236.jpg.chip.jpg","62","male","","","48.7","-13.30"
"35_0_3_20170119171318208.jpg.chip.jpg","35","male","","","29.3","-5.70"
"23_0_3_20170119164316726.jpg.chip.jpg","23","male","","","28.6","5.60"
"58_0_2_20170104185526166.jpg.chip.jpg","58","male","","","29.3","-28.70"
"2_1_1_20170109190932811.jpg.chip.jpg","2","female","0.5361265540122986","-1.46","",""
"68_1_0_20170110132430273.jpg.chip.jpg","68","female","64.98506927490234","-3.01","38.7","-29.30"
"38_0_1_20170116195906275.jpg.chip.jpg","38","male","","","38.8","0.80"
"31_1_1_20170104165300328.jpg.chip.jpg","31","female","37.116703033447266","6.12","29.2","-1.80"
"41_1_0_20170105172643292.jpg.chip.jpg","41","female","","","39.1","-1.90"
"72_0_2_20170112205305186.jpg.chip.jpg","72","male","","","69.1","-2.90"
"32_1_0_20170104234949266.jpg.chip.jpg","32","female","29.362926483154297","-2.64","30.5","-1.50"
"50_0_1_20170111203545405.jpg.chip.jpg","50","male","","","42.4","-7.60"
"54_0_0_20170104212535269.jpg.chip.jpg","54","male","","","69.1","15.10"
"29_1_4_20170117202750455.jpg.chip.jpg","29","female","","","29.5","0.50"
"36_0_1_20170113182443806.jpg.chip.jpg","36","male","","","39.3","3.30"
"95_1_0_20170110175711811.jpg.chip.jpg","95","female","","","69.2","-25.80"
"72_1_0_20170110132145439.jpg.chip.jpg","72","female","","","49.2","-22.80"
"76_0_0_20170113175603924.jpg.chip.jpg","76","male","","","69.2","-6.80"
"53_1_0_20170104184642790.jpg.chip.jpg","53","female","","","68.7","15.70"
"52_0_0_20170117154823449.jpg.chip.jpg","52","male","","","39.2","-12.80"
"47_0_0_20170116204821089.jpg.chip.jpg","47","male","41.108619689941406","-5.89","29.1","-17.90"
"54_1_1_20170117204543384.jpg.chip.jpg","54","female","","","28.9","-25.10"
"17_1_1_20170112230526286.jpg.chip.jpg","17","female","","","28.8","11.80"
"39_0_0_20170109002838942.jpg.chip.jpg","39","male","","","28.8","-10.20"
"35_1_0_20170117183012966.jpg.chip.jpg","35","female","","","29.4","-5.60"
"24_1_0_20170103225156008.jpg.chip.jpg","24","female","","","28.6","4.60"
"46_0_3_20170119204808215.jpg.chip.jpg","46","male","","","38.7","-7.30"
"63_0_2_20170112223914372.jpg.chip.jpg","63","male","67.63487243652344","4.63","69.2","6.20"
"80_0_0_20170111205541652.jpg.chip.jpg","80","male","","","29.3","-50.70"
"1_0_2_20161219193903835.jpg.chip.jpg","1","male","","","",""
"7_1_2_20161219190151899.jpg.chip.jpg","7","female","5.267383098602295","-1.73","4","-3.00"
"53_1_0_20170110153042034.jpg.chip.jpg","53","female","57.96222686767578","4.96","49.3","-3.70"
"70_1_0_20170110122856556.jpg.chip.jpg","70","female","67.78456115722656","-2.22","68.8","-1.20"
"1_0_2_20161219140811232.jpg.chip.jpg","1","male","","","",""
"52_0_0_20170104212228222.jpg.chip.jpg","52","male","60.55448532104492","8.55","58.6","6.60"
"31_0_3_20170119200050628.jpg.chip.jpg","31","male","","","28.8","-2.20"
"14_1_0_20170104011720664.jpg.chip.jpg","14","female","","","8.9","-5.10"
"27_0_1_20170117013622859.jpg.chip.jpg","27","male","40.87718200683594","13.88","28.6","1.60"
"47_0_4_20170104002129509.jpg.chip.jpg","47","male","47.010284423828125","0.01","39.3","-7.70"
"14_1_3_20170104221807127.jpg.chip.jpg","14","female","14.494226455688477","0.49","9.3","-4.70"
"26_1_2_20170116175944209.jpg.chip.jpg","26","female","","","29.3","3.30"
"28_0_3_20170119211807137.jpg.chip.jpg","28","male","","","29.3","1.30"
"21_0_0_20170104230103695.jpg.chip.jpg","21","male","","","19.8","-1.20"
"54_1_0_20170104185045990.jpg.chip.jpg","54","female","","","28.9","-25.10"
"33_1_0_20170117174457343.jpg.chip.jpg","33","female","","","29.4","-3.60"
"23_0_0_20170117144642723.jpg.chip.jpg","23","male","25.53862953186035","2.54","25.5","2.50"
"26_1_0_20170120134302655.jpg.chip.jpg","26","female","","","29.3","3.30"
"23_1_3_20170119164457312.jpg.chip.jpg","23","female","","","29.3","6.30"
"40_0_0_20170117154505308.jpg.chip.jpg","40","male","","","38.6","-1.40"
"26_1_0_20170109002353702.jpg.chip.jpg","26","female","","","29.3","3.30"
"26_1_0_20170117173945869.jpg.chip.jpg","26","female","","","29.2","3.20"
"47_0_0_20170119175343739.jpg.chip.jpg","47","male","","","28.6","-18.40"
"26_0_0_20170117003310493.jpg.chip.jpg","26","male","","","28.9","2.90"
"24_1_4_20170103230137338.jpg.chip.jpg","24","female","","","29.4","5.40"
"23_0_2_20170116172805150.jpg.chip.jpg","23","male","","","16.3","-6.70"
"23_0_1_20170113195604509.jpg.chip.jpg","23","male","","","28.6","5.60"
"18_0_3_20170104230329273.jpg.chip.jpg","18","male","","","29","11.00"
"3_1_0_20170109192758746.jpg.chip.jpg","3","female","6.556418418884277","3.56","4.1","1.10"
"25_1_2_20170116175241325.jpg.chip.jpg","25","female","","","16","-9.00"
"55_0_0_20170117204213768.jpg.chip.jpg","55","male","","","43.7","-11.30"
"12_1_0_20170109203631496.jpg.chip.jpg","12","female","11.201946258544922","-0.80","9.1","-2.90"
"70_1_0_20170117163559185.jpg.chip.jpg","70","female","","","48.8","-21.20"
"34_0_3_20170119200814036.jpg.chip.jpg","34","male","","","38.6","4.60"
"35_1_2_20170117183042510.jpg.chip.jpg","35","female","","","29.3","-5.70"
"58_1_3_20170104220324390.jpg.chip.jpg","58","female","37.616424560546875","-20.38","29.1","-28.90"
"51_0_0_20170111181750481.jpg.chip.jpg","51","male","","","38.6","-12.40"
"6_0_0_20170110215629811.jpg.chip.jpg","6","male","7.44045352935791","1.44","4.1","-1.90"
"58_0_0_20170120224554712.jpg.chip.jpg","58","male","","","68.9","10.90"
"67_0_3_20170105175613302.jpg.chip.jpg","67","male","57.38529586791992","-9.61","34.4","-32.60"
"49_0_0_20170117153916924.jpg.chip.jpg","49","male","50.028228759765625","1.03","38.7","-10.30"
"51_1_0_20170117190830626.jpg.chip.jpg","51","female","61.43568420410156","10.44","29","-22.00"
"32_0_1_20170113151436071.jpg.chip.jpg","32","male","","","28.8","-3.20"
"28_0_4_20170116220531686.jpg.chip.jpg","28","male","19.790618896484375","-8.21","28.6","0.60"
"25_1_2_20170116174820922.jpg.chip.jpg","25","female","","","29.3","4.30"
"54_0_3_20170119210125311.jpg.chip.jpg","54","male","","","69.2","15.20"
"32_1_0_20170113001614997.jpg.chip.jpg","32","female","25.014036178588867","-6.99","30.6","-1.40"
"38_0_0_20170104203131804.jpg.chip.jpg","38","male","","","39.2","1.20"
"1_0_2_20161219200203132.jpg.chip.jpg","1","male","2.0798678398132324","1.08","",""
"3_0_2_20161219204644036.jpg.chip.jpg","3","male","","","16","13.00"
"29_1_0_20170116214325947.jpg.chip.jpg","29","female","21.651569366455078","-7.35","29.2","0.20"
"26_1_2_20161219204400164.jpg.chip.jpg","26","female","20.072622299194336","-5.93","29.3","3.30"
"58_0_1_20170113184906215.jpg.chip.jpg","58","male","60.46506881713867","2.47","47.6","-10.40"
"24_1_3_20170119170555590.jpg.chip.jpg","24","female","","","29.2","5.20"
"25_1_0_20170103175619551.jpg.chip.jpg","25","female","","","29.2","4.20"
"67_1_2_20161219194437956.jpg.chip.jpg","67","female","47.81550598144531","-19.18","29.3","-37.70"
"20_1_3_20170104222031311.jpg.chip.jpg","20","female","","","28.7","8.70"
"45_0_0_20170117192010084.jpg.chip.jpg","45","male","","","28.8","-16.20"
"115_1_0_20170120134725991.jpg.chip.jpg","115","female","","","69.1","-45.90"
"80_0_0_20170111221815342.jpg.chip.jpg","80","male","","","58.8","-21.20"
"40_0_0_20170117182937462.jpg.chip.jpg","40","male","","","43.6","3.60"
"38_1_1_20170116012120261.jpg.chip.jpg","38","female","","","29.4","-8.60"
"26_1_2_20170105163925349.jpg.chip.jpg","26","female","","","16","-10.00"
"2_1_2_20161219154604597.jpg.chip.jpg","2","female","","","8.8","6.80"
"24_1_2_20170116163634730.jpg.chip.jpg","24","female","","","16.2","-7.80"
"20_0_3_20170119152949343.jpg.chip.jpg","20","male","","","29.3","9.30"
"20_0_1_20170116010734667.jpg.chip.jpg","20","male","29.253557205200195","9.25","28.6","8.60"
"26_1_1_20170116232538007.jpg.chip.jpg","26","female","26.283145904541016","0.28","23.6","-2.40"
"26_1_0_20170117201640750.jpg.chip.jpg","26","female","","","28.7","2.70"
"32_1_0_20170113010345079.jpg.chip.jpg","32","female","","","28.9","-3.10"
"26_1_2_20170116184241642.jpg.chip.jpg","26","female","","","16.1","-9.90"
"65_0_0_20170111195233409.jpg.chip.jpg","65","male","","","49.4","-15.60"
"17_0_0_20170110232257182.jpg.chip.jpg","17","male","","","9.1","-7.90"
"26_0_4_20170117195551948.jpg.chip.jpg","26","male","","","29.2","3.20"
"25_1_1_20170117171908418.jpg.chip.jpg","25","female","","","28.6","3.60"
"30_0_4_20170117202914440.jpg.chip.jpg","30","male","34.001834869384766","4.00","28.6","-1.40"
"60_0_0_20170104184751214.jpg.chip.jpg","60","male","54.48433303833008","-5.52","39.2","-20.80"
"26_1_0_20170117174807127.jpg.chip.jpg","26","female","","","28.5","2.50"
"18_1_1_20170114030339628.jpg.chip.jpg","18","female","","","28.7","10.70"
"38_0_1_20170113154658138.jpg.chip.jpg","38","male","41.07414627075195","3.07","38.6","0.60"
"53_0_0_20170104184408718.jpg.chip.jpg","53","male","55.233211517333984","2.23","48.6","-4.40"
"38_0_0_20170117153622676.jpg.chip.jpg","38","male","43.22768020629883","5.23","38.7","0.70"
"35_0_1_20170109002946255.jpg.chip.jpg","35","male","","","28.6","-6.40"
"32_0_0_20170116030520611.jpg.chip.jpg","32","male","","","28.8","-3.20"
"34_0_3_20170119171624184.jpg.chip.jpg","34","male","","","38.7","4.70"
"7_1_2_20161219160322149.jpg.chip.jpg","7","female","","","16","9.00"
"26_1_3_20170117174123429.jpg.chip.jpg","26","female","","","29.3","3.30"
"60_1_0_20170117153656364.jpg.chip.jpg","60","female","","","68.9","8.90"
"28_1_1_20170117022229804.jpg.chip.jpg","28","female","18.63518524169922","-9.36","28.6","0.60"
"26_1_4_20170117152504299.jpg.chip.jpg","26","female","","","29","3.00"
"56_1_0_20170120133230636.jpg.chip.jpg","56","female","","","49.2","-6.80"
"54_0_1_20170117191450148.jpg.chip.jpg","54","male","","","29.2","-24.80"
"1_1_4_20170117192656755.jpg.chip.jpg","1","female","","","",""
"54_1_0_20170105173508749.jpg.chip.jpg","54","female","","","49.2","-4.80"
"30_1_0_20170117000320312.jpg.chip.jpg","30","female","","","28.8","-1.20"
"18_1_0_20170109205411880.jpg.chip.jpg","18","female","17.55756950378418","-0.44","22.2","4.20"
"73_1_0_20170120225339921.jpg.chip.jpg","73","female","74.34490966796875","1.34","69.1","-3.90"
"85_1_0_20170110183823331.jpg.chip.jpg","85","female","81.45521545410156","-3.54","69.1","-15.90"
"32_1_1_20170116153011586.jpg.chip.jpg","32","female","","","29.5","-2.50"
"15_0_0_20170116201246071.jpg.chip.jpg","15","male","","","16","1.00"
"46_0_0_20170117135813694.jpg.chip.jpg","46","male","","","39.2","-6.80"
"24_0_0_20170117145927468.jpg.chip.jpg","24","male","","","29.4","5.40"
"19_1_0_20170109213113295.jpg.chip.jpg","19","female","18.305456161499023","-0.69","23.6","4.60"
"1_1_2_20161219201159932.jpg.chip.jpg","1","female","","","",""
"30_1_0_20170117000354691.jpg.chip.jpg","30","female","","","29.3","-0.70"
"90_0_0_20170111222149759.jpg.chip.jpg","90","male","85.19644927978516","-4.80","69.2","-20.80"
"31_1_3_20170119200159884.jpg.chip.jpg","31","female","","","29.3","-1.70"
"37_0_0_20170109013120280.jpg.chip.jpg","37","male","","","29.2","-7.80"
"66_0_0_20170120225919754.jpg.chip.jpg","66","male","","","69.3","3.30"
"15_0_0_20170110232322390.jpg.chip.jpg","15","male","14.484468460083008","-0.52","28.8","13.80"
"1_0_2_20161219222014119.jpg.chip.jpg","1","male","0.8576215505599976","-0.14","",""
"35_0_0_20170117131215811.jpg.chip.jpg","35","male","50.49801254272461","15.50","28.7","-6.30"
"84_1_0_20170120230452282.jpg.chip.jpg","84","female","","","69.4","-14.60"
"32_0_0_20170116214359024.jpg.chip.jpg","32","male","25.23009490966797","-6.77","28.6","-3.40"
"26_1_3_20170117174342230.jpg.chip.jpg","26","female","","","29.4","3.40"
"26_1_0_20170117173557316.jpg.chip.jpg","26","female","","","29.3","3.30"
"28_1_0_20170116205749382.jpg.chip.jpg","28","female","","","29.5","1.50"
"26_0_0_20170117173244372.jpg.chip.jpg","26","male","","","28.6","2.60"
"30_0_1_20170113133914136.jpg.chip.jpg","30","male","25.932008743286133","-4.07","28.6","-1.40"
"54_0_1_20170117194908404.jpg.chip.jpg","54","male","","","48.8","-5.20"
"46_0_0_20170117190143691.jpg.chip.jpg","46","male","","","34.3","-11.70"
"30_0_3_20170119195741363.jpg.chip.jpg","30","male","34.921138763427734","4.92","28.7","-1.30"
"49_1_3_20170109141741879.jpg.chip.jpg","49","female","","","28.6","-20.40"
"23_0_0_20170104004006925.jpg.chip.jpg","23","male","29.915197372436523","6.92","28.6","5.60"
"54_1_0_20170117204602160.jpg.chip.jpg","54","female","","","29.2","-24.80"
"69_0_0_20170109011208585.jpg.chip.jpg","69","male","","","28.9","-40.10"
"5_0_3_20161220221842826.jpg.chip.jpg","5","male","","","9.1","4.10"
"26_1_1_20170116232803092.jpg.chip.jpg","26","female","","","28.6","2.60"
"53_0_0_20170109015513486.jpg.chip.jpg","53","male","","","34.2","-18.80"
"37_0_3_20170119202301349.jpg.chip.jpg","37","male","36.429779052734375","-0.57","34.2","-2.80"
"26_1_0_20170109132910372.jpg.chip.jpg","26","female","","","29.5","3.50"
"61_0_0_20170117194336276.jpg.chip.jpg","61","male","68.9854507446289","7.99","69.3","8.30"
"63_0_0_20170117162837819.jpg.chip.jpg","63","male","","","29.3","-33.70"
"40_1_0_20170117091304525.jpg.chip.jpg","40","female","","","9","-31.00"
"28_0_3_20170119194431378.jpg.chip.jpg","28","male","","","23.4","-4.60"
"35_0_4_20170117195110413.jpg.chip.jpg","35","male","39.99650192260742","5.00","39.2","4.20"
"2_0_0_20170110212819281.jpg.chip.jpg","2","male","1.705812931060791","-0.29","",""
"60_0_2_20170112222005682.jpg.chip.jpg","60","male","","","29","-31.00"
"39_1_1_20170104174036250.jpg.chip.jpg","39","female","43.35477828979492","4.35","29.3","-9.70"
"76_0_1_20170116205605555.jpg.chip.jpg","76","male","62.62395095825195","-13.38","29.2","-46.80"
"57_0_1_20170113184855343.jpg.chip.jpg","57","male","60.721256256103516","3.72","29.3","-27.70"
"60_0_2_20170112205517100.jpg.chip.jpg","60","male","","","29.2","-30.80"
"37_0_2_20170116192009515.jpg.chip.jpg","37","male","","","28.9","-8.10"
"24_0_4_20170117145146997.jpg.chip.jpg","24","male","","","29.4","5.40"
"1_0_2_20161219221908887.jpg.chip.jpg","1","male","","","",""
"26_0_3_20170117154913436.jpg.chip.jpg","26","male","","","29.4","3.40"
"35_0_4_20170117153255579.jpg.chip.jpg","35","male","","","28.5","-6.50"
"1_1_3_20161219230507432.jpg.chip.jpg","1","female","1.1534863710403442","0.15","",""
"26_1_1_20170112235940056.jpg.chip.jpg","26","female","","","29.3","3.30"
"18_0_0_20170117140123048.jpg.chip.jpg","18","male","","","20.4","2.40"
"4_1_0_20170103223021271.jpg.chip.jpg","4","female","","","9","5.00"
"26_1_2_20170116184520573.jpg.chip.jpg","26","female","26.086551666259766","0.09","29.4","3.40"
"22_0_1_20170113150439151.jpg.chip.jpg","22","male","","","23.7","1.70"
"61_0_3_20170119211813409.jpg.chip.jpg","61","male","","","29.3","-31.70"
"34_1_0_20170116000626046.jpg.chip.jpg","34","female","","","29.4","-4.60"
"28_0_1_20170117123923204.jpg.chip.jpg","28","male","","","39.2","11.20"
"14_1_1_20170112230439326.jpg.chip.jpg","14","female","","","9.4","-4.60"
"37_0_0_20170117135928574.jpg.chip.jpg","37","male","","","39.3","2.30"
"18_0_0_20170117175618980.jpg.chip.jpg","18","male","20.673416137695312","2.67","28.8","10.80"
"9_0_2_20170110215503716.jpg.chip.jpg","9","male","2.3917899131774902","-6.61","",""
"46_1_2_20170109002726038.jpg.chip.jpg","46","female","48.17607116699219","2.18","29.1","-16.90"
"18_1_0_20170109212647587.jpg.chip.jpg","18","female","20.49037742614746","2.49","23.6","5.60"
"46_0_0_20170113181514861.jpg.chip.jpg","46","male","","","28.7","-17.30"
"29_1_0_20170119164401126.jpg.chip.jpg","29","female","","","28.8","-0.20"
"32_1_1_20170116021536910.jpg.chip.jpg","32","female","","","28.9","-3.10"
"34_0_0_20170117135545874.jpg.chip.jpg","34","male","","","38.5","4.50"
"3_0_2_20161219201230500.jpg.chip.jpg","3","male","0.9966633915901184","-2.00","",""
"28_0_4_20170103213024052.jpg.chip.jpg","28","male","","","39.3","11.30"
"31_1_0_20170117131145761.jpg.chip.jpg","31","female","","","29.3","-1.70"
"51_0_0_20170116201815152.jpg.chip.jpg","51","male","","","44.4","-6.60"
"38_1_3_20170105003415085.jpg.chip.jpg","38","female","33.586570739746094","-4.41","29.4","-8.60"
"32_1_2_20170109141342355.jpg.chip.jpg","32","female","36.47887420654297","4.48","28.6","-3.40"
"78_0_1_20170117190604291.jpg.chip.jpg","78","male","66.38176727294922","-11.62","29.2","-48.80"
"38_0_0_20170117191429314.jpg.chip.jpg","38","male","","","29.3","-8.70"
"40_0_3_20170119210144247.jpg.chip.jpg","40","male","","","29.1","-10.90"
"35_0_1_20170113174614794.jpg.chip.jpg","35","male","","","28.4","-6.60"
"30_1_4_20170117193820102.jpg.chip.jpg","30","female","","","29.3","-0.70"
"15_0_0_20170104013333801.jpg.chip.jpg","15","male","","","28.8","13.80"
"53_0_0_20170111195944280.jpg.chip.jpg","53","male","60.221397399902344","7.22","69.1","16.10"
"62_1_0_20170110141021529.jpg.chip.jpg","62","female","","","35.6","-26.40"
"30_0_0_20170117120207461.jpg.chip.jpg","30","male","","","29.3","-0.70"
"1_0_0_20161219190621290.jpg.chip.jpg","1","male","1.033098816871643","0.03","",""
"32_1_0_20170117134822038.jpg.chip.jpg","32","female","","","29.5","-2.50"
"18_1_0_20170109214557098.jpg.chip.jpg","18","female","","","29.4","11.40"
"57_0_0_20170111201514151.jpg.chip.jpg","57","male","63.87546157836914","6.88","58.3","1.30"
"36_0_3_20170104220700302.jpg.chip.jpg","36","male","44.91305160522461","8.91","39.4","3.40"
"24_1_4_20170103225201704.jpg.chip.jpg","24","female","","","29.4","5.40"
"3_1_0_20170109191527360.jpg.chip.jpg","3","female","2.4195656776428223","-0.58","4","1.00"
"1_0_2_20161219205111061.jpg.chip.jpg","1","male","1.4029841423034668","0.40","",""
"70_1_0_20170110140931962.jpg.chip.jpg","70","female","","","49.2","-20.80"
"20_1_0_20170117193547491.jpg.chip.jpg","20","female","27.346437454223633","7.35","29.4","9.40"
"21_0_4_20161223214833090.jpg.chip.jpg","21","male","1.885238766670227","-19.11","8.9","-12.10"
"26_0_0_20170117173510724.jpg.chip.jpg","26","male","","","25.3","-0.70"
"20_0_0_20170105184038831.jpg.chip.jpg","20","male","","","28.5","8.50"
"16_0_0_20170110231645188.jpg.chip.jpg","16","male","19.286285400390625","3.29","28.6","12.60"
"40_1_0_20170117174656768.jpg.chip.jpg","40","female","","","36.4","-3.60"
"24_1_2_20170116165511429.jpg.chip.jpg","24","female","","","16.2","-7.80"
"23_1_0_20170103223610503.jpg.chip.jpg","23","female","","","29.4","6.40"
"1_0_0_20170110212907649.jpg.chip.jpg","1","male","3.236396312713623","2.24","",""
"23_1_0_20170103233631243.jpg.chip.jpg","23","female","23.89670181274414","0.90","28.7","5.70"
"54_0_3_20170119210221456.jpg.chip.jpg","54","male","","","29.3","-24.70"
"75_1_0_20170110141247761.jpg.chip.jpg","75","female","67.33395385742188","-7.67","29.2","-45.80"
"40_0_4_20170103235124292.jpg.chip.jpg","40","male","39.99650192260742","-0.00","39.2","-0.80"
"33_1_1_20170112210455829.jpg.chip.jpg","33","female","","","29.3","-3.70"
"26_1_1_20170116232352844.jpg.chip.jpg","26","female","23.34687614440918","-2.65","29.4","3.40"
"25_1_3_20170119171923120.jpg.chip.jpg","25","female","22.937957763671875","-2.06","16.4","-8.60"
"21_1_4_20170103223249191.jpg.chip.jpg","21","female","18.446765899658203","-2.55","28.9","7.90"
"2_0_4_20161221192934773.jpg.chip.jpg","2","male","","","4","2.00"
"63_0_0_20170109012637610.jpg.chip.jpg","63","male","","","39.1","-23.90"
"3_1_0_20170109192803099.jpg.chip.jpg","3","female","4.527603626251221","1.53","8.7","5.70"
"46_1_0_20170110143242639.jpg.chip.jpg","46","female","33.81951904296875","-12.18","30.4","-15.60"
"53_0_3_20170119212002295.jpg.chip.jpg","53","male","45.499610900878906","-7.50","29.3","-23.70"
"58_0_0_20170113210319462.jpg.chip.jpg","58","male","","","57.4","-0.60"
"35_0_0_20170117130045470.jpg.chip.jpg","35","male","","","38.7","3.70"
"26_0_4_20170117153025829.jpg.chip.jpg","26","male","","","28.6","2.60"
"63_0_3_20170117195002527.jpg.chip.jpg","63","male","70.48944091796875","7.49","39.2","-23.80"
"35_1_0_20170117141002650.jpg.chip.jpg","35","female","","","29.1","-5.90"
"23_0_0_20170119163828336.jpg.chip.jpg","23","male","","","28.7","5.70"
"3_1_2_20161219141746993.jpg.chip.jpg","3","female","1.106377124786377","-1.89","",""
"40_0_2_20170117155231261.jpg.chip.jpg","40","male","","","39","-1.00"
"26_1_1_20170116175448301.jpg.chip.jpg","26","female","","","28.7","2.70"
"1_0_2_20161219205702141.jpg.chip.jpg","1","male","0.6579223275184631","-0.34","",""
"70_1_0_20170110180456347.jpg.chip.jpg","70","female","","","39.1","-30.90"
"26_1_3_20170117153434885.jpg.chip.jpg","26","female","","","29.4","3.40"
"2_1_3_20161220145026015.jpg.chip.jpg","2","female","","","4","2.00"
"29_0_4_20170117180903787.jpg.chip.jpg","29","male","","","20.3","-8.70"
"9_0_1_20170110225103801.jpg.chip.jpg","9","male","","","28.8","19.80"
"26_1_0_20170103224921463.jpg.chip.jpg","26","female","","","29.3","3.30"
"82_0_4_20170117190644623.jpg.chip.jpg","82","male","","","68.9","-13.10"
"35_0_1_20170117151527396.jpg.chip.jpg","35","male","33.529014587402344","-1.47","23.5","-11.50"
"1_0_3_20161220222459155.jpg.chip.jpg","1","male","1.4383100271224976","0.44","",""
"36_1_0_20170117152056883.jpg.chip.jpg","36","female","","","30.4","-5.60"
"29_1_0_20170103180915991.jpg.chip.jpg","29","female","","","29.4","0.40"
"9_0_0_20170110220339426.jpg.chip.jpg","9","male","","","10.3","1.30"
"79_1_0_20170110131753196.jpg.chip.jpg","79","female","62.89085388183594","-16.11","49.2","-29.80"
"51_0_0_20170120222902121.jpg.chip.jpg","51","male","52.20998764038086","1.21","68.8","17.80"
"1_0_4_20161221194937848.jpg.chip.jpg","1","male","0.9059937596321106","-0.09","",""
"38_1_2_20170116162028800.jpg.chip.jpg","38","female","23.457599639892578","-14.54","16.1","-21.90"
"28_1_3_20170119195058724.jpg.chip.jpg","28","female","","","29.5","1.50"
"26_1_2_20170116180655987.jpg.chip.jpg","26","female","","","16.1","-9.90"
"70_1_0_20170110183435147.jpg.chip.jpg","70","female","71.07850646972656","1.08","29.3","-40.70"
"75_0_3_20170112224003785.jpg.chip.jpg","75","male","67.75767517089844","-7.24","69.1","-5.90"
"35_0_1_20170109001203061.jpg.chip.jpg","35","male","","","29.1","-5.90"
"10_0_0_20170110225537307.jpg.chip.jpg","10","male","12.473844528198242","2.47","16.5","6.50"
"29_1_1_20170117123750232.jpg.chip.jpg","29","female","","","29.4","0.40"
"38_0_3_20170119155935681.jpg.chip.jpg","38","male","","","29.3","-8.70"
"55_0_3_20170119205511952.jpg.chip.jpg","55","male","58.11623764038086","3.12","39.1","-15.90"
"32_0_1_20170116193730638.jpg.chip.jpg","32","male","","","28.7","-3.30"
"86_0_2_20170105174932870.jpg.chip.jpg","86","male","","","69","-17.00"
"46_0_0_20170113181403980.jpg.chip.jpg","46","male","","","38.7","-7.30"
"29_0_3_20170119171739135.jpg.chip.jpg","29","male","41.29852294921875","12.30","39.3","10.30"
"26_0_1_20170116210425844.jpg.chip.jpg","26","male","34.89893341064453","8.90","38.6","12.60"
"43_1_3_20170104232218274.jpg.chip.jpg","43","female","","","29.2","-13.80"
"14_1_0_20170109204135732.jpg.chip.jpg","14","female","10.828607559204102","-3.17","23.5","9.50"
"11_1_0_20170109205216790.jpg.chip.jpg","11","female","8.326555252075195","-2.67","9.6","-1.40"
"26_0_3_20170119192356378.jpg.chip.jpg","26","male","","","28.7","2.70"
"54_0_1_20170113151911864.jpg.chip.jpg","54","male","54.605533599853516","0.61","39.3","-14.70"
"80_1_0_20170110143302067.jpg.chip.jpg","80","female","","","53.5","-26.50"
"42_0_4_20170104204413955.jpg.chip.jpg","42","male","","","28.8","-13.20"
"36_0_0_20170109003634534.jpg.chip.jpg","36","male","","","39.3","3.30"
"21_0_3_20170117141644440.jpg.chip.jpg","21","male","","","33.5","12.50"
"26_1_1_20170116170849354.jpg.chip.jpg","26","female","","","29.3","3.30"
"12_0_2_20161219212833549.jpg.chip.jpg","12","male","2.771857261657715","-9.23","",""
"38_0_3_20170119202601638.jpg.chip.jpg","38","male","","","28.7","-9.30"
"90_1_0_20170110183737626.jpg.chip.jpg","90","female","87.88469696044922","-2.12","29.2","-60.80"
"35_0_0_20170117180527065.jpg.chip.jpg","35","male","38.56101989746094","3.56","34.3","-0.70"
"38_0_1_20170116001041187.jpg.chip.jpg","38","male","37.591896057128906","-0.41","33.5","-4.50"
"39_1_4_20170105173036253.jpg.chip.jpg","39","female","","","29.1","-9.90"
"20_0_1_20170113133046720.jpg.chip.jpg","20","male","","","28.7","8.70"
"34_1_1_20170116020412962.jpg.chip.jpg","34","female","","","28.6","-5.40"
"35_0_0_20170117134935863.jpg.chip.jpg","35","male","","","39","4.00"
"28_0_2_20170116180337639.jpg.chip.jpg","28","male","","","29.3","1.30"
"26_0_2_20170116182451477.jpg.chip.jpg","26","male","","","28.8","2.80"
"41_0_2_20170116192512743.jpg.chip.jpg","41","male","","","29.1","-11.90"
"53_1_0_20170110144754148.jpg.chip.jpg","53","female","45.32057571411133","-7.68","29.2","-23.80"
"23_1_0_20170117175925529.jpg.chip.jpg","23","female","","","29.5","6.50"
"26_1_2_20170103184117683.jpg.chip.jpg","26","female","","","29.3","3.30"
"77_0_0_20170111211341479.jpg.chip.jpg","77","male","63.78736877441406","-13.21","58.7","-18.30"
"1_1_3_20161219225943008.jpg.chip.jpg","1","female","","","",""
"1_0_1_20170110213111809.jpg.chip.jpg","1","male","3.6076040267944336","2.61","",""
"10_1_4_20170117195152197.jpg.chip.jpg","10","female","","","",""
"60_0_2_20170117171420930.jpg.chip.jpg","60","male","","","39.1","-20.90"
"28_0_1_20170117020012900.jpg.chip.jpg","28","male","","","",""
"16_1_0_20170104013358122.jpg.chip.jpg","16","female","","","29.2","13.20"
"25_0_0_20170117190909786.jpg.chip.jpg","25","male","","","28.7","3.70"
"36_1_0_20170113000608163.jpg.chip.jpg","36","female","32.30040740966797","-3.70","28.5","-7.50"
"18_0_1_20170120134900190.jpg.chip.jpg","18","male","","","28.9","10.90"
"24_0_1_20170113150729383.jpg.chip.jpg","24","male","","","34.3","10.30"
"24_1_2_20170116171535446.jpg.chip.jpg","24","female","","","29.5","5.50"
"69_0_0_20170111203934092.jpg.chip.jpg","69","male","62.78022766113281","-6.22","48.5","-20.50"
"35_0_2_20170116181329511.jpg.chip.jpg","35","male","","","38.8","3.80"
"42_0_4_20170104202440690.jpg.chip.jpg","42","male","","","28.6","-13.40"
"5_1_1_20170117192704482.jpg.chip.jpg","5","female","","","29","24.00"
"22_0_0_20170117143224571.jpg.chip.jpg","22","male","","","28.4","6.40"
"53_1_0_20170109220751701.jpg.chip.jpg","53","female","58.80615234375","5.81","36.4","-16.60"
"54_1_0_20170104235913154.jpg.chip.jpg","54","female","","","49.2","-4.80"
"51_0_3_20170119205628400.jpg.chip.jpg","51","male","","","28.9","-22.10"
"10_1_1_20170109202938302.jpg.chip.jpg","10","female","9.921772956848145","-0.08","28.8","18.80"
"8_1_2_20161219153017828.jpg.chip.jpg","8","female","5.966591835021973","-2.03","28.9","20.90"
"26_1_2_20170116180234218.jpg.chip.jpg","26","female","","","28.6","2.60"
"6_1_1_20161220220432570.jpg.chip.jpg","6","female","5.620194911956787","-0.38","8.8","2.80"
"48_0_0_20170113190615656.jpg.chip.jpg","48","male","","","29.3","-18.70"
"1_0_2_20170110213415212.jpg.chip.jpg","1","male","1.0228626728057861","0.02","",""
"59_1_0_20170105171834484.jpg.chip.jpg","59","female","","","28.9","-30.10"
"27_0_1_20170117010714017.jpg.chip.jpg","27","male","","","29.4","2.40"
"10_0_0_20170110225417177.jpg.chip.jpg","10","male","8.392056465148926","-1.61","9.3","-0.70"
"35_1_3_20170104231728913.jpg.chip.jpg","35","female","23.99982452392578","-11.00","29.4","-5.60"
"1_0_3_20161219224546584.jpg.chip.jpg","1","male","","","",""
"6_1_3_20161220223052131.jpg.chip.jpg","6","female","3.897124767303467","-2.10","4","-2.00"
"54_0_0_20170104212707930.jpg.chip.jpg","54","male","","","48.7","-5.30"
"24_0_1_20170116024612640.jpg.chip.jpg","24","male","","","29.2","5.20"
"8_1_0_20170109202422175.jpg.chip.jpg","8","female","","","8.6","0.60"
"53_0_0_20170111171747396.jpg.chip.jpg","53","male","58.939979553222656","5.94","54.7","1.70"
"21_1_1_20170114031500330.jpg.chip.jpg","21","female","","","22.5","1.50"
"12_1_0_20170109201553786.jpg.chip.jpg","12","female","10.67245101928711","-1.33","28.6","16.60"
"65_0_1_20170113184825438.jpg.chip.jpg","65","male","53.638648986816406","-11.36","58.6","-6.40"
"26_0_1_20170116205326371.jpg.chip.jpg","26","male","","","29.3","3.30"
"36_0_0_20170104203841107.jpg.chip.jpg","36","male","38.15867233276367","2.16","29.4","-6.60"
"2_0_2_20161219152009555.jpg.chip.jpg","2","male","0.9033832550048828","-1.10","",""
"41_0_0_20170117154715268.jpg.chip.jpg","41","male","","","28.9","-12.10"
"54_1_3_20170119211352971.jpg.chip.jpg","54","female","","","29.1","-24.90"
"40_1_1_20170113012546137.jpg.chip.jpg","40","female","31.380512237548828","-8.62","29.5","-10.50"
"37_0_2_20170116185935425.jpg.chip.jpg","37","male","","","29.2","-7.80"
"32_0_0_20170117120858247.jpg.chip.jpg","32","male","","","29.4","-2.60"
"26_1_0_20170116184507521.jpg.chip.jpg","26","female","","","28.5","2.50"
"25_0_4_20170117195058860.jpg.chip.jpg","25","male","","","29.3","4.30"
"32_1_0_20170117123939602.jpg.chip.jpg","32","female","","","28.7","-3.30"
"69_0_0_20170104184543900.jpg.chip.jpg","69","male","","","69.2","0.20"
"53_0_0_20170104212423829.jpg.chip.jpg","53","male","","","69.2","16.20"
"36_0_1_20170117154315346.jpg.chip.jpg","36","male","35.25022888183594","-0.75","39.3","3.30"
"60_1_0_20170110152225746.jpg.chip.jpg","60","female","54.9300537109375","-5.07","38.7","-21.30"
"2_1_4_20161221202436617.jpg.chip.jpg","2","female","1.7867581844329834","-0.21","",""
"34_1_1_20170117140052288.jpg.chip.jpg","34","female","","","29.3","-4.70"
"30_0_0_20170117120123025.jpg.chip.jpg","30","male","","","39.2","9.20"
"2_0_4_20161221200605305.jpg.chip.jpg","2","male","-0.05788612365722656","-2.06","29.2","27.20"
"62_1_0_20170110160643766.jpg.chip.jpg","62","female","62.1430778503418","0.14","36.3","-25.70"
"26_1_1_20170116234738082.jpg.chip.jpg","26","female","","","29.2","3.20"
"6_1_0_20170109201925765.jpg.chip.jpg","6","female","","","8.8","2.80"
"46_0_0_20170104184807318.jpg.chip.jpg","46","male","","","28.6","-17.40"
"26_1_2_20170116180315571.jpg.chip.jpg","26","female","","","29.2","3.20"
"28_1_4_20170117202606048.jpg.chip.jpg","28","female","46.407249450683594","18.41","29.2","1.20"
"24_0_1_20170117130104056.jpg.chip.jpg","24","male","","","23.7","-0.30"
"2_1_3_20161219225432608.jpg.chip.jpg","2","female","3.946352958679199","1.95","8","6.00"
"2_1_3_20161219230048688.jpg.chip.jpg","2","female","","","29.2","27.20"
"1_0_3_20161220145820446.jpg.chip.jpg","1","male","","","",""
"25_1_4_20170103234056789.jpg.chip.jpg","25","female","","","29.3","4.30"
"27_0_1_20170102233552626.jpg.chip.jpg","27","male","","","28.7","1.70"
"35_1_0_20170117134846646.jpg.chip.jpg","35","female","32.578128814697266","-2.42","29.5","-5.50"
"26_1_2_20170116175458291.jpg.chip.jpg","26","female","","","16.2","-9.80"
"42_0_0_20170105161358787.jpg.chip.jpg","42","male","","","28.6","-13.40"
"80_0_0_20170111205626183.jpg.chip.jpg","80","male","75.58695983886719","-4.41","69.2","-10.80"
"24_0_0_20170117150120578.jpg.chip.jpg","24","male","","","28.5","4.50"
"28_1_1_20170116171301974.jpg.chip.jpg","28","female","32.870548248291016","4.87","39.3","11.30"
"25_1_3_20170119172136505.jpg.chip.jpg","25","female","","","29.2","4.20"
"36_0_3_20170119150712949.jpg.chip.jpg","36","male","","","38.7","2.70"
"5_1_2_20161219200433267.jpg.chip.jpg","5","female","","","",""
"35_1_0_20170120134033334.jpg.chip.jpg","35","female","27.909183502197266","-7.09","30.5","-4.50"
"18_0_0_20170117140132816.jpg.chip.jpg","18","male","20.81476402282715","2.81","20.2","2.20"
"26_1_1_20170117183713316.jpg.chip.jpg","26","female","","","28.7","2.70"
"28_0_1_20170117020752716.jpg.chip.jpg","28","male","","","29.3","1.30"
"26_1_2_20170116184244368.jpg.chip.jpg","26","female","","","29.3","3.30"
"35_1_1_20170113012452639.jpg.chip.jpg","35","female","20.344324111938477","-14.66","29.4","-5.60"
"28_0_4_20170117020639219.jpg.chip.jpg","28","male","","","28.5","0.50"
"28_0_3_20170104220258078.jpg.chip.jpg","28","male","31.249359130859375","3.25","28.4","0.40"
"69_1_0_20170110153451295.jpg.chip.jpg","69","female","58.463165283203125","-10.54","69.1","0.10"
"28_0_1_20170116002900246.jpg.chip.jpg","28","male","28.890295028686523","0.89","28.6","0.60"
"34_0_3_20170119200600229.jpg.chip.jpg","34","male","","","29.3","-4.70"
"48_0_1_20170104212527708.jpg.chip.jpg","48","male","44.404632568359375","-3.60","38.7","-9.30"
"34_0_1_20170117141435706.jpg.chip.jpg","34","male","","","34.5","0.50"
"25_1_1_20170117164610754.jpg.chip.jpg","25","female","","","28.6","3.60"
"11_1_0_20170109203422194.jpg.chip.jpg","11","female","","","9.4","-1.60"
"26_1_2_20170116175900172.jpg.chip.jpg","26","female","","","29.3","3.30"
"1_1_2_20161219151127243.jpg.chip.jpg","1","female","0.787748396396637","-0.21","",""
"26_0_3_20170119183240167.jpg.chip.jpg","26","male","23.62005615234375","-2.38","29.3","3.30"
"45_0_1_20170113152719963.jpg.chip.jpg","45","male","","","28.8","-16.20"
"21_1_2_20170116170952380.jpg.chip.jpg","21","female","","","16.2","-4.80"
"50_0_4_20170117204204793.jpg.chip.jpg","50","male","","","39.2","-10.80"
"28_0_3_20170119194930475.jpg.chip.jpg","28","male","20.560775756835938","-7.44","28.7","0.70"
"99_1_2_20170117195405372.jpg.chip.jpg","99","female","","","69.1","-29.90"
"4_0_0_20161219203817325.jpg.chip.jpg","4","male","3.84163236618042","-0.16","4.1","0.10"
"60_0_0_20170120223043268.jpg.chip.jpg","60","male","","","58.6","-1.40"
"28_1_4_20170117202541845.jpg.chip.jpg","28","female","","","30.4","2.40"
"26_0_3_20170117154604988.jpg.chip.jpg","26","male","","","29.1","3.10"
"43_0_0_20170117155101372.jpg.chip.jpg","43","male","48.16878128051758","5.17","38.6","-4.40"
"46_0_0_20170104203049435.jpg.chip.jpg","46","male","","","38.7","-7.30"
"37_0_0_20170117183419508.jpg.chip.jpg","37","male","","","28.8","-8.20"
"65_1_0_20170110150303627.jpg.chip.jpg","65","female","","","38.9","-26.10"
"27_1_0_20170117164325646.jpg.chip.jpg","27","female","","","23.5","-3.50"
"31_0_0_20170117131124063.jpg.chip.jpg","31","male","","","28.6","-2.40"
"27_0_0_20170117013702526.jpg.chip.jpg","27","male","28.929370880126953","1.93","29.4","2.40"
"62_0_2_20170112221952114.jpg.chip.jpg","62","male","64.73209381103516","2.73","39.2","-22.80"
"61_0_2_20170112205734347.jpg.chip.jpg","61","male","","","38.8","-22.20"
"28_0_0_20170117180517775.jpg.chip.jpg","28","male","","","28.4","0.40"
"25_1_0_20170116003513392.jpg.chip.jpg","25","female","","","29.3","4.30"
"1_0_2_20161219203335428.jpg.chip.jpg","1","male","0.9016721844673157","-0.10","",""
"29_1_1_20170116001305894.jpg.chip.jpg","29","female","26.158679962158203","-2.84","29.5","0.50"
"20_1_0_20170117150259426.jpg.chip.jpg","20","female","","","28.8","8.80"
"14_0_4_20170103200608359.jpg.chip.jpg","14","male","11.159041404724121","-2.84","16.4","2.40"
"16_1_0_20170109214342165.jpg.chip.jpg","16","female","","","28.9","12.90"
"24_0_0_20170117145308498.jpg.chip.jpg","24","male","","","28.5","4.50"
"5_1_0_20170109192440854.jpg.chip.jpg","5","female","6.2170562744140625","1.22","8.7","3.70"
"39_0_4_20170104200827073.jpg.chip.jpg","39","male","","","38.7","-0.30"
"42_1_1_20170113011527191.jpg.chip.jpg","42","female","","","28.7","-13.30"
"26_0_1_20170116204840434.jpg.chip.jpg","26","male","","","23.7","-2.30"
"26_1_0_20170117200921982.jpg.chip.jpg","26","female","","","29","3.00"
"24_1_2_20170116174454662.jpg.chip.jpg","24","female","","","28.7","4.70"
"35_0_1_20170108224707492.jpg.chip.jpg","35","male","","","28.7","-6.30"
"28_1_3_20170104192939143.jpg.chip.jpg","28","female","","","29.2","1.20"
"18_1_0_20170109212828069.jpg.chip.jpg","18","female","","","29","11.00"
"26_0_0_20170116203328402.jpg.chip.jpg","26","male","","","39.2","13.20"
"25_0_1_20170113133830608.jpg.chip.jpg","25","male","","","28.7","3.70"
"15_1_4_20170103223416559.jpg.chip.jpg","15","female","12.295760154724121","-2.70","28.9","13.90"
"50_0_3_20170119205545190.jpg.chip.jpg","50","male","","","48.6","-1.40"
"18_1_4_20170103224632313.jpg.chip.jpg","18","female","","","28.9","10.90"
"33_1_0_20170117171111730.jpg.chip.jpg","33","female","32.235660552978516","-0.76","36.4","3.40"
"27_1_1_20170117010422359.jpg.chip.jpg","27","female","","","29.3","2.30"
"1_0_4_20161221193606310.jpg.chip.jpg","1","male","0.5789545774459839","-0.42","",""
"25_1_3_20170117152032667.jpg.chip.jpg","25","female","26.375106811523438","1.38","30.4","5.40"
"18_1_3_20170104221920967.jpg.chip.jpg","18","female","","","9.1","-8.90"
"26_1_2_20170116182159301.jpg.chip.jpg","26","female","26.245363235473633","0.25","16.2","-9.80"
"45_0_3_20170105001317092.jpg.chip.jpg","45","male","","","39.2","-5.80"
"4_0_3_20170109131758363.jpg.chip.jpg","4","male","2.7539479732513428","-1.25","4","0.00"
"34_1_0_20170103183147490.jpg.chip.jpg","34","female","","","29.2","-4.80"
"31_0_2_20170116191346864.jpg.chip.jpg","31","male","45.157108306884766","14.16","38.8","7.80"
"7_0_0_20170110215944035.jpg.chip.jpg","7","male","3.3927929401397705","-3.61","8.7","1.70"
"46_0_1_20170113151900392.jpg.chip.jpg","46","male","42.685760498046875","-3.31","29.3","-16.70"
"36_0_2_20170116191943513.jpg.chip.jpg","36","male","42.02484893798828","6.02","29.1","-6.90"
"31_0_4_20170117123923204.jpg.chip.jpg","31","male","29.69120216369629","-1.31","38.8","7.80"
"26_1_1_20170116162448538.jpg.chip.jpg","26","female","","","28.7","2.70"
"45_0_3_20170119183704615.jpg.chip.jpg","45","male","","","29.3","-15.70"
"80_1_0_20170110183156137.jpg.chip.jpg","80","female","80.85228729248047","0.85","69.2","-10.80"
"2_1_2_20170103213340236.jpg.chip.jpg","2","female","","","",""
"68_1_0_20170110143406927.jpg.chip.jpg","68","female","","","36.3","-31.70"
"37_1_0_20170117172109990.jpg.chip.jpg","37","female","","","29.3","-7.70"
"4_1_3_20161219225233848.jpg.chip.jpg","4","female","","","4","0.00"
"26_1_3_20170119192328849.jpg.chip.jpg","26","female","","","29.4","3.40"
"10_0_0_20170110215927291.jpg.chip.jpg","10","male","11.269010543823242","1.27","16.4","6.40"
"10_0_0_20170110225243501.jpg.chip.jpg","10","male","","","9.2","-0.80"
"55_1_1_20170117202741735.jpg.chip.jpg","55","female","66.64093017578125","11.64","44.7","-10.30"
"45_0_0_20170120221844935.jpg.chip.jpg","45","male","","","38.5","-6.50"
"75_0_0_20170111210708463.jpg.chip.jpg","75","male","75.96009063720703","0.96","69.2","-5.80"
"25_1_3_20170104231534609.jpg.chip.jpg","25","female","","","29.4","4.40"
"45_0_0_20170105172826437.jpg.chip.jpg","45","male","","","29.2","-15.80"
"52_0_0_20170103183600794.jpg.chip.jpg","52","male","","","48.7","-3.30"
"70_0_0_20170117190327764.jpg.chip.jpg","70","male","","","69","-1.00"
"42_0_0_20170117154729044.jpg.chip.jpg","42","male","39.09562301635742","-2.90","43.5","1.50"
"28_0_0_20170116212026440.jpg.chip.jpg","28","male","","","28.8","0.80"
"32_0_0_20170117133449025.jpg.chip.jpg","32","male","","","35.5","3.50"
"60_0_0_20170104211850356.jpg.chip.jpg","60","male","59.341495513916016","-0.66","39.1","-20.90"
"24_0_3_20170119164640038.jpg.chip.jpg","24","male","","","28.7","4.70"
"7_0_2_20161219193457075.jpg.chip.jpg","7","male","","","8.8","1.80"
"1_0_2_20161219140952943.jpg.chip.jpg","1","male","","","",""
"3_1_2_20161219141805465.jpg.chip.jpg","3","female","1.624285340309143","-1.38","",""
"80_0_0_20170117172944233.jpg.chip.jpg","80","male","","","69.1","-10.90"
"26_1_1_20170116153211138.jpg.chip.jpg","26","female","","","28.7","2.70"
"21_0_0_20170104230059401.jpg.chip.jpg","21","male","22.107860565185547","1.11","20.5","-0.50"
"2_1_3_20161219230338336.jpg.chip.jpg","2","female","","","29.3","27.30"
"29_1_1_20170113001147795.jpg.chip.jpg","29","female","","","28.8","-0.20"
"18_0_2_20170110231202841.jpg.chip.jpg","18","male","15.441445350646973","-2.56","16.2","-1.80"
"81_1_0_20170120230502538.jpg.chip.jpg","81","female","","","29.3","-51.70"
"53_0_0_20170117163717545.jpg.chip.jpg","53","male","","","58.7","5.70"
"54_1_3_20170119211354201.jpg.chip.jpg","54","female","","","29.2","-24.80"
"88_1_0_20170120230317497.jpg.chip.jpg","88","female","","","69.2","-18.80"
"54_0_3_20170119210215231.jpg.chip.jpg","54","male","","","68.9","14.90"
"26_1_3_20170104223128119.jpg.chip.jpg","26","female","","","16.1","-9.90"
"27_1_2_20170116162057519.jpg.chip.jpg","27","female","","","28.7","1.70"
"35_0_1_20170113185501169.jpg.chip.jpg","35","male","","","29.2","-5.80"
"47_0_3_20170119202334925.jpg.chip.jpg","47","male","","","29.4","-17.60"
"53_1_0_20170104184217989.jpg.chip.jpg","53","female","72.36631774902344","19.37","49.3","-3.70"
"26_1_1_20170113011707503.jpg.chip.jpg","26","female","","","28.8","2.80"
"38_1_2_20170109002533677.jpg.chip.jpg","38","female","","","29.2","-8.80"
"24_1_2_20170104021837189.jpg.chip.jpg","24","female","19.46370506286621","-4.54","16.2","-7.80"
"2_1_3_20161219224442584.jpg.chip.jpg","2","female","","","",""
"30_1_4_20170103182430449.jpg.chip.jpg","30","female","","","29.5","-0.50"
"67_1_0_20170110131843433.jpg.chip.jpg","67","female","70.62748718261719","3.63","48.6","-18.40"
"26_0_3_20170119183323670.jpg.chip.jpg","26","male","","","28.5","2.50"
"1_0_2_20161219155759221.jpg.chip.jpg","1","male","1.0118714570999146","0.01","",""
"32_0_1_20170113174103202.jpg.chip.jpg","32","male","26.93215560913086","-5.07","23.5","-8.50"
"53_1_0_20170103183702714.jpg.chip.jpg","53","female","","","29.1","-23.90"
"23_0_1_20170113195548821.jpg.chip.jpg","23","male","52.64514923095703","29.65","34.4","11.40"
"1_0_2_20170109191125532.jpg.chip.jpg","1","male","0.8994163870811462","-0.10","",""
"45_0_0_20170120221308125.jpg.chip.jpg","45","male","40.442481994628906","-4.56","35.7","-9.30"
"28_1_0_20170116220243853.jpg.chip.jpg","28","female","","","29.2","1.20"
"38_1_0_20170117121950680.jpg.chip.jpg","38","female","","","29.1","-8.90"
"26_0_1_20170116231231576.jpg.chip.jpg","26","male","","","28.5","2.50"
"35_0_1_20170117121610224.jpg.chip.jpg","35","male","","","28.7","-6.30"
"1_1_0_20170109191436874.jpg.chip.jpg","1","female","","","",""
"28_1_4_20170117170432153.jpg.chip.jpg","28","female","","","29.4","1.40"
"26_0_4_20170117195722036.jpg.chip.jpg","26","male","","","28.8","2.80"
"43_1_1_20170112235219665.jpg.chip.jpg","43","female","","","29","-14.00"
"55_0_0_20170113190612249.jpg.chip.jpg","55","male","","","28.8","-26.20"
"28_0_0_20170117202434527.jpg.chip.jpg","28","male","","","33.5","5.50"
"53_0_3_20170119205806352.jpg.chip.jpg","53","male","54.168155670166016","1.17","29.4","-23.60"
"14_0_0_20170110232523770.jpg.chip.jpg","14","male","","","9.3","-4.70"
"53_0_0_20170104213317911.jpg.chip.jpg","53","male","","","39.3","-13.70"
"30_0_1_20170113134204447.jpg.chip.jpg","30","male","35.03723907470703","5.04","28.6","-1.40"
"10_1_0_20170109202251032.jpg.chip.jpg","10","female","9.440279006958008","-0.56","9.1","-0.90"
"24_1_3_20170104235106686.jpg.chip.jpg","24","female","","","29.2","5.20"
"35_0_1_20170113155220675.jpg.chip.jpg","35","male","35.17218780517578","0.17","28.5","-6.50"
"23_1_3_20161220222123987.jpg.chip.jpg","23","female","","","28.8","5.80"
"1_0_2_20161219142409225.jpg.chip.jpg","1","male","0.9298350811004639","-0.07","",""
"80_1_0_20170110131652409.jpg.chip.jpg","80","female","84.55702209472656","4.56","69.2","-10.80"
"26_1_3_20170119192546129.jpg.chip.jpg","26","female","","","29.3","3.30"
"1_0_2_20161219161431358.jpg.chip.jpg","1","male","","","",""
"2_0_2_20161219162359990.jpg.chip.jpg","2","male","","","",""
"27_1_0_20170116173136538.jpg.chip.jpg","27","female","","","28.5","1.50"
"64_0_0_20170117164559526.jpg.chip.jpg","64","male","65.92768096923828","1.93","28.8","-35.20"
"79_1_0_20170120225601889.jpg.chip.jpg","79","female","","","29.2","-49.80"
"38_1_0_20170104201451243.jpg.chip.jpg","38","female","","","29.3","-8.70"
"23_1_3_20170105002606965.jpg.chip.jpg","23","female","","","29.5","6.50"
"55_0_0_20170117155725626.jpg.chip.jpg","55","male","","","44.5","-10.50"
"42_1_0_20170109004749442.jpg.chip.jpg","42","female","","","28.9","-13.10"
"30_0_1_20170113173357107.jpg.chip.jpg","30","male","","","23.8","-6.20"
"47_0_3_20170119193252674.jpg.chip.jpg","47","male","","","29.3","-17.70"
"44_1_0_20170111182452895.jpg.chip.jpg","44","female","","","28.4","-15.60"
"90_1_0_20170110183401767.jpg.chip.jpg","90","female","93.52640533447266","3.53","29.3","-60.70"
"2_1_2_20161219142427449.jpg.chip.jpg","2","female","1.3018330335617065","-0.70","",""
"27_1_0_20170117175942220.jpg.chip.jpg","27","female","46.90241241455078","19.90","48.7","21.70"
"53_0_0_20170117191002777.jpg.chip.jpg","53","male","","","29.2","-23.80"
"7_1_0_20170109204120279.jpg.chip.jpg","7","female","5.9014716148376465","-1.10","8.6","1.60"
"1_0_2_20161219203650636.jpg.chip.jpg","1","male","1.0853227376937866","0.09","",""
"60_1_0_20170110131859302.jpg.chip.jpg","60","female","","","49.3","-10.70"
"61_0_0_20170120225132849.jpg.chip.jpg","61","male","","","48.7","-12.30"
"28_0_0_20170117145726220.jpg.chip.jpg","28","male","","","34.6","6.60"
"27_1_2_20170116170956198.jpg.chip.jpg","27","female","18.999488830566406","-8.00","28.9","1.90"
"34_0_0_20170113142058154.jpg.chip.jpg","34","male","","","28.5","-5.50"
"4_1_0_20161220220732418.jpg.chip.jpg","4","female","2.015998125076294","-1.98","",""
"5_1_0_20170109193010080.jpg.chip.jpg","5","female","4.70040225982666","-0.30","28.8","23.80"
"23_1_3_20170116173247226.jpg.chip.jpg","23","female","","","29.5","6.50"
"44_1_3_20170109141426511.jpg.chip.jpg","44","female","46.38111877441406","2.38","28.8","-15.20"
"25_0_4_20170117151414412.jpg.chip.jpg","25","male","","","29.1","4.10"
"7_1_0_20170109205254531.jpg.chip.jpg","7","female","10.110821723937988","3.11","22.3","15.30"
"58_0_0_20170111195348887.jpg.chip.jpg","58","male","","","44.4","-13.60"
"70_0_0_20170117171634067.jpg.chip.jpg","70","male","57.68769454956055","-12.31","38.8","-31.20"
"5_1_1_20170112210544957.jpg.chip.jpg","5","female","2.622166633605957","-2.38","",""
"32_0_4_20170104181254053.jpg.chip.jpg","32","male","","","29.3","-2.70"
"28_0_1_20170113151216654.jpg.chip.jpg","28","male","","","28.7","0.70"
"54_0_0_20170104212621156.jpg.chip.jpg","54","male","","","39","-15.00"
"26_1_1_20170116225013300.jpg.chip.jpg","26","female","30.404172897338867","4.40","29.5","3.50"
"26_1_2_20170104020149844.jpg.chip.jpg","26","female","17.31294822692871","-8.69","22.4","-3.60"
"28_1_1_20170109132457432.jpg.chip.jpg","28","female","","","23.5","-4.50"
"26_1_2_20170104022148861.jpg.chip.jpg","26","female","23.425580978393555","-2.57","29.4","3.40"
"90_0_3_20170111210252274.jpg.chip.jpg","90","male","","","36.8","-53.20"
"34_0_1_20170117020018932.jpg.chip.jpg","34","male","","","31.5","-2.50"
"35_0_0_20170117150114482.jpg.chip.jpg","35","male","","","29.4","-5.60"
"1_0_2_20161219155542229.jpg.chip.jpg","1","male","","","29","28.00"
"37_0_0_20170116201223316.jpg.chip.jpg","37","male","","","28.7","-8.30"
"17_0_0_20170116221917954.jpg.chip.jpg","17","male","","","28.9","11.90"
"7_0_0_20170110224332642.jpg.chip.jpg","7","male","8.729442596435547","1.73","4.1","-2.90"
"42_0_0_20170113184535624.jpg.chip.jpg","42","male","","","29.4","-12.60"
"24_1_2_20170116165608430.jpg.chip.jpg","24","female","26.01809310913086","2.02","16.1","-7.90"
"28_1_0_20170116211818606.jpg.chip.jpg","28","female","","","29.1","1.10"
"34_0_1_20170117140814015.jpg.chip.jpg","34","male","","","23.3","-10.70"
"30_0_0_20170117130633696.jpg.chip.jpg","30","male","","","38.6","8.60"
"26_0_3_20170119181349862.jpg.chip.jpg","26","male","","","28.9","2.90"
"1_0_0_20170110212652648.jpg.chip.jpg","1","male","","","",""
"38_0_2_20170116173400198.jpg.chip.jpg","38","male","","","28.7","-9.30"
"59_0_0_20170111203940975.jpg.chip.jpg","59","male","","","69.1","10.10"
"42_0_2_20170104184350086.jpg.chip.jpg","42","male","","","38.9","-3.10"
"30_1_0_20170104185111694.jpg.chip.jpg","30","female","","","29.3","-0.70"
"53_0_0_20170120223117140.jpg.chip.jpg","53","male","58.214012145996094","5.21","44.4","-8.60"
"53_0_0_20170117161110830.jpg.chip.jpg","53","male","","","34.3","-18.70"
"26_0_1_20170113134249474.jpg.chip.jpg","26","male","","","28.7","2.70"
"7_1_0_20170104005339735.jpg.chip.jpg","7","female","3.25540828704834","-3.74","",""
"85_0_0_20170112224320554.jpg.chip.jpg","85","male","","","29.3","-55.70"
"68_0_0_20170111202050714.jpg.chip.jpg","68","male","68.91917419433594","0.92","38.7","-29.30"
"26_1_2_20170116184626759.jpg.chip.jpg","26","female","","","29.5","3.50"
"22_1_1_20170104005441633.jpg.chip.jpg","22","female","","","28.7","6.70"
"31_1_3_20170104235227202.jpg.chip.jpg","31","female","","","28.6","-2.40"
"26_0_3_20170117154557054.jpg.chip.jpg","26","male","","","33.5","7.50"
"3_1_0_20161219190805051.jpg.chip.jpg","3","female","","","",""
"31_1_0_20170117181946996.jpg.chip.jpg","31","female","","","28.5","-2.50"
"25_1_0_20170119172027811.jpg.chip.jpg","25","female","22.616769790649414","-2.38","28.6","3.60"
"31_0_1_20170116191341541.jpg.chip.jpg","31","male","","","29.4","-1.60"
"67_0_0_20170104213345869.jpg.chip.jpg","67","male","","","69.2","2.20"
"37_1_1_20170116152605949.jpg.chip.jpg","37","female","22.988073348999023","-14.01","29.3","-7.70"
"42_1_0_20170109142131660.jpg.chip.jpg","42","female","","","29.3","-12.70"
"50_0_3_20170119205556344.jpg.chip.jpg","50","male","62.770320892333984","12.77","29.3","-20.70"
"8_1_0_20170109205428806.jpg.chip.jpg","8","female","9.103248596191406","1.10","9.3","1.30"
"20_1_4_20170103230550945.jpg.chip.jpg","20","female","","","29.6","9.60"
"53_1_0_20170116200916159.jpg.chip.jpg","53","female","","","9","-44.00"
"43_0_0_20170117175406746.jpg.chip.jpg","43","male","","","39.3","-3.70"
"26_0_0_20170117172630031.jpg.chip.jpg","26","male","","","28.8","2.80"
"27_0_0_20170104193647416.jpg.chip.jpg","27","male","","","29","2.00"
"15_1_3_20170104222011950.jpg.chip.jpg","15","female","","","28.5","13.50"
"8_1_0_20170109202748999.jpg.chip.jpg","8","female","8.598295211791992","0.60","28.7","20.70"
"23_0_2_20170116221009406.jpg.chip.jpg","23","male","","","29","6.00"
"28_0_4_20170104201846426.jpg.chip.jpg","28","male","","","28.5","0.50"
"12_1_0_20170109203709140.jpg.chip.jpg","12","female","8.410432815551758","-3.59","29.2","17.20"
"32_1_3_20170119200439598.jpg.chip.jpg","32","female","38.883663177490234","6.88","29.4","-2.60"
"24_0_0_20170117145303338.jpg.chip.jpg","24","male","","","29.3","5.30"
"40_0_0_20170113184131287.jpg.chip.jpg","40","male","43.97854995727539","3.98","38.8","-1.20"
"32_0_2_20170104170708615.jpg.chip.jpg","32","male","","","29.2","-2.80"
"9_0_0_20170110215514548.jpg.chip.jpg","9","male","10.00794506072998","1.01","15.7","6.70"
"27_1_3_20170119164348390.jpg.chip.jpg","27","female","25.563655853271484","-1.44","23.5","-3.50"
"23_1_0_20170117142807780.jpg.chip.jpg","23","female","","","29.6","6.60"
"59_0_0_20170104185548054.jpg.chip.jpg","59","male","","","48.7","-10.30"
"67_0_0_20170120224529039.jpg.chip.jpg","67","male","","","39","-28.00"
"62_0_1_20170113154852003.jpg.chip.jpg","62","male","53.122684478759766","-8.88","39.2","-22.80"
"60_1_0_20170110140847057.jpg.chip.jpg","60","female","","","36.4","-23.60"
"31_1_0_20170103183716629.jpg.chip.jpg","31","female","55.461795806884766","24.46","38.8","7.80"
"1_1_0_20161219154510229.jpg.chip.jpg","1","female","","","",""
"42_1_0_20170104235631908.jpg.chip.jpg","42","female","","","48.6","6.60"
"40_1_1_20170113001356402.jpg.chip.jpg","40","female","30.377042770385742","-9.62","29.4","-10.60"
"21_0_0_20170117141435314.jpg.chip.jpg","21","male","","","28.9","7.90"
"2_0_3_20161219225927088.jpg.chip.jpg","2","male","1.3735768795013428","-0.63","",""
"65_1_0_20170117173004744.jpg.chip.jpg","65","female","","","69","4.00"
"26_1_1_20170116011425192.jpg.chip.jpg","26","female","","","28.6","2.60"
"28_1_1_20170116023923708.jpg.chip.jpg","28","female","","","29.2","1.20"
"20_1_1_20170112231743279.jpg.chip.jpg","20","female","20.39656639099121","0.40","28.6","8.60"
"26_0_1_20170116210446985.jpg.chip.jpg","26","male","","","28.6","2.60"
"35_0_0_20170119200935316.jpg.chip.jpg","35","male","","","28.6","-6.40"
"49_1_1_20170113184406976.jpg.chip.jpg","49","female","","","28.9","-20.10"
"23_1_2_20170116173159941.jpg.chip.jpg","23","female","","","30.5","7.50"
"8_0_0_20170103210815996.jpg.chip.jpg","8","male","","","",""
"34_0_0_20170116193345729.jpg.chip.jpg","34","male","","","38.7","4.70"
"57_0_0_20170105184101967.jpg.chip.jpg","57","male","","","48.7","-8.30"
"4_1_2_20161219142601553.jpg.chip.jpg","4","female","1.7949321269989014","-2.21","",""
"32_1_1_20170115235516131.jpg.chip.jpg","32","female","","","29.5","-2.50"
"28_0_1_20170117165836339.jpg.chip.jpg","28","male","","","28.5","0.50"
"23_0_3_20170117144200145.jpg.chip.jpg","23","male","","","29.3","6.30"
"16_0_0_20170104230001113.jpg.chip.jpg","16","male","22.694536209106445","6.69","28.5","12.50"
"43_1_3_20170109141039762.jpg.chip.jpg","43","female","","","29.2","-13.80"
"41_0_0_20170117140625076.jpg.chip.jpg","41","male","","","28.5","-12.50"
"11_1_0_20170109204546617.jpg.chip.jpg","11","female","11.255572319030762","0.26","13.4","2.40"
"26_0_3_20170119180528964.jpg.chip.jpg","26","male","","","33.7","7.70"
"20_0_1_20170113132703608.jpg.chip.jpg","20","male","26.517696380615234","6.52","28.6","8.60"
"30_1_2_20170116171040262.jpg.chip.jpg","30","female","25.01131820678711","-4.99","28.6","-1.40"
"61_0_0_20170120225230386.jpg.chip.jpg","61","male","","","48.7","-12.30"
"10_1_0_20170109203427416.jpg.chip.jpg","10","female","","","9.2","-0.80"
"37_0_0_20170104011358104.jpg.chip.jpg","37","male","","","39.2","2.20"
"26_1_1_20170114024504169.jpg.chip.jpg","26","female","26.802978515625","0.80","28.5","2.50"
"20_0_3_20170104214317461.jpg.chip.jpg","20","male","","","28.5","8.50"
"27_0_4_20161219194059843.jpg.chip.jpg","27","male","25.61768913269043","-1.38","28.6","1.60"
"45_1_0_20170109135632551.jpg.chip.jpg","45","female","","","69","24.00"
"54_0_0_20170111195752794.jpg.chip.jpg","54","male","50.844215393066406","-3.16","39.5","-14.50"
"30_0_1_20170116191707734.jpg.chip.jpg","30","male","27.988826751708984","-2.01","38.7","8.70"
"34_1_1_20170115235753191.jpg.chip.jpg","34","female","23.340621948242188","-10.66","28.7","-5.30"
"56_0_0_20170117000257766.jpg.chip.jpg","56","male","","","39.4","-16.60"
"49_1_3_20170104235844116.jpg.chip.jpg","49","female","","","39.2","-9.80"
"31_1_3_20170104234514954.jpg.chip.jpg","31","female","","","29.4","-1.60"
"18_1_0_20170109212536049.jpg.chip.jpg","18","female","","","28.8","10.80"
"24_1_1_20170116022047558.jpg.chip.jpg","24","female","16.925825119018555","-7.07","28.6","4.60"
"31_0_1_20170113142511604.jpg.chip.jpg","31","male","","","23.6","-7.40"
"27_1_0_20170117010449413.jpg.chip.jpg","27","female","12.307497024536133","-14.69","28.9","1.90"
"35_0_0_20170104172415386.jpg.chip.jpg","35","male","44.3536376953125","9.35","38.8","3.80"
"24_1_4_20170103223911478.jpg.chip.jpg","24","female","","","28.6","4.60"
"36_0_0_20170116011210805.jpg.chip.jpg","36","male","","","28.6","-7.40"
"57_1_0_20170110141704735.jpg.chip.jpg","57","female","55.948997497558594","-1.05","36.6","-20.40"
"67_0_1_20170117172054412.jpg.chip.jpg","67","male","","","34.6","-32.40"
"27_1_0_20170116204847296.jpg.chip.jpg","27","female","23.461523056030273","-3.54","23.7","-3.30"
"25_0_1_20170117195050698.jpg.chip.jpg","25","male","","","28.9","3.90"
"26_0_0_20170116224921695.jpg.chip.jpg","26","male","","","29.3","3.30"
"58_0_0_20170120224028072.jpg.chip.jpg","58","male","","","38.8","-19.20"
"36_0_3_20170119201733085.jpg.chip.jpg","36","male","","","38.7","2.70"
"26_0_1_20170116192339054.jpg.chip.jpg","26","male","","","29.3","3.30"
"24_1_3_20170119171011143.jpg.chip.jpg","24","female","","","29.3","5.30"
"43_1_0_20170111182452890.jpg.chip.jpg","43","female","","","29.4","-13.60"
"28_0_2_20170116162019874.jpg.chip.jpg","28","male","","","28.7","0.70"
"52_0_3_20170119205715174.jpg.chip.jpg","52","male","57.02946853637695","5.03","68.9","16.90"
"26_1_0_20170113210604325.jpg.chip.jpg","26","female","59.36079788208008","33.36","28.9","2.90"
"13_0_3_20170110232628896.jpg.chip.jpg","13","male","16.90781593322754","3.91","28.6","15.60"
"28_1_2_20170116162435106.jpg.chip.jpg","28","female","20.509220123291016","-7.49","29.5","1.50"
"53_0_0_20170109012709495.jpg.chip.jpg","53","male","56.05083465576172","3.05","48.6","-4.40"
"65_1_0_20170110122721426.jpg.chip.jpg","65","female","","","48.8","-16.20"
"49_1_0_20170104205013876.jpg.chip.jpg","49","female","59.709197998046875","10.71","48.8","-0.20"
"35_0_0_20170120221032076.jpg.chip.jpg","35","male","30.947782516479492","-4.05","28.7","-6.30"
"24_1_2_20170116174526687.jpg.chip.jpg","24","female","","","29.7","5.70"
"25_1_3_20170119171512535.jpg.chip.jpg","25","female","","","29","4.00"
"23_1_2_20170116173157614.jpg.chip.jpg","23","female","19.40303611755371","-3.60","29.1","6.10"
"20_0_0_20170113132332102.jpg.chip.jpg","20","male","","","20.4","0.40"
"1_1_2_20161219193320219.jpg.chip.jpg","1","female","1.0807580947875977","0.08","",""
"18_1_4_20170103223026335.jpg.chip.jpg","18","female","","","28.9","10.90"
"54_1_0_20170103183759282.jpg.chip.jpg","54","female","","","38.8","-15.20"
"40_1_0_20170117152046787.jpg.chip.jpg","40","female","","","38.6","-1.40"
"26_0_1_20170113182414254.jpg.chip.jpg","26","male","25.244592666625977","-0.76","28.7","2.70"
"13_0_0_20170110225302179.jpg.chip.jpg","13","male","","","28.7","15.70"
"80_0_0_20170111211628015.jpg.chip.jpg","80","male","82.97340393066406","2.97","69.2","-10.80"
"28_0_0_20170116003131512.jpg.chip.jpg","28","male","","","38.6","10.60"
"61_0_3_20170119211907034.jpg.chip.jpg","61","male","","","29.2","-31.80"
"25_0_1_20170113142520572.jpg.chip.jpg","25","male","","","28.8","3.80"
"35_1_4_20170117201754494.jpg.chip.jpg","35","female","","","29.3","-5.70"
"1_0_2_20161219222219286.jpg.chip.jpg","1","male","","","",""
"29_0_3_20170117180741530.jpg.chip.jpg","29","male","","","28.6","-0.40"
"28_1_1_20170116225020910.jpg.chip.jpg","28","female","","","29.5","1.50"
"34_1_2_20170104204327523.jpg.chip.jpg","34","female","","","29.1","-4.90"
"31_1_0_20170113210319897.jpg.chip.jpg","31","female","","","29.3","-1.70"
"29_0_3_20170119164049077.jpg.chip.jpg","29","male","28.394237518310547","-0.61","28.8","-0.20"
"37_0_0_20170104201816626.jpg.chip.jpg","37","male","","","38.9","1.90"
"24_1_2_20170116174503300.jpg.chip.jpg","24","female","18.979238510131836","-5.02","16.1","-7.90"
"35_0_3_20170116235352900.jpg.chip.jpg","35","male","","","38.9","3.90"
"5_0_0_20170110215956675.jpg.chip.jpg","5","male","3.6792945861816406","-1.32","4.1","-0.90"
"20_1_0_20170103175634288.jpg.chip.jpg","20","female","","","23.7","3.70"
"21_0_4_20170117141839865.jpg.chip.jpg","21","male","26.511505126953125","5.51","29.4","8.40"
"29_0_1_20170108235740510.jpg.chip.jpg","29","male","","","39.3","10.30"
"36_1_1_20170113001436331.jpg.chip.jpg","36","female","25.455657958984375","-10.54","23.6","-12.40"
"1_1_2_20161219141525504.jpg.chip.jpg","1","female","","","28.8","27.80"
"26_0_4_20170117200533197.jpg.chip.jpg","26","male","32.47613525390625","6.48","38.6","12.60"
"68_1_0_20170110122621083.jpg.chip.jpg","68","female","","","49.2","-18.80"
"23_0_3_20170119163841604.jpg.chip.jpg","23","male","27.320270538330078","4.32","28.7","5.70"
"22_1_2_20170116172719532.jpg.chip.jpg","22","female","20.25130271911621","-1.75","29.4","7.40"
"38_1_0_20170104200929513.jpg.chip.jpg","38","female","","","29.3","-8.70"
"28_0_0_20170116174356539.jpg.chip.jpg","28","male","","","38.8","10.80"
"53_1_0_20170109012819625.jpg.chip.jpg","53","female","60.19932556152344","7.20","29","-24.00"
"63_0_0_20170120225701457.jpg.chip.jpg","63","male","","","38.9","-24.10"
"26_1_0_20170117175311145.jpg.chip.jpg","26","female","","","23.6","-2.40"
"53_1_0_20170117204229856.jpg.chip.jpg","53","female","","","49.2","-3.80"
"82_1_1_20170112224554283.jpg.chip.jpg","82","female","","","49.2","-32.80"
"28_0_3_20170117144207130.jpg.chip.jpg","28","male","","","29.3","1.30"
"37_0_0_20170104205214549.jpg.chip.jpg","37","male","","","38.6","1.60"
"86_0_0_20170111223837209.jpg.chip.jpg","86","male","","","69.3","-16.70"
"52_0_0_20170113184840654.jpg.chip.jpg","52","male","","","39.2","-12.80"
"61_0_3_20170117174814245.jpg.chip.jpg","61","male","","","39.2","-21.80"
"37_1_1_20170116021749594.jpg.chip.jpg","37","female","","","28.6","-8.40"
"25_0_0_20170117192955499.jpg.chip.jpg","25","male","","","21.5","-3.50"
"3_0_4_20170103202821873.jpg.chip.jpg","3","male","1.9536981582641602","-1.05","4","1.00"
"92_1_0_20170110182333823.jpg.chip.jpg","92","female","80.03654479980469","-11.96","44.3","-47.70"
"4_1_0_20161219153720476.jpg.chip.jpg","4","female","2.3980629444122314","-1.60","",""
"34_0_1_20170117020023943.jpg.chip.jpg","34","male","37.88808059692383","3.89","34.6","0.60"
"39_0_0_20170104181221245.jpg.chip.jpg","39","male","","","33.7","-5.30"
"13_0_0_20170103201032542.jpg.chip.jpg","13","male","17.975582122802734","4.98","28.8","15.80"
"26_1_3_20170119192255577.jpg.chip.jpg","26","female","","","28.9","2.90"
"42_0_0_20170117154836485.jpg.chip.jpg","42","male","","","38.6","-3.40"
"34_0_0_20170104174028507.jpg.chip.jpg","34","male","","","28.8","-5.20"
"32_0_2_20170109015216754.jpg.chip.jpg","32","male","","","29","-3.00"
"35_0_1_20170117190123993.jpg.chip.jpg","35","male","","","29.2","-5.80"
"29_1_0_20170117130629633.jpg.chip.jpg","29","female","","","36.5","7.50"
"61_0_1_20170113190738584.jpg.chip.jpg","61","male","66.71188354492188","5.71","9.1","-51.90"
"38_0_1_20170116010748407.jpg.chip.jpg","38","male","","","29.3","-8.70"
"39_0_3_20170104220730909.jpg.chip.jpg","39","male","","","38.6","-0.40"
"28_1_0_20170112235209623.jpg.chip.jpg","28","female","","","28.5","0.50"
"30_1_0_20170117140139022.jpg.chip.jpg","30","female","","","29.6","-0.40"
"41_1_1_20170117021604893.jpg.chip.jpg","41","female","25.841854095458984","-15.16","29","-12.00"
"24_1_3_20170104223049680.jpg.chip.jpg","24","female","","","29.5","5.50"
"28_1_1_20170117020448529.jpg.chip.jpg","28","female","","","29.1","1.10"
"37_0_0_20170104202623003.jpg.chip.jpg","37","male","","","28.6","-8.40"
"70_0_0_20170111221935159.jpg.chip.jpg","70","male","72.58446502685547","2.58","48.8","-21.20"
"26_1_1_20170116231834520.jpg.chip.jpg","26","female","","","29.5","3.50"
"35_0_1_20170117181203308.jpg.chip.jpg","35","male","40.99760437011719","6.00","33.5","-1.50"
"84_1_0_20170109150838156.jpg.chip.jpg","84","female","","","58.6","-25.40"
"54_0_0_20170104212507413.jpg.chip.jpg","54","male","","","29.2","-24.80"
"32_0_2_20170116162124916.jpg.chip.jpg","32","male","","","28.6","-3.40"
"78_1_0_20170120225556721.jpg.chip.jpg","78","female","","","69.1","-8.90"
"24_1_1_20170115235014974.jpg.chip.jpg","24","female","23.44105339050293","-0.56","23.6","-0.40"
"55_0_0_20170117135534039.jpg.chip.jpg","55","male","","","38.7","-16.30"
"96_1_0_20170110182019881.jpg.chip.jpg","96","female","","","69.1","-26.90"
"27_0_1_20170116001407357.jpg.chip.jpg","27","male","","","28.6","1.60"
"65_0_0_20170117172625586.jpg.chip.jpg","65","male","57.86692428588867","-7.13","58.5","-6.50"
"85_1_0_20170110183618363.jpg.chip.jpg","85","female","","","69.1","-15.90"
"90_0_0_20170111210057456.jpg.chip.jpg","90","male","95.4804458618164","5.48","69.2","-20.80"
"26_0_0_20170117171909243.jpg.chip.jpg","26","male","","","28.6","2.60"
"40_1_0_20170108234357077.jpg.chip.jpg","40","female","","","38.9","-1.10"
"22_1_2_20170116172700901.jpg.chip.jpg","22","female","","","29.4","7.40"
"29_1_0_20170103183548206.jpg.chip.jpg","29","female","","","29.1","0.10"
"56_0_0_20170111202352043.jpg.chip.jpg","56","male","","","48.5","-7.50"
"48_1_1_20170113013013754.jpg.chip.jpg","48","female","","","29.2","-18.80"
"56_0_0_20170111200430322.jpg.chip.jpg","56","male","","","69.1","13.10"
"10_0_0_20170110225402690.jpg.chip.jpg","10","male","","","29.3","19.30"
"50_0_3_20170119204341751.jpg.chip.jpg","50","male","","","29.3","-20.70"
"60_1_0_20170119152445591.jpg.chip.jpg","60","female","","","28.8","-31.20"
"61_1_2_20170105174916768.jpg.chip.jpg","61","female","70.21907043457031","9.22","69","8.00"
"1_0_0_20170110211535352.jpg.chip.jpg","1","male","1.1172499656677246","0.12","",""
"28_0_3_20170119194432235.jpg.chip.jpg","28","male","","","28.6","0.60"
"10_1_1_20170109203348828.jpg.chip.jpg","10","female","11.427618026733398","1.43","8.7","-1.30"
"21_1_4_20170103223234959.jpg.chip.jpg","21","female","","","28.9","7.90"
"16_1_0_20170102234805899.jpg.chip.jpg","16","female","","","9.1","-6.90"
"18_0_1_20170114033130286.jpg.chip.jpg","18","male","","","29.4","11.40"
"31_0_1_20170117183828950.jpg.chip.jpg","31","male","","","28.8","-2.20"
"45_1_0_20170103184012435.jpg.chip.jpg","45","female","","","28.8","-16.20"
"31_0_1_20170117021841979.jpg.chip.jpg","31","male","31.34360694885254","0.34","23.4","-7.60"
"40_0_0_20170116235455068.jpg.chip.jpg","40","male","","","28.4","-11.60"
"30_1_0_20170117181338019.jpg.chip.jpg","30","female","","","28.8","-1.20"
"20_1_4_20170103225902242.jpg.chip.jpg","20","female","25.141904830932617","5.14","29","9.00"
"14_1_3_20170104222437734.jpg.chip.jpg","14","female","13.040223121643066","-0.96","16","2.00"
"21_0_2_20170116170907317.jpg.chip.jpg","21","male","20.408830642700195","-0.59","16.2","-4.80"
"42_0_3_20170119204237560.jpg.chip.jpg","42","male","","","38.8","-3.20"
"37_1_0_20170113184302407.jpg.chip.jpg","37","female","","","29.2","-7.80"
"34_0_0_20170117134909111.jpg.chip.jpg","34","male","","","38.7","4.70"
"26_0_1_20170116030131527.jpg.chip.jpg","26","male","31.13995361328125","5.14","29.5","3.50"
"1_1_4_20161221202046857.jpg.chip.jpg","1","female","1.0096895694732666","0.01","",""
"32_0_1_20170113151546423.jpg.chip.jpg","32","male","24.324464797973633","-7.68","28.6","-3.40"
"27_1_3_20170104223211159.jpg.chip.jpg","27","female","","","29","2.00"
"2_0_2_20161219162403159.jpg.chip.jpg","2","male","1.189535140991211","-0.81","",""
"51_0_0_20170104205242540.jpg.chip.jpg","51","male","56.341697692871094","5.34","48.7","-2.30"
"30_1_2_20170116161303257.jpg.chip.jpg","30","female","","","29","-1.00"
"29_1_1_20170116000522670.jpg.chip.jpg","29","female","","","29.3","0.30"
"55_0_0_20170120221341989.jpg.chip.jpg","55","male","","","29.3","-25.70"
"35_0_1_20170117143202320.jpg.chip.jpg","35","male","37.907657623291016","2.91","39.2","4.20"
"28_0_1_20170116005324543.jpg.chip.jpg","28","male","","","28.5","0.50"
"34_1_0_20170103182647402.jpg.chip.jpg","34","female","","","29.3","-4.70"
"1_1_2_20161219202852780.jpg.chip.jpg","1","female","1.1140315532684326","0.11","",""
"25_0_2_20170116165101483.jpg.chip.jpg","25","male","22.631790161132812","-2.37","29.4","4.40"
"30_0_1_20170117123915360.jpg.chip.jpg","30","male","","","38.7","8.70"
"20_1_0_20170104020801388.jpg.chip.jpg","20","female","19.031768798828125","-0.97","23.7","3.70"
"70_1_0_20170120223657854.jpg.chip.jpg","70","female","","","48.7","-21.30"
"65_0_1_20170113174447314.jpg.chip.jpg","65","male","","","44.6","-20.40"
"23_0_0_20170117144552915.jpg.chip.jpg","23","male","26.912580490112305","3.91","25.4","2.40"
"27_1_2_20170116170004947.jpg.chip.jpg","27","female","24.62923812866211","-2.37","16.4","-10.60"
"30_0_1_20170113151342687.jpg.chip.jpg","30","male","28.970340728759766","-1.03","28.5","-1.50"
"28_0_4_20170117202324814.jpg.chip.jpg","28","male","31.17106056213379","3.17","28.5","0.50"
"40_1_1_20170117022327672.jpg.chip.jpg","40","female","","","30.5","-9.50"
"2_0_4_20161221202954025.jpg.chip.jpg","2","male","0.9929666519165039","-1.01","",""
"9_0_0_20170110225229812.jpg.chip.jpg","9","male","7.06820011138916","-1.93","9.4","0.40"
"90_0_0_20170117175416532.jpg.chip.jpg","90","male","94.64659118652344","4.65","75.4","-14.60"
"22_1_0_20170117141120129.jpg.chip.jpg","22","female","22.214603424072266","0.21","29.4","7.40"
"56_0_0_20170111194856535.jpg.chip.jpg","56","male","","","48.4","-7.60"
"20_1_0_20170117141213281.jpg.chip.jpg","20","female","","","28.5","8.50"
"26_1_3_20170119192108257.jpg.chip.jpg","26","female","","","29.4","3.40"
"75_0_0_20170111204958277.jpg.chip.jpg","75","male","","","69.2","-5.80"
"77_0_2_20170112205445618.jpg.chip.jpg","77","male","","","29.2","-47.80"
"1_0_3_20161220223014827.jpg.chip.jpg","1","male","0.7285893559455872","-0.27","",""
"32_0_1_20170113152011361.jpg.chip.jpg","32","male","","","34.4","2.40"
"32_0_2_20170116191450850.jpg.chip.jpg","32","male","","","28.7","-3.30"
"26_1_2_20170116184143860.jpg.chip.jpg","26","female","","","16","-10.00"
"52_0_4_20170104212316604.jpg.chip.jpg","52","male","","","39","-13.00"
"25_0_0_20170113210126947.jpg.chip.jpg","25","male","","","29.1","4.10"
"15_0_4_20170103201013615.jpg.chip.jpg","15","male","18.52944564819336","3.53","28.8","13.80"
"80_0_0_20170117175258116.jpg.chip.jpg","80","male","","","69.1","-10.90"
"34_0_0_20170117105018453.jpg.chip.jpg","34","male","","","28.9","-5.10"
"12_1_0_20170116211852302.jpg.chip.jpg","12","female","28.897140502929688","16.90","8.8","-3.20"
"53_1_0_20170104172755313.jpg.chip.jpg","53","female","","","38.8","-14.20"
"30_0_2_20170107212049636.jpg.chip.jpg","30","male","","","28.9","-1.10"
"21_1_3_20170104233909843.jpg.chip.jpg","21","female","","","28.7","7.70"
"1_1_0_20170110212607474.jpg.chip.jpg","1","female","1.016252040863037","0.02","",""
"68_0_0_20170117172721512.jpg.chip.jpg","68","male","","","38.9","-29.10"
"43_1_0_20170105173021381.jpg.chip.jpg","43","female","","","38.8","-4.20"
"14_0_0_20170110232319481.jpg.chip.jpg","14","male","12.506621360778809","-1.49","9.4","-4.60"
"48_0_0_20170111201841425.jpg.chip.jpg","48","male","","","28.8","-19.20"
"10_1_4_20170103200950879.jpg.chip.jpg","10","female","6.938998222351074","-3.06","8.7","-1.30"
"77_0_0_20170113210319811.jpg.chip.jpg","77","male","","","69.1","-7.90"
"16_0_1_20170116200802213.jpg.chip.jpg","16","male","25.36200714111328","9.36","28.8","12.80"
"26_0_2_20170117172618124.jpg.chip.jpg","26","male","","","29.3","3.30"
"25_0_0_20170116222911780.jpg.chip.jpg","25","male","","","28.4","3.40"
"73_0_0_20170111221837125.jpg.chip.jpg","73","male","","","48.7","-24.30"
"25_1_4_20170117150958739.jpg.chip.jpg","25","female","","","28.6","3.60"
"52_0_0_20170104212331895.jpg.chip.jpg","52","male","","","48.5","-3.50"
"20_1_2_20170103234750663.jpg.chip.jpg","20","female","","","29.5","9.50"
"54_0_0_20170105173614957.jpg.chip.jpg","54","male","","","38.8","-15.20"
"26_0_1_20170117200404157.jpg.chip.jpg","26","male","","","28.5","2.50"
"26_0_1_20170116003707203.jpg.chip.jpg","26","male","","","33.6","7.60"
"28_0_0_20170117120854505.jpg.chip.jpg","28","male","","","39.4","11.40"
"1_0_3_20161219224914784.jpg.chip.jpg","1","male","1.1811130046844482","0.18","",""
"6_0_4_20161221202547897.jpg.chip.jpg","6","male","5.8930768966674805","-0.11","8.8","2.80"
"29_0_0_20170116164921650.jpg.chip.jpg","29","male","24.366010665893555","-4.63","20.3","-8.70"
"30_1_0_20170117151428835.jpg.chip.jpg","30","female","","","29.4","-0.60"
"76_0_0_20170105174547781.jpg.chip.jpg","76","male","","","38.8","-37.20"
"30_1_2_20170116184611730.jpg.chip.jpg","30","female","","","29.6","-0.40"
"7_0_0_20170110215437740.jpg.chip.jpg","7","male","8.771771430969238","1.77","9.3","2.30"
"52_0_0_20170109004806666.jpg.chip.jpg","52","male","","","28.7","-23.30"
"24_0_1_20170113195929797.jpg.chip.jpg","24","male","","","29.2","5.20"
"32_1_1_20170113005606791.jpg.chip.jpg","32","female","","","28.5","-3.50"
"45_0_0_20170116224802992.jpg.chip.jpg","45","male","56.197391510009766","11.20","39","-6.00"
"36_0_1_20170116193844474.jpg.chip.jpg","36","male","","","29.3","-6.70"
"8_1_0_20170109201705598.jpg.chip.jpg","8","female","9.235745429992676","1.24","9.2","1.20"
"5_0_2_20161219192232922.jpg.chip.jpg","5","male","7.277944087982178","2.28","16.1","11.10"
"1_0_2_20161219203148028.jpg.chip.jpg","1","male","","","",""
"73_0_0_20170104213653518.jpg.chip.jpg","73","male","","","69.1","-3.90"
"27_0_1_20170113150450280.jpg.chip.jpg","27","male","","","22.4","-4.60"
"32_1_0_20170116205329227.jpg.chip.jpg","32","female","","","29.3","-2.70"
"10_1_0_20170109201728056.jpg.chip.jpg","10","female","17.441177368164062","7.44","28.7","18.70"
"24_0_2_20170116172146677.jpg.chip.jpg","24","male","","","16","-8.00"
"29_0_1_20170117095826375.jpg.chip.jpg","29","male","","","39.3","10.30"
"39_1_3_20170104214549390.jpg.chip.jpg","39","female","24.19320297241211","-14.81","29.3","-9.70"
"62_0_0_20170104185409782.jpg.chip.jpg","62","male","","","29.1","-32.90"
"54_0_0_20170104212509821.jpg.chip.jpg","54","male","","","29.2","-24.80"
"32_1_1_20170112213013302.jpg.chip.jpg","32","female","","","29.4","-2.60"
"1_0_0_20161219191041403.jpg.chip.jpg","1","male","","","",""
"25_1_2_20170116174825431.jpg.chip.jpg","25","female","","","16.2","-8.80"
"23_1_2_20170116173143018.jpg.chip.jpg","23","female","","","29.4","6.40"
"33_1_1_20170115234946456.jpg.chip.jpg","33","female","22.596961975097656","-10.40","28.6","-4.40"
"27_0_4_20170117120226377.jpg.chip.jpg","27","male","27.712793350219727","0.71","28.4","1.40"
"1_0_2_20161219210310309.jpg.chip.jpg","1","male","0.9229418635368347","-0.08","",""
"34_0_0_20170104173030290.jpg.chip.jpg","34","male","","","38.7","4.70"
"63_0_0_20170117194911622.jpg.chip.jpg","63","male","","","69","6.00"
"35_0_0_20170117173311533.jpg.chip.jpg","35","male","","","28.6","-6.40"
"23_1_0_20170116221713318.jpg.chip.jpg","23","female","","","29.4","6.40"
"40_0_0_20170116222342864.jpg.chip.jpg","40","male","42.74808120727539","2.75","38.6","-1.40"
"80_0_0_20170111201430389.jpg.chip.jpg","80","male","","","69.2","-10.80"
"6_1_2_20161219190053203.jpg.chip.jpg","6","female","","","29.2","23.20"
"7_0_0_20170110215534588.jpg.chip.jpg","7","male","","","10.3","3.30"
"58_0_0_20170111195225616.jpg.chip.jpg","58","male","56.66446304321289","-1.34","39.3","-18.70"
"53_1_0_20170110122130739.jpg.chip.jpg","53","female","","","36.5","-16.50"
"72_0_0_20170111210555874.jpg.chip.jpg","72","male","","","69.2","-2.80"
"27_0_2_20170119193329569.jpg.chip.jpg","27","male","51.084495544433594","24.08","34.5","7.50"
"22_1_3_20170119163331125.jpg.chip.jpg","22","female","","","29.3","7.30"
"25_1_1_20170112235102049.jpg.chip.jpg","25","female","","","28.6","3.60"
"28_1_0_20170116223114979.jpg.chip.jpg","28","female","","","28.6","0.60"
"22_1_1_20170112233701320.jpg.chip.jpg","22","female","","","23.6","1.60"
"24_1_1_20170115234849261.jpg.chip.jpg","24","female","","","29.4","5.40"
"24_0_0_20170115230945548.jpg.chip.jpg","24","male","18.930673599243164","-5.07","20.3","-3.70"
"26_0_1_20170117003249556.jpg.chip.jpg","26","male","","","29.2","3.20"
"19_0_3_20170119165517358.jpg.chip.jpg","19","male","","","39.2","20.20"
"75_0_1_20170111210049339.jpg.chip.jpg","75","male","77.94535827636719","2.95","29.3","-45.70"
"46_1_0_20170120133945310.jpg.chip.jpg","46","female","","","29.2","-16.80"
"17_1_0_20170109205309078.jpg.chip.jpg","17","female","","","28.6","11.60"
"23_0_0_20170117144116074.jpg.chip.jpg","23","male","","","29.4","6.40"
"9_1_0_20170109202824646.jpg.chip.jpg","9","female","","","9.2","0.20"
"30_1_2_20170117142750698.jpg.chip.jpg","30","female","30.66083335876465","0.66","29.5","-0.50"
"68_1_0_20170120224936648.jpg.chip.jpg","68","female","","","53.4","-14.60"
"34_0_0_20170117182629797.jpg.chip.jpg","34","male","32.1541748046875","-1.85","38.4","4.40"
"22_0_0_20170104225920241.jpg.chip.jpg","22","male","","","21.4","-0.60"
"26_1_3_20170119192522130.jpg.chip.jpg","26","female","","","28.7","2.70"
"45_0_0_20170117183226150.jpg.chip.jpg","45","male","49.501888275146484","4.50","38.8","-6.20"
"35_0_0_20170104201742041.jpg.chip.jpg","35","male","","","28.6","-6.40"
"19_0_1_20170113132639480.jpg.chip.jpg","19","male","20.739707946777344","1.74","28.6","9.60"
"25_1_0_20170116205838424.jpg.chip.jpg","25","female","","","29.2","4.20"
"42_0_1_20170117142655442.jpg.chip.jpg","42","male","42.86074447631836","0.86","38.6","-3.40"
"32_1_1_20170113002108866.jpg.chip.jpg","32","female","","","29.3","-2.70"
"18_1_0_20170109212818755.jpg.chip.jpg","18","female","","","29.1","11.10"
"18_1_0_20170109213011914.jpg.chip.jpg","18","female","","","16.4","-1.60"
"32_1_0_20170117203136983.jpg.chip.jpg","32","female","","","36.5","4.50"
"40_0_3_20170119183125702.jpg.chip.jpg","40","male","","","33.7","-6.30"
"25_1_3_20170104232101034.jpg.chip.jpg","25","female","","","29.5","4.50"
"86_0_3_20170111223908826.jpg.chip.jpg","86","male","77.19060516357422","-8.81","58.7","-27.30"
"24_1_0_20170105184011327.jpg.chip.jpg","24","female","","","29.3","5.30"
"43_0_3_20170119171523303.jpg.chip.jpg","43","male","","","29.4","-13.60"
"2_0_2_20161219161049398.jpg.chip.jpg","2","male","","","",""
"25_1_3_20170104222218775.jpg.chip.jpg","25","female","25.98300552368164","0.98","29.3","4.30"
"26_1_1_20170116160835715.jpg.chip.jpg","26","female","","","29.3","3.30"
"80_1_0_20170110154540002.jpg.chip.jpg","80","female","81.62664031982422","1.63","48.8","-31.20"
"18_0_0_20170110231644037.jpg.chip.jpg","18","male","19.490060806274414","1.49","20.4","2.40"
"21_1_3_20170104222653479.jpg.chip.jpg","21","female","","","28.7","7.70"
"32_0_0_20170117140244970.jpg.chip.jpg","32","male","","","32.4","0.40"
"44_0_3_20170119162912596.jpg.chip.jpg","44","male","","","34.5","-9.50"
"18_1_0_20170109214726739.jpg.chip.jpg","18","female","23.7532901763916","5.75","23.5","5.50"
"73_0_1_20170117194956074.jpg.chip.jpg","73","male","71.9018325805664","-1.10","69.2","-3.80"
"31_0_3_20170104232701442.jpg.chip.jpg","31","male","","","33.6","2.60"
"28_0_3_20170119194510275.jpg.chip.jpg","28","male","","","29.3","1.30"
"54_0_0_20170104170659826.jpg.chip.jpg","54","male","","","39","-15.00"
"63_0_0_20170117163624442.jpg.chip.jpg","63","male","","","48.7","-14.30"
"42_0_3_20170113142222564.jpg.chip.jpg","42","male","","","38.6","-3.40"
"1_0_2_20161219194800523.jpg.chip.jpg","1","male","","","16","15.00"
"40_0_0_20170117175712368.jpg.chip.jpg","40","male","","","28.5","-11.50"
"24_1_2_20170116173716204.jpg.chip.jpg","24","female","","","29.6","5.60"
"58_0_0_20170120224018686.jpg.chip.jpg","58","male","64.09880065917969","6.10","58.3","0.30"
"35_0_2_20170116182409965.jpg.chip.jpg","35","male","48.38728713989258","13.39","69","34.00"
"34_1_1_20170113001823786.jpg.chip.jpg","34","female","","","28.6","-5.40"
"26_0_3_20170119180820501.jpg.chip.jpg","26","male","","","38.7","12.70"
"56_0_0_20170111203105369.jpg.chip.jpg","56","male","","","38.8","-17.20"
"22_0_2_20170104021129925.jpg.chip.jpg","22","male","18.65727424621582","-3.34","20.5","-1.50"
"21_1_0_20170116215708125.jpg.chip.jpg","21","female","","","29.1","8.10"
"32_1_0_20170103163352672.jpg.chip.jpg","32","female","","","28.7","-3.30"
"1_1_1_20170109194553059.jpg.chip.jpg","1","female","","","4","3.00"
"24_1_0_20170117150853517.jpg.chip.jpg","24","female","","","30.5","6.50"
"33_1_4_20170117201624958.jpg.chip.jpg","33","female","","","29.2","-3.80"
"34_1_0_20170105164157515.jpg.chip.jpg","34","female","","","29.5","-4.50"
"37_1_0_20170116221006327.jpg.chip.jpg","37","female","","","29.1","-7.90"
"1_0_2_20170110213009014.jpg.chip.jpg","1","male","0.9664385914802551","-0.03","",""
"21_1_1_20170114030239115.jpg.chip.jpg","21","female","","","28.6","7.60"
"90_0_0_20170111222243901.jpg.chip.jpg","90","male","","","69.3","-20.70"
"17_0_0_20170116205554725.jpg.chip.jpg","17","male","","","28.9","11.90"
"7_1_4_20161223225914300.jpg.chip.jpg","7","female","","","29.3","22.30"
"43_1_0_20170105172627988.jpg.chip.jpg","43","female","","","38.6","-4.40"
"12_0_4_20170103200626630.jpg.chip.jpg","12","male","15.301421165466309","3.30","28.8","16.80"
"32_0_2_20170116191445634.jpg.chip.jpg","32","male","","","29.1","-2.90"
"87_0_0_20170111222120006.jpg.chip.jpg","87","male","","","68.9","-18.10"
"26_1_2_20170116175339024.jpg.chip.jpg","26","female","","","29.2","3.20"
"30_0_1_20170117202828582.jpg.chip.jpg","30","male","","","28.8","-1.20"
"78_1_1_20170113011857601.jpg.chip.jpg","78","female","","","28.9","-49.10"
"53_0_0_20170120222602009.jpg.chip.jpg","53","male","","","44.5","-8.50"
"23_1_0_20170103163102400.jpg.chip.jpg","23","female","","","28.7","5.70"
"37_0_3_20170119202308661.jpg.chip.jpg","37","male","","","28.9","-8.10"
"26_1_0_20170117173739125.jpg.chip.jpg","26","female","","","28.9","2.90"
"7_1_0_20170109194241191.jpg.chip.jpg","7","female","6.143041610717773","-0.86","8.7","1.70"
"45_1_2_20170109220409055.jpg.chip.jpg","45","female","45.46231460571289","0.46","29.4","-15.60"
"46_0_3_20170119200749075.jpg.chip.jpg","46","male","","","39.3","-6.70"
"54_0_0_20170104212610221.jpg.chip.jpg","54","male","","","29.2","-24.80"
"1_0_0_20170109192948605.jpg.chip.jpg","1","male","","","",""
"60_0_3_20170119205318975.jpg.chip.jpg","60","male","","","29.2","-30.80"
"15_1_0_20170109214024612.jpg.chip.jpg","15","female","","","28.7","13.70"
"47_0_3_20170119205212904.jpg.chip.jpg","47","male","","","38.5","-8.50"
"80_1_0_20170117175552763.jpg.chip.jpg","80","female","","","29.2","-50.80"
"12_1_0_20170109203700059.jpg.chip.jpg","12","female","","","9.1","-2.90"
"27_1_2_20161219204245668.jpg.chip.jpg","27","female","","","16.1","-10.90"
"1_1_0_20170109190852630.jpg.chip.jpg","1","female","","","29.3","28.30"
"60_1_0_20170110140637026.jpg.chip.jpg","60","female","","","49.3","-10.70"
"32_1_3_20170109141339133.jpg.chip.jpg","32","female","","","28.7","-3.30"
"24_0_4_20170117145917765.jpg.chip.jpg","24","male","32.654945373535156","8.65","28.5","4.50"
"2_0_2_20161219202702788.jpg.chip.jpg","2","male","1.0181808471679688","-0.98","",""
"5_1_3_20170119151512160.jpg.chip.jpg","5","female","","","",""
"46_1_0_20170104235642515.jpg.chip.jpg","46","female","","","38.6","-7.40"
"28_1_2_20170116161754709.jpg.chip.jpg","28","female","","","29.3","1.30"
"24_1_2_20170116171152247.jpg.chip.jpg","24","female","21.45033836364746","-2.55","16.3","-7.70"
"59_0_0_20170104212405077.jpg.chip.jpg","59","male","","","39.2","-19.80"
"39_1_3_20170119204014702.jpg.chip.jpg","39","female","","","29","-10.00"
"28_1_1_20170112220128599.jpg.chip.jpg","28","female","","","29.4","1.40"
"25_1_0_20170117152143899.jpg.chip.jpg","25","female","","","28.8","3.80"
"60_0_0_20170117001221298.jpg.chip.jpg","60","male","","","48.6","-11.40"
"26_1_3_20170116233146621.jpg.chip.jpg","26","female","","","29.2","3.20"
"6_1_1_20170114031419410.jpg.chip.jpg","6","female","","","8.9","2.90"
"26_0_0_20170116205232826.jpg.chip.jpg","26","male","23.316265106201172","-2.68","20.6","-5.40"
"27_1_1_20170112193026590.jpg.chip.jpg","27","female","","","29.2","2.20"
"24_1_2_20170116174420253.jpg.chip.jpg","24","female","20.167987823486328","-3.83","29.7","5.70"
"34_1_0_20170103182644010.jpg.chip.jpg","34","female","","","29.3","-4.70"
"27_1_2_20170116165955213.jpg.chip.jpg","27","female","24.055150985717773","-2.94","29.7","2.70"
"30_0_2_20170116172925949.jpg.chip.jpg","30","male","25.962453842163086","-4.04","29.5","-0.50"
"24_1_4_20170117194806829.jpg.chip.jpg","24","female","","","29.5","5.50"
"78_0_0_20170111204704023.jpg.chip.jpg","78","male","76.98197937011719","-1.02","69.1","-8.90"
"71_1_0_20170110140328613.jpg.chip.jpg","71","female","","","48.8","-22.20"
"24_1_0_20170117194528243.jpg.chip.jpg","24","female","","","29.3","5.30"
"72_0_0_20170111222541402.jpg.chip.jpg","72","male","","","69.3","-2.70"
"26_1_3_20170104222745511.jpg.chip.jpg","26","female","","","29.3","3.30"
"40_1_0_20170117134334933.jpg.chip.jpg","40","female","24.955097198486328","-15.04","29.3","-10.70"
"26_1_1_20170112235057871.jpg.chip.jpg","26","female","25.609590530395508","-0.39","28.7","2.70"
"72_0_0_20170111222516126.jpg.chip.jpg","72","male","","","",""
"24_1_2_20170116171543349.jpg.chip.jpg","24","female","24.125289916992188","0.13","28.7","4.70"
"70_0_0_20170117173727535.jpg.chip.jpg","70","male","63.17579650878906","-6.82","29.2","-40.80"
"25_1_3_20170119172052720.jpg.chip.jpg","25","female","","","29.2","4.20"
"28_1_2_20170105162338411.jpg.chip.jpg","28","female","","","29.3","1.30"
"28_1_2_20170116170001611.jpg.chip.jpg","28","female","","","29.4","1.40"
"31_0_4_20170105161451773.jpg.chip.jpg","31","male","25.259654998779297","-5.74","28.5","-2.50"
"14_1_0_20170109203505137.jpg.chip.jpg","14","female","5.609867572784424","-8.39","28.7","14.70"
"34_0_3_20170119175427012.jpg.chip.jpg","34","male","","","29.3","-4.70"
"34_0_0_20170117121730983.jpg.chip.jpg","34","male","","","28.7","-5.30"
"62_0_1_20170116204827125.jpg.chip.jpg","62","male","","","39.2","-22.80"
"26_1_1_20170117163837655.jpg.chip.jpg","26","female","23.768922805786133","-2.23","29.5","3.50"
"26_0_0_20170117091437385.jpg.chip.jpg","26","male","","","28.6","2.60"
"34_1_3_20170119200614779.jpg.chip.jpg","34","female","","","29.2","-4.80"
"22_0_1_20170114030000815.jpg.chip.jpg","22","male","","","16.3","-5.70"
"54_1_3_20170119202248869.jpg.chip.jpg","54","female","","","29.1","-24.90"
"30_1_3_20170109141058153.jpg.chip.jpg","30","female","23.44230079650879","-6.56","29.4","-0.60"
"3_1_0_20170109193452700.jpg.chip.jpg","3","female","1.2115733623504639","-1.79","4.1","1.10"
"40_0_1_20170117170126359.jpg.chip.jpg","40","male","","","48.3","8.30"
"1_1_0_20170109192015845.jpg.chip.jpg","1","female","1.2601584196090698","0.26","",""
"63_0_0_20170104213054221.jpg.chip.jpg","63","male","","","58.6","-4.40"
"26_0_1_20170113134349843.jpg.chip.jpg","26","male","","","28.6","2.60"
"40_0_3_20170119210237376.jpg.chip.jpg","40","male","","","29.3","-10.70"
"27_1_2_20170116163622032.jpg.chip.jpg","27","female","","","29","2.00"
"26_1_3_20170119180953860.jpg.chip.jpg","26","female","","","29.3","3.30"
"26_1_0_20170117154814509.jpg.chip.jpg","26","female","","","16.4","-9.60"
"35_0_4_20170116214549746.jpg.chip.jpg","35","male","","","38.8","3.80"
"26_1_3_20170119192127618.jpg.chip.jpg","26","female","","","28.7","2.70"
"26_1_0_20170117201629485.jpg.chip.jpg","26","female","26.95579719543457","0.96","23.6","-2.40"
"30_1_2_20170116191305000.jpg.chip.jpg","30","female","24.92609214782715","-5.07","29.4","-0.60"
"29_0_1_20170116010112917.jpg.chip.jpg","29","male","","","29.2","0.20"
"26_1_1_20170116153132729.jpg.chip.jpg","26","female","","","23.6","-2.40"
"23_1_4_20170117194311620.jpg.chip.jpg","23","female","","","28.7","5.70"
"34_1_1_20170116012236821.jpg.chip.jpg","34","female","19.996957778930664","-14.00","28.8","-5.20"
"1_1_3_20161219225657032.jpg.chip.jpg","1","female","","","",""
"26_1_3_20170119193112441.jpg.chip.jpg","26","female","","","29.4","3.40"
"35_0_2_20170116191758774.jpg.chip.jpg","35","male","","","29.4","-5.60"
"85_1_2_20170105174405109.jpg.chip.jpg","85","female","","","69.1","-15.90"
"1_0_2_20161219151026723.jpg.chip.jpg","1","male","","","",""
"4_0_1_20170110213311678.jpg.chip.jpg","4","male","3.063880443572998","-0.94","29","25.00"
"3_0_0_20170110213411465.jpg.chip.jpg","3","male","1.2312469482421875","-1.77","4","1.00"
"32_1_0_20170117114915962.jpg.chip.jpg","32","female","","","38.6","6.60"
"54_0_1_20170113190519393.jpg.chip.jpg","54","male","","","34.5","-19.50"
"19_1_0_20170119145731470.jpg.chip.jpg","19","female","","","28.6","9.60"
"70_1_0_20170110122250867.jpg.chip.jpg","70","female","","","29.2","-40.80"
"12_0_0_20170110225553717.jpg.chip.jpg","12","male","14.572135925292969","2.57","16.2","4.20"
"26_0_0_20170113210605384.jpg.chip.jpg","26","male","","","29.1","3.10"
"36_1_2_20170105000458833.jpg.chip.jpg","36","female","","","28.8","-7.20"
"29_1_4_20170104165735505.jpg.chip.jpg","29","female","","","28.9","-0.10"
"35_1_0_20170117152140763.jpg.chip.jpg","35","female","","","29.6","-5.40"
"10_0_0_20170110224253445.jpg.chip.jpg","10","male","","","",""
"23_1_2_20170107213827250.jpg.chip.jpg","23","female","","","28.8","5.80"
"27_0_0_20170117010719987.jpg.chip.jpg","27","male","","","21.7","-5.30"
"16_0_0_20170110224435349.jpg.chip.jpg","16","male","","","20.6","4.60"
"34_0_1_20170117190152870.jpg.chip.jpg","34","male","","","33.6","-0.40"
"26_1_0_20170117003252979.jpg.chip.jpg","26","female","","","29.5","3.50"
"12_0_0_20170110224603045.jpg.chip.jpg","12","male","12.114950180053711","0.11","28.6","16.60"
"26_0_1_20170114032944348.jpg.chip.jpg","26","male","39.24304962158203","13.24","28.6","2.60"
"29_1_1_20170116162458302.jpg.chip.jpg","29","female","","","28.7","-0.30"
"54_0_0_20170120223243212.jpg.chip.jpg","54","male","","","38.8","-15.20"
"28_1_2_20170116165557121.jpg.chip.jpg","28","female","19.893339157104492","-8.11","29.5","1.50"
"6_1_0_20170109193722375.jpg.chip.jpg","6","female","5.666317462921143","-0.33","4.1","-1.90"
"30_0_0_20170117154851974.jpg.chip.jpg","30","male","","","28.5","-1.50"
"35_1_2_20170116184621951.jpg.chip.jpg","35","female","","","29.3","-5.70"
"9_0_0_20170110225249086.jpg.chip.jpg","9","male","6.996088027954102","-2.00","8.7","-0.30"
"50_0_1_20170113142324284.jpg.chip.jpg","50","male","45.33662414550781","-4.66","29.3","-20.70"
"28_1_2_20170108224230864.jpg.chip.jpg","28","female","32.92840576171875","4.93","28.7","0.70"
"55_0_0_20170104212851085.jpg.chip.jpg","55","male","57.0439453125","2.04","39.2","-15.80"
"60_0_0_20170109013439834.jpg.chip.jpg","60","male","","","29.3","-30.70"
"42_0_1_20170113141709537.jpg.chip.jpg","42","male","38.96834945678711","-3.03","28.5","-13.50"
"73_0_3_20170119212043986.jpg.chip.jpg","73","male","","","29.3","-43.70"
"28_0_0_20170113210127446.jpg.chip.jpg","28","male","","","29.3","1.30"
"36_0_0_20170117135459790.jpg.chip.jpg","36","male","","","34.3","-1.70"
"29_1_0_20170103180808736.jpg.chip.jpg","29","female","","","38.9","9.90"
"23_1_4_20170103223554895.jpg.chip.jpg","23","female","","","28.6","5.60"
"40_0_0_20170104202600778.jpg.chip.jpg","40","male","","","29.3","-10.70"
"2_0_0_20161219204329404.jpg.chip.jpg","2","male","","","",""
"20_0_4_20170103234738979.jpg.chip.jpg","20","male","","","28.9","8.90"
"75_1_1_20170112211657821.jpg.chip.jpg","75","female","","","29.2","-45.80"
"89_0_1_20170117182437361.jpg.chip.jpg","89","male","","","48.8","-40.20"
"27_0_0_20170104172424772.jpg.chip.jpg","27","male","","","28.7","1.70"
"67_1_0_20170110140730634.jpg.chip.jpg","67","female","","","49.2","-17.80"
"30_0_0_20170117120219701.jpg.chip.jpg","30","male","31.205013275146484","1.21","38.5","8.50"
"23_1_4_20161223214744290.jpg.chip.jpg","23","female","","","28.6","5.60"
"36_1_0_20170117091726944.jpg.chip.jpg","36","female","","","29.3","-6.70"
"66_1_1_20170113000154762.jpg.chip.jpg","66","female","","","29.3","-36.70"
"55_0_0_20170111201201679.jpg.chip.jpg","55","male","55.27892303466797","0.28","69.2","14.20"
"82_1_0_20170110131741775.jpg.chip.jpg","82","female","83.23133087158203","1.23","38.8","-43.20"
"10_0_1_20170110223455893.jpg.chip.jpg","10","male","","","28.9","18.90"
"24_0_1_20170113134119424.jpg.chip.jpg","24","male","","","28.6","4.60"
"26_1_1_20170116164434468.jpg.chip.jpg","26","female","","","29.4","3.40"
"1_0_3_20161219225149888.jpg.chip.jpg","1","male","","","",""
"62_0_0_20170111200703518.jpg.chip.jpg","62","male","","","44.3","-17.70"
"13_1_3_20170109213029072.jpg.chip.jpg","13","female","10.51506519317627","-2.48","15.7","2.70"
"58_0_0_20170117191924885.jpg.chip.jpg","58","male","","","48.4","-9.60"
"24_0_2_20170116163417424.jpg.chip.jpg","24","male","","","29.4","5.40"
"96_1_0_20170110172637082.jpg.chip.jpg","96","female","87.78435516357422","-8.22","68.8","-27.20"
"35_0_1_20170114034617407.jpg.chip.jpg","35","male","","","29.4","-5.60"
"16_0_0_20170110231532894.jpg.chip.jpg","16","male","","","16.4","0.40"
"2_1_2_20161219142056888.jpg.chip.jpg","2","female","","","",""
"26_1_1_20170116223432216.jpg.chip.jpg","26","female","25.334428787231445","-0.67","23.7","-2.30"
"5_0_2_20161219221839271.jpg.chip.jpg","5","male","2.136728286743164","-2.86","",""
"38_1_1_20170116154709016.jpg.chip.jpg","38","female","","","29.3","-8.70"
"1_0_0_20161219205141196.jpg.chip.jpg","1","male","","","",""
"85_0_0_20170111205512345.jpg.chip.jpg","85","male","","","38.9","-46.10"
"1_1_4_20161221193743543.jpg.chip.jpg","1","female","1.0632574558258057","0.06","",""
"25_1_0_20170117142815331.jpg.chip.jpg","25","female","","","29.5","4.50"
"28_0_0_20170117180520264.jpg.chip.jpg","28","male","","","33.5","5.50"
"26_0_2_20170116183713007.jpg.chip.jpg","26","male","","","29.3","3.30"
"27_1_2_20170116163742635.jpg.chip.jpg","27","female","","","15.7","-11.30"
"4_1_4_20161220223001930.jpg.chip.jpg","4","female","","","9.1","5.10"
"26_1_0_20170117003208726.jpg.chip.jpg","26","female","26.13353157043457","0.13","23.6","-2.40"
"14_1_0_20170109214440556.jpg.chip.jpg","14","female","","","16.1","2.10"
"38_0_1_20170113195941277.jpg.chip.jpg","38","male","","","33.6","-4.40"
"26_1_0_20170117200744612.jpg.chip.jpg","26","female","","","29.3","3.30"
"15_1_0_20170109203912357.jpg.chip.jpg","15","female","7.817068576812744","-7.18","28.6","13.60"
"58_0_3_20170104220900702.jpg.chip.jpg","58","male","","","68.9","10.90"
"42_0_0_20170117185752122.jpg.chip.jpg","42","male","","","38.5","-3.50"
"84_1_2_20170120225608458.jpg.chip.jpg","84","female","","","69.1","-14.90"
"55_0_3_20170119202635230.jpg.chip.jpg","55","male","50.17133712768555","-4.83","29.3","-25.70"
"27_1_1_20170116223029775.jpg.chip.jpg","27","female","","","28.7","1.70"
"35_0_0_20170117135440070.jpg.chip.jpg","35","male","","","28.8","-6.20"
"32_0_0_20170104202221514.jpg.chip.jpg","32","male","","","28.8","-3.20"
"31_0_3_20170104230731169.jpg.chip.jpg","31","male","","","29.3","-1.70"
"27_0_3_20170104230550273.jpg.chip.jpg","27","male","","","29.3","2.30"
"46_1_1_20170112220304903.jpg.chip.jpg","46","female","","","68.9","22.90"
"38_1_0_20170103183311778.jpg.chip.jpg","38","female","","","29.1","-8.90"
"29_1_0_20170103182130033.jpg.chip.jpg","29","female","","","29.6","0.60"
"32_0_0_20170117182423470.jpg.chip.jpg","32","male","26.515796661376953","-5.48","28.7","-3.30"
"30_0_3_20170119195646516.jpg.chip.jpg","30","male","39.10531997680664","9.11","39.3","9.30"
"28_1_1_20170112235203401.jpg.chip.jpg","28","female","","","28.6","0.60"
"36_0_1_20170117194044752.jpg.chip.jpg","36","male","","","38.6","2.60"
"26_1_0_20170119180130438.jpg.chip.jpg","26","female","","","29.6","3.60"
"23_1_2_20170116173039449.jpg.chip.jpg","23","female","","","16.2","-6.80"
"20_1_2_20170104020257804.jpg.chip.jpg","20","female","16.887859344482422","-3.11","16.5","-3.50"
"26_0_1_20170113151756520.jpg.chip.jpg","26","male","","","28.7","2.70"
"45_0_1_20170113183119558.jpg.chip.jpg","45","male","","","28.7","-16.30"
"77_0_1_20170116210256280.jpg.chip.jpg","77","male","","","28.9","-48.10"
"24_0_3_20170104230150057.jpg.chip.jpg","24","male","","","28.9","4.90"
"29_1_0_20170103181510040.jpg.chip.jpg","29","female","","","29.3","0.30"
"63_1_0_20170117175356028.jpg.chip.jpg","63","female","72.41680145263672","9.42","69.2","6.20"
"32_1_0_20170105002717213.jpg.chip.jpg","32","female","","","36.4","4.40"
"28_0_3_20170119194817585.jpg.chip.jpg","28","male","","","28.7","0.70"
"48_1_0_20170103163650120.jpg.chip.jpg","48","female","","","29.1","-18.90"
"56_0_2_20170105163513651.jpg.chip.jpg","56","male","","","39.1","-16.90"
"65_0_0_20170113185234983.jpg.chip.jpg","65","male","","","69.2","4.20"
"73_1_0_20170109220906926.jpg.chip.jpg","73","female","54.10032653808594","-18.90","29.2","-43.80"
"26_1_4_20170117200419213.jpg.chip.jpg","26","female","","","28.5","2.50"
"15_0_0_20170116201332456.jpg.chip.jpg","15","male","","","29.3","14.30"
"6_1_2_20161219201340515.jpg.chip.jpg","6","female","","","29.3","23.30"
"36_0_1_20170113135627331.jpg.chip.jpg","36","male","","","28.5","-7.50"
"21_0_4_20170103223143358.jpg.chip.jpg","21","male","","","25.4","4.40"
"28_1_0_20170105165058893.jpg.chip.jpg","28","female","","","38.6","10.60"
"3_0_0_20170110212855714.jpg.chip.jpg","3","male","2.432762622833252","-0.57","4.1","1.10"
"5_1_3_20161220145842991.jpg.chip.jpg","5","female","2.7445015907287598","-2.26","8.9","3.90"
"44_0_1_20170113142045653.jpg.chip.jpg","44","male","37.296390533447266","-6.70","33.6","-10.40"
"2_1_4_20170103210746899.jpg.chip.jpg","2","female","","","",""
"24_1_0_20170119170936274.jpg.chip.jpg","24","female","","","28.7","4.70"
"67_1_0_20170110140843433.jpg.chip.jpg","67","female","","","36.3","-30.70"
"35_1_4_20170104181328997.jpg.chip.jpg","35","female","","","29.1","-5.90"
"36_0_0_20170117183118966.jpg.chip.jpg","36","male","45.05083084106445","9.05","43.6","7.60"
"39_1_0_20170103183321298.jpg.chip.jpg","39","female","52.82417297363281","13.82","29.1","-9.90"
"26_0_1_20170113151639816.jpg.chip.jpg","26","male","","","28.6","2.60"
"39_0_0_20170104202328306.jpg.chip.jpg","39","male","34.28525924682617","-4.71","39.3","0.30"
"55_1_3_20170119154458097.jpg.chip.jpg","55","female","36.84170150756836","-18.16","69","14.00"
"32_1_0_20170104165148201.jpg.chip.jpg","32","female","","","29.2","-2.80"
"20_0_0_20170116201311689.jpg.chip.jpg","20","male","","","28.5","8.50"
"53_0_0_20170117190933140.jpg.chip.jpg","53","male","","","44.4","-8.60"
"18_1_0_20170117135753337.jpg.chip.jpg","18","female","","","22.3","4.30"
"30_1_0_20170117091918162.jpg.chip.jpg","30","female","","","29.2","-0.80"
"6_1_0_20170103212206588.jpg.chip.jpg","6","female","","","8.8","2.80"
"60_1_0_20170110140651218.jpg.chip.jpg","60","female","55.77729415893555","-4.22","36.4","-23.60"
"58_1_0_20170110160643673.jpg.chip.jpg","58","female","56.59653854370117","-1.40","30.6","-27.40"
"35_0_3_20170109132951262.jpg.chip.jpg","35","male","","","28.6","-6.40"
"35_1_2_20170116165645870.jpg.chip.jpg","35","female","","","29","-6.00"
"25_0_0_20170104011143168.jpg.chip.jpg","25","male","25.34810447692871","0.35","28.6","3.60"
"32_0_1_20170113001322715.jpg.chip.jpg","32","male","","","29.4","-2.60"
"36_0_3_20170119194703786.jpg.chip.jpg","36","male","35.36459732055664","-0.64","38.7","2.70"
"30_0_0_20170103181149464.jpg.chip.jpg","30","male","","","28.8","-1.20"
"26_0_0_20170117153645909.jpg.chip.jpg","26","male","","","28.7","2.70"
"80_0_0_20170111211508161.jpg.chip.jpg","80","male","82.97340393066406","2.97","69.2","-10.80"
"65_0_0_20170111202227430.jpg.chip.jpg","65","male","58.97414779663086","-6.03","38.8","-26.20"
"38_1_1_20170117141853541.jpg.chip.jpg","38","female","35.885353088378906","-2.11","33.6","-4.40"
"67_0_0_20170104200734185.jpg.chip.jpg","67","male","","","38.8","-28.20"
"73_0_3_20170119212042841.jpg.chip.jpg","73","male","","","29.3","-43.70"
"30_1_0_20170117131055904.jpg.chip.jpg","30","female","","","29.4","-0.60"
"1_1_2_20161219201453804.jpg.chip.jpg","1","female","","","",""
"29_0_4_20170117180914972.jpg.chip.jpg","29","male","","","29.4","0.40"
"16_0_0_20170104003740977.jpg.chip.jpg","16","male","","","20.4","4.40"
"68_0_0_20170120224541303.jpg.chip.jpg","68","male","67.8616714477539","-0.14","49.3","-18.70"
"56_1_1_20170105163352795.jpg.chip.jpg","56","female","52.459327697753906","-3.54","29.4","-26.60"
"32_1_1_20170116164417371.jpg.chip.jpg","32","female","","","29.3","-2.70"
"15_1_0_20170109214633067.jpg.chip.jpg","15","female","18.5773983001709","3.58","22.3","7.30"
"35_1_0_20170104201705201.jpg.chip.jpg","35","female","","","29.4","-5.60"
"26_0_1_20170116204859144.jpg.chip.jpg","26","male","52.36083984375","26.36","33.5","7.50"
"1_0_2_20161219162852759.jpg.chip.jpg","1","male","","","",""
"85_1_3_20170110183946188.jpg.chip.jpg","85","female","72.80467987060547","-12.20","69.1","-15.90"
"1_1_3_20161219225730216.jpg.chip.jpg","1","female","","","16.2","15.20"
"2_1_2_20161219140706417.jpg.chip.jpg","2","female","","","",""
"20_0_3_20170119151327694.jpg.chip.jpg","20","male","","","28.6","8.60"
"38_1_1_20170116171343260.jpg.chip.jpg","38","female","50.689910888671875","12.69","29.1","-8.90"
"36_0_0_20170105172611117.jpg.chip.jpg","36","male","","","38.5","2.50"
"43_1_0_20170117155110305.jpg.chip.jpg","43","female","","","39.1","-3.90"
"75_0_0_20170117174918045.jpg.chip.jpg","75","male","","","38.8","-36.20"
"50_0_2_20170116175209803.jpg.chip.jpg","50","male","","","69.1","19.10"
"24_0_0_20170102233329675.jpg.chip.jpg","24","male","","","20.5","-3.50"
"24_1_0_20170116222814643.jpg.chip.jpg","24","female","","","29.4","5.40"
"28_0_2_20170116170900610.jpg.chip.jpg","28","male","19.698333740234375","-8.30","16.2","-11.80"
"35_0_0_20170117172908485.jpg.chip.jpg","35","male","","","28.6","-6.40"
"40_0_0_20170117135733872.jpg.chip.jpg","40","male","52.97897720336914","12.98","39.2","-0.80"
"23_1_0_20170112234124928.jpg.chip.jpg","23","female","","","28.6","5.60"
"80_1_0_20170110140948978.jpg.chip.jpg","80","female","82.24174499511719","2.24","53.4","-26.60"
"29_1_0_20170104023236006.jpg.chip.jpg","29","female","","","29.6","0.60"
"32_0_0_20170117140807934.jpg.chip.jpg","32","male","","","29.3","-2.70"
"38_0_0_20170116193939412.jpg.chip.jpg","38","male","","","69","31.00"
"26_1_2_20170116184449316.jpg.chip.jpg","26","female","","","29.1","3.10"
"50_1_0_20170116222756898.jpg.chip.jpg","50","female","","","29","-21.00"
"26_0_1_20170113181413611.jpg.chip.jpg","26","male","","","28.6","2.60"
"27_1_0_20170109132420616.jpg.chip.jpg","27","female","","","28.8","1.80"
"34_1_0_20170117134930254.jpg.chip.jpg","34","female","43.84492111206055","9.84","29.4","-4.60"
"40_1_1_20170112231504476.jpg.chip.jpg","40","female","","","28.6","-11.40"
"49_0_0_20170104212545028.jpg.chip.jpg","49","male","","","43.5","-5.50"
"22_0_2_20170116172135035.jpg.chip.jpg","22","male","","","28.8","6.80"
"76_0_2_20170112205622556.jpg.chip.jpg","76","male","","","69.1","-6.90"
"61_0_0_20170117194413929.jpg.chip.jpg","61","male","","","39.2","-21.80"
"10_0_0_20170110225518663.jpg.chip.jpg","10","male","","","9.3","-0.70"
"40_1_1_20170113001728994.jpg.chip.jpg","40","female","45.72137451171875","5.72","29.3","-10.70"
"26_1_0_20170103180235712.jpg.chip.jpg","26","female","","","29.1","3.10"
"47_0_3_20170119202404381.jpg.chip.jpg","47","male","","","48.6","1.60"
"26_1_0_20170117131041963.jpg.chip.jpg","26","female","","","29.5","3.50"
"3_0_0_20170110212748579.jpg.chip.jpg","3","male","1.0549886226654053","-1.95","",""
"26_0_3_20170119180844118.jpg.chip.jpg","26","male","","","29.5","3.50"
"43_1_1_20170113001944659.jpg.chip.jpg","43","female","","","29.2","-13.80"
"62_0_3_20170111204125673.jpg.chip.jpg","62","male","63.13035202026367","1.13","69.2","7.20"
"1_1_2_20161219155909061.jpg.chip.jpg","1","female","","","",""
"35_0_1_20170117134943933.jpg.chip.jpg","35","male","31.497196197509766","-3.50","28.7","-6.30"
"4_1_2_20161219204019100.jpg.chip.jpg","4","female","","","",""
"20_1_0_20170117140146900.jpg.chip.jpg","20","female","","","29.1","9.10"
"50_0_3_20170119154108905.jpg.chip.jpg","50","male","","","39.1","-10.90"
"7_0_0_20170110215615139.jpg.chip.jpg","7","male","","","9.3","2.30"
"2_1_2_20161219142349633.jpg.chip.jpg","2","female","1.8025765419006348","-0.20","",""
"3_0_2_20161219161700237.jpg.chip.jpg","3","male","0.8555974364280701","-2.14","",""
"66_1_0_20170110175837753.jpg.chip.jpg","66","female","","","39.2","-26.80"
"1_0_2_20170109191453449.jpg.chip.jpg","1","male","0.6875209808349609","-0.31","",""
"31_0_0_20170105163411563.jpg.chip.jpg","31","male","","","28.6","-2.40"
"31_1_3_20170119195945900.jpg.chip.jpg","31","female","","","29.2","-1.80"
"26_0_0_20170117144510833.jpg.chip.jpg","26","male","25.278709411621094","-0.72","26.6","0.60"
"23_0_0_20170116220953152.jpg.chip.jpg","23","male","23.97947883605957","0.98","28.5","5.50"
"24_1_0_20170119211426377.jpg.chip.jpg","24","female","","","29.4","5.40"
"54_1_0_20170109132244248.jpg.chip.jpg","54","female","","","29.2","-24.80"
"39_0_2_20170104210153244.jpg.chip.jpg","39","male","","","29.1","-9.90"
"32_0_1_20170114031959964.jpg.chip.jpg","32","male","","","29.4","-2.60"
"29_0_0_20170117202649479.jpg.chip.jpg","29","male","27.83922004699707","-1.16","21.4","-7.60"
"26_1_0_20170117175313606.jpg.chip.jpg","26","female","33.95528793334961","7.96","30.5","4.50"
"50_0_0_20170111181750454.jpg.chip.jpg","50","male","34.758628845214844","-15.24","34.6","-15.40"
"53_0_0_20170113184941808.jpg.chip.jpg","53","male","","","39.4","-13.60"
"67_1_0_20170120223746014.jpg.chip.jpg","67","female","","","53.5","-13.50"
"6_1_4_20170104005453175.jpg.chip.jpg","6","female","","","8.7","2.70"
"47_0_0_20170105173138581.jpg.chip.jpg","47","male","","","49.4","2.40"
"42_1_3_20170104220806510.jpg.chip.jpg","42","female","49.26386260986328","7.26","29.1","-12.90"
"65_0_2_20170116233005621.jpg.chip.jpg","65","male","55.16204833984375","-9.84","38.8","-26.20"
"29_1_2_20170116175313289.jpg.chip.jpg","29","female","","","16.3","-12.70"
"90_1_0_20170110182910242.jpg.chip.jpg","90","female","86.01649475097656","-3.98","69.3","-20.70"
"65_1_3_20170109143047483.jpg.chip.jpg","65","female","","","69.2","4.20"
"52_1_0_20170105184031767.jpg.chip.jpg","52","female","56.78061294555664","4.78","49.2","-2.80"
"9_0_0_20170110220712974.jpg.chip.jpg","9","male","4.194489479064941","-4.81","9.2","0.20"
"22_1_2_20170104021303821.jpg.chip.jpg","22","female","12.055296897888184","-9.94","16.1","-5.90"
"45_1_1_20170116162143245.jpg.chip.jpg","45","female","","","29.1","-15.90"
"92_1_0_20170110183501116.jpg.chip.jpg","92","female","","","29.2","-62.80"
"76_1_0_20170120225354841.jpg.chip.jpg","76","female","","","68.9","-7.10"
"22_1_3_20170119163636742.jpg.chip.jpg","22","female","25.040477752685547","3.04","23.6","1.60"
"27_1_0_20170117180028028.jpg.chip.jpg","27","female","","","23.6","-3.40"
"26_0_4_20170117200017039.jpg.chip.jpg","26","male","","","29.3","3.30"
"89_1_0_20170120230308115.jpg.chip.jpg","89","female","84.58544158935547","-4.41","69.2","-19.80"
"35_0_3_20170117134205757.jpg.chip.jpg","35","male","","","28.6","-6.40"
"40_1_0_20170117134417715.jpg.chip.jpg","40","female","","","39","-1.00"
"2_0_3_20161219225440088.jpg.chip.jpg","2","male","","","",""
"1_1_4_20161221202912889.jpg.chip.jpg","1","female","","","4","3.00"
"44_0_3_20170119204704727.jpg.chip.jpg","44","male","51.5654296875","7.57","39.3","-4.70"
"46_0_4_20170120134419847.jpg.chip.jpg","46","male","","","37.3","-8.70"
"2_1_2_20161219140840080.jpg.chip.jpg","2","female","1.1517486572265625","-0.85","",""
"25_0_0_20170116200929068.jpg.chip.jpg","25","male","16.952211380004883","-8.05","16.6","-8.40"
"55_0_3_20170119204827472.jpg.chip.jpg","55","male","","","29.3","-25.70"
"6_1_0_20170109193725492.jpg.chip.jpg","6","female","6.462135314941406","0.46","22.6","16.60"
"54_0_1_20170117183554529.jpg.chip.jpg","54","male","","","29.4","-24.60"
"57_1_0_20170110131940730.jpg.chip.jpg","57","female","55.066715240478516","-1.93","38.8","-18.20"
"44_1_3_20170119172158321.jpg.chip.jpg","44","female","","","29.3","-14.70"
"2_0_4_20170103202421392.jpg.chip.jpg","2","male","","","",""
"12_0_4_20170103200555927.jpg.chip.jpg","12","male","10.974129676818848","-1.03","8.8","-3.20"
"49_1_0_20170109220421978.jpg.chip.jpg","49","female","56.75688934326172","7.76","36.4","-12.60"
"26_0_0_20170117184723591.jpg.chip.jpg","26","male","","","16.4","-9.60"
"32_0_0_20170116192811043.jpg.chip.jpg","32","male","","","28.7","-3.30"
"24_0_4_20170103223928055.jpg.chip.jpg","24","male","18.51371955871582","-5.49","22.6","-1.40"
"45_0_0_20170117185108392.jpg.chip.jpg","45","male","50.836666107177734","5.84","44.4","-0.60"
"36_1_1_20170117091839173.jpg.chip.jpg","36","female","","","28.9","-7.10"
"14_1_0_20170109204200483.jpg.chip.jpg","14","female","12.505582809448242","-1.49","16.4","2.40"
"71_0_0_20170104213311644.jpg.chip.jpg","71","male","","","69.2","-1.80"
"26_0_2_20170116181209519.jpg.chip.jpg","26","male","","","28.6","2.60"
"4_1_0_20170103212153219.jpg.chip.jpg","4","female","","","4","0.00"
"12_1_0_20170102234723371.jpg.chip.jpg","12","female","","","28.9","16.90"
"34_0_0_20170105164139508.jpg.chip.jpg","34","male","36.984615325927734","2.98","38.4","4.40"
"27_1_4_20170103230450385.jpg.chip.jpg","27","female","","","28.6","1.60"
"24_1_1_20170112231342878.jpg.chip.jpg","24","female","","","23.5","-0.50"
"28_0_1_20170112211810813.jpg.chip.jpg","28","male","","","23.6","-4.40"
"9_0_0_20170110220658769.jpg.chip.jpg","9","male","6.776867866516113","-2.22","28.7","19.70"
"55_1_0_20170117190736258.jpg.chip.jpg","55","female","","","49.3","-5.70"
"9_0_0_20170110223500322.jpg.chip.jpg","9","male","6.745392799377441","-2.25","28.7","19.70"
"22_0_3_20170117143013435.jpg.chip.jpg","22","male","23.149017333984375","1.15","38.6","16.60"
"10_1_0_20170109203218966.jpg.chip.jpg","10","female","9.59721565246582","-0.40","28.8","18.80"
"26_0_1_20170113152913048.jpg.chip.jpg","26","male","24.439762115478516","-1.56","23.8","-2.20"
"30_0_0_20170117135548182.jpg.chip.jpg","30","male","","","28.7","-1.30"
"5_0_2_20170110215845491.jpg.chip.jpg","5","male","5.810399055480957","0.81","16.3","11.30"
"12_1_2_20170116194059753.jpg.chip.jpg","12","female","","","16","4.00"
"2_1_1_20170109190549164.jpg.chip.jpg","2","female","","","",""
"29_0_2_20170116173703903.jpg.chip.jpg","29","male","","","28.8","-0.20"
"51_1_2_20170104212216588.jpg.chip.jpg","51","female","","","29.3","-21.70"
"58_0_0_20170117160331768.jpg.chip.jpg","58","male","","","39.2","-18.80"
"37_1_0_20170103175351545.jpg.chip.jpg","37","female","47.090660095214844","10.09","29.2","-7.80"
"40_0_3_20170117170421496.jpg.chip.jpg","40","male","","","38.7","-1.30"
"68_0_0_20170111171747660.jpg.chip.jpg","68","male","59.751068115234375","-8.25","39.2","-28.80"
"55_0_3_20170119181425916.jpg.chip.jpg","55","male","","","29.2","-25.80"
"59_0_0_20170111171747523.jpg.chip.jpg","59","male","55.708709716796875","-3.29","44.4","-14.60"
"37_1_1_20170112220140249.jpg.chip.jpg","37","female","","","28.9","-8.10"
"55_0_3_20170119204546494.jpg.chip.jpg","55","male","","","39.2","-15.80"
"60_1_0_20170110151345930.jpg.chip.jpg","60","female","58.30865478515625","-1.69","38.7","-21.30"
"28_1_2_20170116171710952.jpg.chip.jpg","28","female","19.242069244384766","-8.76","16.2","-11.80"
"41_0_3_20170119204219798.jpg.chip.jpg","41","male","","","38.7","-2.30"
"47_0_0_20170116214228124.jpg.chip.jpg","47","male","28.560274124145508","-18.44","29.3","-17.70"
"27_0_1_20170113181236631.jpg.chip.jpg","27","male","23.20577621459961","-3.79","29.5","2.50"
"43_1_1_20170117193944155.jpg.chip.jpg","43","female","52.037445068359375","9.04","38.7","-4.30"
"25_1_1_20170116003157389.jpg.chip.jpg","25","female","","","29.5","4.50"
"43_1_3_20170109142242047.jpg.chip.jpg","43","female","","","39.2","-3.80"
"36_0_1_20170113142202668.jpg.chip.jpg","36","male","25.14849853515625","-10.85","28.8","-7.20"
"30_0_2_20170116164441153.jpg.chip.jpg","30","male","","","29.3","-0.70"
"63_0_0_20170104213557957.jpg.chip.jpg","63","male","61.926124572753906","-1.07","69.2","6.20"
"11_1_0_20170109205438571.jpg.chip.jpg","11","female","","","9.3","-1.70"
"55_0_3_20170119181128452.jpg.chip.jpg","55","male","","","29.4","-25.60"
"27_0_2_20170119193328922.jpg.chip.jpg","27","male","","","28.8","1.80"
"80_0_0_20170117173616376.jpg.chip.jpg","80","male","","","69.1","-10.90"
"8_0_0_20170110215559811.jpg.chip.jpg","8","male","10.376044273376465","2.38","23.4","15.40"
"26_1_0_20170110173815028.jpg.chip.jpg","26","female","","","29.5","3.50"
"15_0_0_20170110232327328.jpg.chip.jpg","15","male","12.380414962768555","-2.62","9.5","-5.50"
"26_0_4_20170105162624331.jpg.chip.jpg","26","male","","","28.7","2.70"
"31_0_1_20170113135250690.jpg.chip.jpg","31","male","21.87771987915039","-9.12","29.3","-1.70"
"50_1_3_20170117154120315.jpg.chip.jpg","50","female","","","44.5","-5.50"
"22_1_1_20170113010358791.jpg.chip.jpg","22","female","","","28.5","6.50"
"18_1_1_20170114030424059.jpg.chip.jpg","18","female","","","28.8","10.80"
"3_1_4_20161221193402694.jpg.chip.jpg","3","female","1.3691110610961914","-1.63","",""
"26_1_3_20170119193113194.jpg.chip.jpg","26","female","33.82029724121094","7.82","29.4","3.40"
"38_0_0_20170104204524306.jpg.chip.jpg","38","male","","","39.1","1.10"
"1_0_0_20161219203657925.jpg.chip.jpg","1","male","1.3486673831939697","0.35","",""
"92_1_0_20170110175809576.jpg.chip.jpg","92","female","91.51737213134766","-0.48","29.3","-62.70"
"41_0_4_20170104185252334.jpg.chip.jpg","41","male","","","29.2","-11.80"
"23_1_4_20170103223618431.jpg.chip.jpg","23","female","","","23.6","0.60"
"2_1_3_20161220222832003.jpg.chip.jpg","2","female","","","16.4","14.40"
"60_1_1_20170110152910810.jpg.chip.jpg","60","female","","","29.1","-30.90"
"42_1_1_20170113001552715.jpg.chip.jpg","42","female","","","29.4","-12.60"
"36_0_0_20170103182808586.jpg.chip.jpg","36","male","","","38.5","2.50"
"53_1_1_20170113013025665.jpg.chip.jpg","53","female","","","29.3","-23.70"
"24_1_0_20170117150424339.jpg.chip.jpg","24","female","","","29.3","5.30"
"50_0_0_20170117185149577.jpg.chip.jpg","50","male","","","39.5","-10.50"
"21_1_1_20170113005845999.jpg.chip.jpg","21","female","","","29.4","8.40"
"20_1_1_20170114031112464.jpg.chip.jpg","20","female","24.682802200317383","4.68","29.5","9.50"
"25_0_0_20170117195127741.jpg.chip.jpg","25","male","29.320995330810547","4.32","28.7","3.70"
"30_0_0_20170117130638578.jpg.chip.jpg","30","male","","","38.6","8.60"
"62_0_0_20170111210035323.jpg.chip.jpg","62","male","","","69.3","7.30"
"35_1_0_20170116201535811.jpg.chip.jpg","35","female","","","29.5","-5.50"
"21_1_2_20170116175142157.jpg.chip.jpg","21","female","","","29.3","8.30"
"35_0_0_20170117001240657.jpg.chip.jpg","35","male","","","28.7","-6.30"
"28_0_0_20170105164855636.jpg.chip.jpg","28","male","","","28.3","0.30"
"26_1_0_20170116220831323.jpg.chip.jpg","26","female","","","35.6","9.60"
"23_1_0_20170104234542547.jpg.chip.jpg","23","female","24.011737823486328","1.01","30.3","7.30"
"25_0_1_20170103180757928.jpg.chip.jpg","25","male","32.12180709838867","7.12","29.3","4.30"
"26_1_2_20170116184146454.jpg.chip.jpg","26","female","","","29.5","3.50"
"29_0_2_20170116172141170.jpg.chip.jpg","29","male","","","28.9","-0.10"
"116_1_2_20170112220255503.jpg.chip.jpg","116","female","84.78553009033203","-31.21","69.1","-46.90"
"1_0_2_20161219140913256.jpg.chip.jpg","1","male","","","",""
"1_0_4_20161221202558993.jpg.chip.jpg","1","male","","","",""
"26_0_3_20170119181428332.jpg.chip.jpg","26","male","","","28.6","2.60"
"51_0_1_20170117173705235.jpg.chip.jpg","51","male","61.19356155395508","10.19","48.4","-2.60"
"26_1_2_20170116184454934.jpg.chip.jpg","26","female","","","16.1","-9.90"
"1_0_3_20161219225242908.jpg.chip.jpg","1","male","","","4","3.00"
"29_0_0_20170117105025711.jpg.chip.jpg","29","male","","","25.3","-3.70"
"28_0_2_20170116220607771.jpg.chip.jpg","28","male","","","28.7","0.70"
"55_0_0_20170120221715677.jpg.chip.jpg","55","male","","","44.4","-10.60"
"28_0_1_20170113190421608.jpg.chip.jpg","28","male","30.828508377075195","2.83","28.7","0.70"
"54_0_0_20170119210031536.jpg.chip.jpg","54","male","57.40732192993164","3.41","34.2","-19.80"
"53_1_0_20170105000521347.jpg.chip.jpg","53","female","","","29.2","-23.80"
"36_0_0_20170117181851709.jpg.chip.jpg","36","male","","","28.6","-7.40"
"12_0_0_20170117165940524.jpg.chip.jpg","12","male","","","9.1","-2.90"
"26_0_1_20170117170851628.jpg.chip.jpg","26","male","","","28.5","2.50"
"28_1_3_20170109131950179.jpg.chip.jpg","28","female","25.911142349243164","-2.09","29.4","1.40"
"32_0_0_20170116191419267.jpg.chip.jpg","32","male","35.534481048583984","3.53","28.5","-3.50"
"51_0_1_20170113174654644.jpg.chip.jpg","51","male","","","34.6","-16.40"
"40_0_2_20170116180919548.jpg.chip.jpg","40","male","","","29","-11.00"
"26_1_3_20170119150754793.jpg.chip.jpg","26","female","","","28.7","2.70"
"29_0_1_20170117104536614.jpg.chip.jpg","29","male","","","34.3","5.30"
"45_0_2_20170117153932735.jpg.chip.jpg","45","male","","","34.3","-10.70"
"63_0_0_20170111200740138.jpg.chip.jpg","63","male","","","68.8","5.80"
"1_1_4_20161221192615380.jpg.chip.jpg","1","female","","","4","3.00"
"26_1_0_20170103181852617.jpg.chip.jpg","26","female","","","38.7","12.70"
"35_1_2_20170116175203095.jpg.chip.jpg","35","female","","","16.2","-18.80"
"1_0_4_20161221195955560.jpg.chip.jpg","1","male","1.1319177150726318","0.13","",""
"64_1_0_20170110141132057.jpg.chip.jpg","64","female","65.07999420166016","1.08","36.3","-27.70"
"39_0_0_20170117184947657.jpg.chip.jpg","39","male","41.53319549560547","2.53","38.5","-0.50"
"26_1_4_20170103225817689.jpg.chip.jpg","26","female","33.71491622924805","7.71","23.6","-2.40"
"2_1_2_20161219211123885.jpg.chip.jpg","2","female","1.5009891986846924","-0.50","",""
"26_1_2_20170116184134921.jpg.chip.jpg","26","female","","","29.4","3.40"
"26_1_2_20170116184248014.jpg.chip.jpg","26","female","","","16.1","-9.90"
"21_1_1_20170114031445759.jpg.chip.jpg","21","female","21.97011947631836","0.97","29.4","8.40"
"24_1_3_20170117145444188.jpg.chip.jpg","24","female","","","28.9","4.90"
"13_1_0_20170109205106776.jpg.chip.jpg","13","female","","","8.8","-4.20"
"23_1_1_20170113010507311.jpg.chip.jpg","23","female","","","29.2","6.20"
"35_0_0_20170117171756675.jpg.chip.jpg","35","male","","","33.5","-1.50"
"20_1_0_20170105184054896.jpg.chip.jpg","20","female","","","28.9","8.90"
"35_0_0_20170117180411944.jpg.chip.jpg","35","male","","","38.8","3.80"
"77_1_0_20170110180511080.jpg.chip.jpg","77","female","74.60040283203125","-2.40","63.2","-13.80"
"22_1_2_20170116165351984.jpg.chip.jpg","22","female","","","16.3","-5.70"
"25_0_0_20170105162443771.jpg.chip.jpg","25","male","29.59755516052246","4.60","28.4","3.40"
"25_1_1_20170116001314901.jpg.chip.jpg","25","female","32.374263763427734","7.37","29.3","4.30"
"1_0_2_20161219162847615.jpg.chip.jpg","1","male","","","",""
"1_0_3_20161220222642427.jpg.chip.jpg","1","male","1.4645848274230957","0.46","8.8","7.80"
"14_1_0_20170109214635943.jpg.chip.jpg","14","female","","","29.4","15.40"
"76_1_0_20170120225951434.jpg.chip.jpg","76","female","","","69.3","-6.70"
"36_0_2_20170104203108125.jpg.chip.jpg","36","male","35.37290954589844","-0.63","28.8","-7.20"
"51_0_1_20170117190816460.jpg.chip.jpg","51","male","","","29.3","-21.70"
"35_0_0_20170117194328411.jpg.chip.jpg","35","male","","","38.8","3.80"
"40_0_2_20170116181335777.jpg.chip.jpg","40","male","57.694271087646484","17.69","48.7","8.70"
"29_1_0_20170116221753436.jpg.chip.jpg","29","female","","","29.5","0.50"
"34_1_0_20170117190413161.jpg.chip.jpg","34","female","","","34.3","0.30"
"1_0_2_20161219195130076.jpg.chip.jpg","1","male","1.1460216045379639","0.15","",""
"36_1_1_20170112235521289.jpg.chip.jpg","36","female","33.55546188354492","-2.44","30.6","-5.40"
"57_0_0_20170117191706202.jpg.chip.jpg","57","male","57.71961212158203","0.72","39.2","-17.80"
"1_1_0_20170109192051442.jpg.chip.jpg","1","female","1.109426736831665","0.11","",""
"55_0_0_20170117190131875.jpg.chip.jpg","55","male","","","39.5","-15.50"
"9_0_0_20170110220236260.jpg.chip.jpg","9","male","9.058826446533203","0.06","28.6","19.60"
"7_0_0_20170110215327391.jpg.chip.jpg","7","male","5.953786373138428","-1.05","28.7","21.70"
"50_0_0_20170117194216684.jpg.chip.jpg","50","male","","","69","19.00"
"32_0_1_20170117182408963.jpg.chip.jpg","32","male","36.283267974853516","4.28","33.5","1.50"
"50_0_0_20170117135342519.jpg.chip.jpg","50","male","","","38.5","-11.50"
"18_1_4_20161223232148173.jpg.chip.jpg","18","female","16.771408081054688","-1.23","28.7","10.70"
"71_1_0_20170110160644048.jpg.chip.jpg","71","female","61.643829345703125","-9.36","36.3","-34.70"
"3_0_0_20170110213136600.jpg.chip.jpg","3","male","1.6459943056106567","-1.35","",""
"52_1_0_20170104210038027.jpg.chip.jpg","52","female","","","28.7","-23.30"
"26_1_1_20170113012058856.jpg.chip.jpg","26","female","","","28.6","2.60"
"15_0_0_20170103200828591.jpg.chip.jpg","15","male","15.29349422454834","0.29","22.5","7.50"
"16_1_0_20170109213440225.jpg.chip.jpg","16","female","","","16.4","0.40"
"37_0_0_20170116200540241.jpg.chip.jpg","37","male","","","38.6","1.60"
"57_0_3_20170104212938069.jpg.chip.jpg","57","male","","","48.7","-8.30"
"28_0_0_20170117180153864.jpg.chip.jpg","28","male","","","39.3","11.30"
"46_0_2_20170116224908862.jpg.chip.jpg","46","male","","","33.7","-12.30"
"26_1_0_20170116225127693.jpg.chip.jpg","26","female","","","29.2","3.20"
"29_1_1_20170116161645150.jpg.chip.jpg","29","female","","","29.1","0.10"
"77_0_1_20170117173757948.jpg.chip.jpg","77","male","62.263824462890625","-14.74","39.3","-37.70"
"1_0_0_20170110213012671.jpg.chip.jpg","1","male","1.6126036643981934","0.61","",""
"22_0_0_20170117140026568.jpg.chip.jpg","22","male","28.83660316467285","6.84","25.3","3.30"
"73_0_0_20170105181016710.jpg.chip.jpg","73","male","","","69.2","-3.80"
"68_0_1_20170117172339634.jpg.chip.jpg","68","male","","","38.8","-29.20"
"36_1_1_20170116002211364.jpg.chip.jpg","36","female","30.502286911010742","-5.50","28.9","-7.10"
"26_0_1_20170116221022120.jpg.chip.jpg","26","male","","","29.4","3.40"
"35_1_0_20170113005254692.jpg.chip.jpg","35","female","19.828405380249023","-15.17","28.7","-6.30"
"39_1_0_20170117154214155.jpg.chip.jpg","39","female","","","29.1","-9.90"
"35_1_3_20170104235206234.jpg.chip.jpg","35","female","22.84437370300293","-12.16","29.3","-5.70"
"26_0_0_20170117140938167.jpg.chip.jpg","26","male","25.043237686157227","-0.96","20.5","-5.50"
"19_0_3_20170104225836561.jpg.chip.jpg","19","male","","","28.8","9.80"
"25_1_3_20170104232710103.jpg.chip.jpg","25","female","","","28.7","3.70"
"27_0_1_20170114034625293.jpg.chip.jpg","27","male","","","28.6","1.60"
"14_0_2_20170104013318514.jpg.chip.jpg","14","male","","","16.2","2.20"
"23_1_2_20170116173121565.jpg.chip.jpg","23","female","","","29.3","6.30"
"70_1_3_20170109142852824.jpg.chip.jpg","70","female","72.78712463378906","2.79","68.7","-1.30"
"21_1_2_20170116170801014.jpg.chip.jpg","21","female","","","28.6","7.60"
"34_1_1_20170116162046501.jpg.chip.jpg","34","female","","","29.3","-4.70"
"30_0_2_20170112205508972.jpg.chip.jpg","30","male","","","16","-14.00"
"1_1_0_20170109190542206.jpg.chip.jpg","1","female","0.7398661375045776","-0.26","4","3.00"
"28_0_2_20170116170855714.jpg.chip.jpg","28","male","20.257699966430664","-7.74","28.6","0.60"
"45_0_3_20170119211625775.jpg.chip.jpg","45","male","","","33.6","-11.40"
"35_1_2_20170116191706178.jpg.chip.jpg","35","female","","","16.1","-18.90"
"39_0_3_20170119203939176.jpg.chip.jpg","39","male","44.22880554199219","5.23","29.3","-9.70"
"20_1_1_20170116215855605.jpg.chip.jpg","20","female","","","29.3","9.30"
"38_1_3_20170105001035965.jpg.chip.jpg","38","female","","","28.9","-9.10"
"34_0_0_20170117134913196.jpg.chip.jpg","34","male","39.29518127441406","5.30","38.7","4.70"
"8_0_4_20170117133054476.jpg.chip.jpg","8","male","7.222751140594482","-0.78","8.7","0.70"
"25_1_3_20170119171913200.jpg.chip.jpg","25","female","","","28.6","3.60"
"34_0_2_20170116191643236.jpg.chip.jpg","34","male","41.82847595214844","7.83","38.7","4.70"
"26_1_4_20170117185535633.jpg.chip.jpg","26","female","","","28.7","2.70"
"18_1_0_20170109214453184.jpg.chip.jpg","18","female","","","29.5","11.50"
"37_1_0_20170104172432171.jpg.chip.jpg","37","female","","","29.2","-7.80"
"27_0_1_20170116194835214.jpg.chip.jpg","27","male","28.90860366821289","1.91","28.5","1.50"
"25_0_3_20170119171147449.jpg.chip.jpg","25","male","27.181528091430664","2.18","28.6","3.60"
"31_0_0_20170116193252933.jpg.chip.jpg","31","male","","","28.5","-2.50"
"78_0_0_20170111210105923.jpg.chip.jpg","78","male","74.32422637939453","-3.68","59.3","-18.70"
"1_1_0_20170109192737181.jpg.chip.jpg","1","female","2.035482168197632","1.04","",""
"24_1_4_20170117194337597.jpg.chip.jpg","24","female","","","28.7","4.70"
"8_1_0_20170109202428799.jpg.chip.jpg","8","female","9.355216026306152","1.36","8.3","0.30"
"34_0_3_20170119200716509.jpg.chip.jpg","34","male","","","38.6","4.60"
"30_0_1_20170117202910591.jpg.chip.jpg","30","male","37.12550735473633","7.13","23.4","-6.60"
"1_1_0_20170109191129918.jpg.chip.jpg","1","female","1.023571491241455","0.02","",""
"8_0_0_20170110220011635.jpg.chip.jpg","8","male","9.243154525756836","1.24","9.8","1.80"