archivo,edad_real,genero_real,edad_faceapi,genero_faceapi,error_faceapi,edad_human,genero_human,error_human,edad_mesh,genero_mesh,error_mesh
"55_0_3_20170119211432745.jpg.chip.jpg","55","male","","","","49.3","male","-5.70","57.54228210449219","male","2.54"
"68_0_0_20170117172902192.jpg.chip.jpg","68","male","74.22692108154297","male","6.23","69.1","","1.10","68.16583251953125","male","0.17"
"58_0_0_20170111204009616.jpg.chip.jpg","58","male","59.55321502685547","male","1.55","69.1","male","11.10","56.668846130371094","male","-1.33"
"20_1_0_20170103175447799.jpg.chip.jpg","20","female","","","","28.7","female","8.70","34.27325439453125","female","14.27"
"22_0_0_20170117134610684.jpg.chip.jpg","22","male","","","","28.6","male","6.60","24.123489379882812","male","2.12"
"45_1_0_20170117175326912.jpg.chip.jpg","45","female","61.298255920410156","female","16.30","36.3","female","-8.70","54.48662567138672","female","9.49"
"32_1_0_20170116214216387.jpg.chip.jpg","32","female","","","","39","female","7.00","45.333229064941406","female","13.33"
"70_0_3_20170119210228526.jpg.chip.jpg","70","male","","","","39.1","male","-30.90","66.734130859375","male","-3.27"
"39_0_0_20170103183230555.jpg.chip.jpg","39","male","","","","38.8","male","-0.20","46.880950927734375","male","7.88"
"32_1_1_20170112215044104.jpg.chip.jpg","32","female","","","","28.8","female","-3.20","21.06125831604004","female","-10.94"
"41_0_2_20170105164126307.jpg.chip.jpg","41","male","48.10472869873047","female","7.10","29","male","-12.00","46.50688934326172","female","5.51"
"32_0_4_20170104000716333.jpg.chip.jpg","32","male","37.14459991455078","male","5.14","38.6","male","6.60","34.62836837768555","male","2.63"
"56_0_0_20170111211431463.jpg.chip.jpg","56","male","56.86767578125","male","0.87","29.1","male","-26.90","55.873233795166016","male","-0.13"
"28_1_2_20170116190127787.jpg.chip.jpg","28","female","","","","29.3","female","1.30","28.944889068603516","female","0.94"
"32_1_1_20170115235516131.jpg.chip.jpg","32","female","","","","29.5","female","-2.50","29.55524253845215","female","-2.44"
"2_0_0_20170110213128362.jpg.chip.jpg","2","male","","","","","female","","1.7653717994689941","male","-0.23"
"19_0_0_20170105184049223.jpg.chip.jpg","19","male","","","","28.8","male","9.80","26.291229248046875","male","7.29"
"28_0_1_20170117020144774.jpg.chip.jpg","28","male","","","","29.3","male","1.30","43.418121337890625","male","15.42"
"1_0_2_20161219222459119.jpg.chip.jpg","1","male","","","","","female","","0.9007254838943481","female","-0.10"
"64_0_0_20170120222952994.jpg.chip.jpg","64","male","65.9832534790039","male","1.98","39.1","male","-24.90","62.677913665771484","male","-1.32"
"41_1_0_20170117133203334.jpg.chip.jpg","41","female","","","","69.1","female","28.10","63.93833923339844","female","22.94"
"33_1_0_20170117182546605.jpg.chip.jpg","33","female","","","","29.4","female","-3.60","29.910682678222656","female","-3.09"
"24_1_2_20170116171548627.jpg.chip.jpg","24","female","22.870790481567383","female","-1.13","29.6","female","5.60","24.59477996826172","female","0.59"
"80_0_1_20170111205621738.jpg.chip.jpg","80","male","71.7188949584961","male","-8.28","48.7","male","-31.30","69.6967544555664","male","-10.30"
"45_0_0_20170116212320846.jpg.chip.jpg","45","male","","","","39.3","male","-5.70","52.22320556640625","male","7.22"
"45_0_0_20170119201904027.jpg.chip.jpg","45","male","","","","38.7","male","-6.30","49.37081527709961","male","4.37"
"115_1_0_20170120134725991.jpg.chip.jpg","115","female","","","","69.1","male","-45.90","101.47789764404297","female","-13.52"
"58_0_0_20170111195852891.jpg.chip.jpg","58","male","","","","39.1","male","-18.90","52.08723449707031","male","-5.91"
"60_1_0_20170110152946835.jpg.chip.jpg","60","female","","","","68.9","male","8.90","59.32902145385742","female","-0.67"
"86_1_0_20170120225751953.jpg.chip.jpg","86","female","","","","29.2","male","-56.80","89.09972381591797","female","3.10"
"28_1_1_20170113002039715.jpg.chip.jpg","28","female","","","","28.6","female","0.60","22.136991500854492","female","-5.86"
"40_0_0_20170117134708024.jpg.chip.jpg","40","male","44.925479888916016","male","4.93","43.6","male","3.60","45.44438934326172","male","5.44"
"45_1_1_20170112215205776.jpg.chip.jpg","45","female","","","","29.3","female","-15.70","33.58246612548828","female","-11.42"
"50_0_0_20170104213122948.jpg.chip.jpg","50","male","","","","38.5","male","-11.50","46.52240753173828","male","-3.48"
"5_1_0_20170109192816278.jpg.chip.jpg","5","female","5.62549352645874","female","0.63","8.7","female","3.70","7.063918113708496","female","2.06"
"24_0_2_20170116170804180.jpg.chip.jpg","24","male","26.435495376586914","male","2.44","28.8","female","4.80","27.57895851135254","male","3.58"
"21_1_0_20170111182452742.jpg.chip.jpg","21","female","","","","16.3","female","-4.70","18.9668025970459","female","-2.03"
"60_0_2_20170112222005682.jpg.chip.jpg","60","male","","","","29","","-31.00","59.525367736816406","male","-0.47"
"1_1_4_20161221201446945.jpg.chip.jpg","1","female","","","","","male","","3.6248292922973633","male","2.62"
"50_0_1_20170113184224648.jpg.chip.jpg","50","male","49.120201110839844","male","-0.88","38.7","male","-11.30","43.591732025146484","male","-6.41"
"24_0_0_20170116221910075.jpg.chip.jpg","24","male","","","","39.4","male","15.40","20.074636459350586","male","-3.93"
"16_1_0_20170109201603478.jpg.chip.jpg","16","female","19.845251083374023","female","3.85","22.4","female","6.40","16.835237503051758","female","0.84"
"54_0_0_20170104212617845.jpg.chip.jpg","54","male","64.75557708740234","male","10.76","48.8","male","-5.20","61.46640396118164","male","7.47"
"39_1_0_20170117154214155.jpg.chip.jpg","39","female","","","","29.1","male","-9.90","50.08184814453125","female","11.08"
"1_1_4_20161221193744550.jpg.chip.jpg","1","female","1.2862792015075684","male","0.29","4.2","female","3.20","1.7269036769866943","female","0.73"
"50_0_2_20170112220437210.jpg.chip.jpg","50","male","59.162235260009766","male","9.16","44.4","male","-5.60","51.56395721435547","male","1.56"
"36_0_2_20170104203108125.jpg.chip.jpg","36","male","35.37290954589844","male","-0.63","28.8","male","-7.20","38.449310302734375","male","2.45"
"60_0_0_20170104212556604.jpg.chip.jpg","60","male","","","","69.2","male","9.20","62.295166015625","male","2.30"
"49_0_3_20170104214426925.jpg.chip.jpg","49","male","","","","38.7","male","-10.30","41.046424865722656","male","-7.95"
"20_1_1_20170112231743279.jpg.chip.jpg","20","female","20.39656639099121","female","0.40","28.6","female","8.60","18.453556060791016","female","-1.55"
"32_1_0_20170109141918401.jpg.chip.jpg","32","female","30.843568801879883","female","-1.16","28.8","female","-3.20","38.331398010253906","female","6.33"
"30_1_2_20170116201615061.jpg.chip.jpg","30","female","33.23838806152344","female","3.24","28.8","female","-1.20","32.40660095214844","female","2.41"
"21_1_4_20170103224520560.jpg.chip.jpg","21","female","","","","28.6","female","7.60","23.26235008239746","female","2.26"
"62_0_2_20170104213224957.jpg.chip.jpg","62","male","","","","68.9","male","6.90","67.75871276855469","male","5.76"
"34_1_1_20170116164815094.jpg.chip.jpg","34","female","","","","23.5","female","-10.50","27.478139877319336","female","-6.52"
"18_1_1_20170113005321501.jpg.chip.jpg","18","female","23.92696189880371","female","5.93","29.5","female","11.50","21.47907829284668","female","3.48"
"28_1_3_20170117183503510.jpg.chip.jpg","28","female","","","","28.9","female","0.90","24.913095474243164","female","-3.09"
"26_1_1_20170113001517730.jpg.chip.jpg","26","female","22.168935775756836","female","-3.83","28.7","female","2.70","23.63177490234375","female","-2.37"
"25_0_1_20170113151512351.jpg.chip.jpg","25","male","","","","29.4","male","4.40","28.472625732421875","male","3.47"
"26_1_4_20170117201058830.jpg.chip.jpg","26","female","","","","29.2","","3.20","","",""
"1_1_3_20161220143239294.jpg.chip.jpg","1","female","1.2735750675201416","male","0.27","","male","","1.223942518234253","male","0.22"
"52_0_0_20170104212848023.jpg.chip.jpg","52","male","","","","38.8","male","-13.20","64.46003723144531","male","12.46"
"30_0_0_20170117144600491.jpg.chip.jpg","30","male","34.28968048095703","male","4.29","28.2","male","-1.80","34.560462951660156","male","4.56"
"8_1_0_20170109205015327.jpg.chip.jpg","8","female","9.947016716003418","female","1.95","28.7","female","20.70","8.737009048461914","female","0.74"
"43_0_3_20170119180612748.jpg.chip.jpg","43","male","","","","38.7","male","-4.30","35.86346435546875","male","-7.14"
"26_1_1_20170116231924481.jpg.chip.jpg","26","female","25.9196834564209","female","-0.08","29.5","female","3.50","25.150672912597656","female","-0.85"
"18_0_2_20170110231202841.jpg.chip.jpg","18","male","15.441445350646973","male","-2.56","16.2","male","-1.80","18.704580307006836","male","0.70"
"7_1_3_20161220222902435.jpg.chip.jpg","7","female","9.77619457244873","female","2.78","8.9","female","1.90","10.32477855682373","female","3.32"
"53_0_0_20170111171747425.jpg.chip.jpg","53","male","61.05907440185547","male","8.06","44.4","male","-8.60","59.36022186279297","male","6.36"
"26_1_1_20170116170023605.jpg.chip.jpg","26","female","","","","29","female","3.00","25.188810348510742","female","-0.81"
"26_0_1_20170112210717501.jpg.chip.jpg","26","male","","","","28.6","male","2.60","40.12500762939453","male","14.13"
"34_0_1_20170113182409981.jpg.chip.jpg","34","male","","","","28.7","male","-5.30","31.46900749206543","male","-2.53"
"49_0_3_20170109141453135.jpg.chip.jpg","49","male","","","","29.1","female","-19.90","35.57670593261719","male","-13.42"
"54_0_0_20170113184814520.jpg.chip.jpg","54","male","","","","38.7","male","-15.30","55.381343841552734","male","1.38"
"25_1_1_20170112235100153.jpg.chip.jpg","25","female","21.98941993713379","female","-3.01","22.3","female","-2.70","20.72264289855957","female","-4.28"
"17_0_1_20170113175010309.jpg.chip.jpg","17","male","","","","16.4","male","-0.60","22.3626651763916","male","5.36"
"21_1_3_20170104231630017.jpg.chip.jpg","21","female","","","","28.6","female","7.60","28.751035690307617","female","7.75"
"30_1_0_20170117144452546.jpg.chip.jpg","30","female","","","","38.7","female","8.70","34.932273864746094","female","4.93"
"27_0_0_20170117175400993.jpg.chip.jpg","27","male","","","","28.5","male","1.50","31.730186462402344","male","4.73"
"34_0_0_20170117134906182.jpg.chip.jpg","34","male","","","","28.7","male","-5.30","47.92959213256836","male","13.93"
"21_1_2_20170116165009080.jpg.chip.jpg","21","female","14.186213493347168","female","-6.81","16.2","female","-4.80","15.455818176269531","female","-5.54"
"24_0_0_20170119151341215.jpg.chip.jpg","24","male","","","","28.7","male","4.70","","",""
"16_1_0_20170109214323254.jpg.chip.jpg","16","female","","","","16.1","female","0.10","12.807048797607422","male","-3.19"
"35_1_4_20170117200255252.jpg.chip.jpg","35","female","","","","28.7","female","-6.30","38.8542594909668","female","3.85"
"45_0_3_20170119184144631.jpg.chip.jpg","45","male","","","","29.3","male","-15.70","48.190513610839844","male","3.19"
"85_1_0_20170110155144403.jpg.chip.jpg","85","female","84.54212188720703","female","-0.46","69.1","female","-15.90","76.57299041748047","female","-8.43"
"25_1_2_20170107213811324.jpg.chip.jpg","25","female","","","","9.1","female","-15.90","18.74104118347168","female","-6.26"
"66_0_0_20170109015504776.jpg.chip.jpg","66","male","","","","39.1","male","-26.90","64.38013458251953","male","-1.62"
"32_0_0_20170104200937337.jpg.chip.jpg","32","male","","","","34.5","male","2.50","29.54206657409668","male","-2.46"
"90_1_0_20170110182910242.jpg.chip.jpg","90","female","86.01649475097656","female","-3.98","69.3","female","-20.70","89.27628326416016","female","-0.72"
"45_0_1_20170116010527476.jpg.chip.jpg","45","male","","","","38.8","male","-6.20","50.854034423828125","male","5.85"
"30_0_3_20170119195811116.jpg.chip.jpg","30","male","39.056968688964844","male","9.06","29","male","-1.00","43.19466018676758","male","13.19"
"52_1_0_20170103180938968.jpg.chip.jpg","52","female","","","","29.2","female","-22.80","50.51041793823242","female","-1.49"
"29_1_4_20170103224739152.jpg.chip.jpg","29","female","","","","29","female","0.00","37.829524993896484","female","8.83"
"31_1_4_20170103234105597.jpg.chip.jpg","31","female","","","","29.4","female","-1.60","39.19140625","female","8.19"
"61_0_1_20170113175415829.jpg.chip.jpg","61","male","","","","38.8","male","-22.20","69.81088256835938","male","8.81"
"20_0_0_20170116205352042.jpg.chip.jpg","20","male","","","","28.7","male","8.70","18.932756423950195","male","-1.07"
"26_1_3_20170119192915634.jpg.chip.jpg","26","female","","","","28.8","female","2.80","30.95977210998535","female","4.96"
"26_1_0_20170116170915992.jpg.chip.jpg","26","female","","","","29.4","female","3.40","23.23796272277832","female","-2.76"
"77_1_0_20170110131558278.jpg.chip.jpg","77","female","","","","39.2","female","-37.80","74.94770050048828","female","-2.05"
"25_1_3_20170104222454999.jpg.chip.jpg","25","female","24.0898380279541","female","-0.91","28.6","female","3.60","23.372953414916992","female","-1.63"
"54_0_4_20170117204537409.jpg.chip.jpg","54","male","53.40594482421875","male","-0.59","39.2","male","-14.80","53.086669921875","male","-0.91"
"36_0_0_20170113184119879.jpg.chip.jpg","36","male","40.5796012878418","male","4.58","39.2","male","3.20","39.75559616088867","male","3.76"
"55_1_3_20170119192720664.jpg.chip.jpg","55","female","","","","29.2","male","-25.80","41.15983581542969","female","-13.84"
"50_1_2_20170107212204715.jpg.chip.jpg","50","female","","","","29.3","female","-20.70","48.53519821166992","female","-1.46"
"20_1_2_20170104020725236.jpg.chip.jpg","20","female","17.964269638061523","female","-2.04","28.8","female","8.80","24.042156219482422","female","4.04"
"46_0_3_20170109141827947.jpg.chip.jpg","46","male","","","","28.8","male","-17.20","44.4502067565918","male","-1.55"
"26_0_3_20170119180905795.jpg.chip.jpg","26","male","","","","29.4","male","3.40","26.966035842895508","male","0.97"
"23_0_4_20170102233413972.jpg.chip.jpg","23","male","","","","28.7","male","5.70","15.809904098510742","male","-7.19"
"61_0_2_20170116193742399.jpg.chip.jpg","61","male","","","","38.9","male","-22.10","","",""
"50_0_0_20170117135618315.jpg.chip.jpg","50","male","","","","38.7","male","-11.30","37.87506866455078","male","-12.12"
"27_1_2_20170116172655057.jpg.chip.jpg","27","female","22.510725021362305","female","-4.49","16.3","female","-10.70","22.536970138549805","female","-4.46"
"61_0_3_20170113185453489.jpg.chip.jpg","61","male","","","","29.3","male","-31.70","63.53229522705078","male","2.53"
"2_0_2_20161219161204614.jpg.chip.jpg","2","male","0.9622159004211426","male","-1.04","","female","","1.1030406951904297","male","-0.90"
"1_1_3_20161220220219634.jpg.chip.jpg","1","female","1.0267503261566162","female","0.03","","female","","0.958933413028717","female","-0.04"
"40_1_0_20170117135406232.jpg.chip.jpg","40","female","","","","39.2","female","-0.80","51.2979850769043","female","11.30"
"60_1_0_20170110143449132.jpg.chip.jpg","60","female","46.50310134887695","female","-13.50","36.4","female","-23.60","46.517303466796875","female","-13.48"
"1_1_0_20161219161636014.jpg.chip.jpg","1","female","","","","","female","","1.1498174667358398","female","0.15"
"26_1_1_20170113011845176.jpg.chip.jpg","26","female","","","","28.7","female","2.70","25.195964813232422","female","-0.80"
"31_0_1_20170116004652226.jpg.chip.jpg","31","male","","","","28.7","male","-2.30","23.86072540283203","male","-7.14"
"28_1_1_20170112222156481.jpg.chip.jpg","28","female","","","","29.4","male","1.40","27.0109920501709","female","-0.99"
"26_0_4_20170117153243021.jpg.chip.jpg","26","male","","","","28.6","male","2.60","25.85110855102539","male","-0.15"
"55_1_0_20170117155022829.jpg.chip.jpg","55","female","","","","29.2","male","-25.80","52.565670013427734","male","-2.43"
"26_0_4_20170117200225399.jpg.chip.jpg","26","male","","","","29.2","male","3.20","37.201568603515625","male","11.20"
"41_0_1_20170113134000456.jpg.chip.jpg","41","male","","","","23.7","male","-17.30","30.477340698242188","male","-10.52"
"40_1_0_20170117174656768.jpg.chip.jpg","40","female","","","","36.4","female","-3.60","38.45405578613281","female","-1.55"
"47_0_2_20170116184935713.jpg.chip.jpg","47","male","39.14130401611328","male","-7.86","29.1","male","-17.90","40.380027770996094","male","-6.62"
"40_0_0_20170120221014042.jpg.chip.jpg","40","male","","","","33.6","male","-6.40","29.127880096435547","male","-10.87"
"30_1_2_20170116192047079.jpg.chip.jpg","30","female","","","","29.2","female","-0.80","26.372604370117188","female","-3.63"
"76_1_0_20170120225951434.jpg.chip.jpg","76","female","","","","69.3","male","-6.70","84.80908966064453","female","8.81"
"34_0_0_20170119180649883.jpg.chip.jpg","34","male","","","","29.3","male","-4.70","37.81185531616211","male","3.81"
"73_1_0_20170110160644079.jpg.chip.jpg","73","female","73.96287536621094","female","0.96","52.6","female","-20.40","69.40364074707031","female","-3.60"
"26_1_2_20170116184301043.jpg.chip.jpg","26","female","","","","16.2","female","-9.80","22.755401611328125","female","-3.24"
"29_0_3_20170117180744344.jpg.chip.jpg","29","male","29.661436080932617","male","0.66","28.6","male","-0.40","30.16706657409668","male","1.17"
"23_1_3_20170119164422814.jpg.chip.jpg","23","female","","","","28.5","female","5.50","26.192888259887695","female","3.19"
"65_0_2_20170112205356788.jpg.chip.jpg","65","male","","","","29.2","male","-35.80","62.412940979003906","male","-2.59"
"1_0_0_20161219190824794.jpg.chip.jpg","1","male","4.274618148803711","male","3.27","","female","","1.1582846641540527","male","0.16"
"50_1_0_20170104205235021.jpg.chip.jpg","50","female","","","","68.8","female","18.80","56.268287658691406","female","6.27"
"30_1_1_20170112234436144.jpg.chip.jpg","30","female","","","","28.6","female","-1.40","20.47641372680664","female","-9.52"
"1_0_2_20161219161826830.jpg.chip.jpg","1","male","","","","","female","","1.1854004859924316","female","0.19"
"12_1_1_20170109214642524.jpg.chip.jpg","12","female","16.833730697631836","female","4.83","28.7","female","16.70","15.281339645385742","female","3.28"
"26_1_1_20170112235923687.jpg.chip.jpg","26","female","","","","28.8","female","2.80","28.202974319458008","female","2.20"
"78_0_1_20170113175613132.jpg.chip.jpg","78","male","","","","38.8","male","-39.20","59.870849609375","male","-18.13"
"57_1_0_20170110120843929.jpg.chip.jpg","57","female","","","","38.9","female","-18.10","66.18083953857422","female","9.18"
"1_1_0_20170109190532650.jpg.chip.jpg","1","female","1.3594095706939697","female","0.36","","female","","1.4398788213729858","female","0.44"
"32_1_2_20170116191622164.jpg.chip.jpg","32","female","29.85262680053711","female","-2.15","29.5","female","-2.50","32.982643127441406","female","0.98"
"28_0_0_20170116223051730.jpg.chip.jpg","28","male","","","","28.9","male","0.90","32.04008865356445","male","4.04"
"14_1_0_20170104005333646.jpg.chip.jpg","14","female","10.633156776428223","female","-3.37","28.5","female","14.50","12.405549049377441","female","-1.59"
"29_1_1_20170113012615177.jpg.chip.jpg","29","female","25.798791885375977","female","-3.20","29.4","female","0.40","27.754331588745117","female","-1.25"
"29_1_1_20170114030852380.jpg.chip.jpg","29","female","26.035625457763672","female","-2.96","29.4","female","0.40","26.42545509338379","female","-2.57"
"62_0_0_20170120223830886.jpg.chip.jpg","62","male","","","","29.3","male","-32.70","62.72156524658203","male","0.72"
"63_1_0_20170110153346047.jpg.chip.jpg","63","female","59.3670768737793","female","-3.63","49.3","female","-13.70","59.3316764831543","female","-3.67"
"26_0_0_20170116212048433.jpg.chip.jpg","26","male","24.382471084594727","male","-1.62","28.7","male","2.70","25.637516021728516","male","-0.36"
"32_0_1_20170113152213617.jpg.chip.jpg","32","male","23.79078483581543","male","-8.21","23.5","male","-8.50","28.886911392211914","male","-3.11"
"54_0_3_20170119201327821.jpg.chip.jpg","54","male","","","","28.9","male","-25.10","55.88098907470703","male","1.88"
"26_1_1_20170113011638655.jpg.chip.jpg","26","female","","","","29.3","male","3.30","21.863706588745117","female","-4.14"
"58_0_3_20170119211546505.jpg.chip.jpg","58","male","66.0802001953125","male","8.08","29.3","male","-28.70","67.94474792480469","male","9.94"
"35_0_3_20170104201604930.jpg.chip.jpg","35","male","32.6022834777832","male","-2.40","28.5","male","-6.50","32.43739318847656","male","-2.56"
"67_0_0_20170120230050170.jpg.chip.jpg","67","male","","","","38.8","male","-28.20","60.77653884887695","male","-6.22"
"35_0_1_20170117143130961.jpg.chip.jpg","35","male","33.165714263916016","male","-1.83","28.6","male","-6.40","32.468345642089844","male","-2.53"
"30_0_0_20170107212036868.jpg.chip.jpg","30","male","","","","28.7","male","-1.30","32.53997802734375","male","2.54"
"31_1_1_20170113012712161.jpg.chip.jpg","31","female","27.070682525634766","male","-3.93","29.3","female","-1.70","22.106197357177734","female","-8.89"
"22_0_3_20170119202650701.jpg.chip.jpg","22","male","","","","28.7","male","6.70","25.78021240234375","male","3.78"
"18_1_4_20170103201320721.jpg.chip.jpg","18","female","15.388075828552246","female","-2.61","28.6","female","10.60","15.813179969787598","female","-2.19"
"1_0_2_20161219160747326.jpg.chip.jpg","1","male","","","","","female","","1.1077375411987305","male","0.11"
"26_0_1_20170116201929711.jpg.chip.jpg","26","male","","","","28.6","male","2.60","15.965811729431152","male","-10.03"
"26_0_1_20170116235506865.jpg.chip.jpg","26","male","","","","39.4","male","13.40","41.597774505615234","male","15.60"
"13_1_3_20170109213029072.jpg.chip.jpg","13","female","10.51506519317627","female","-2.48","15.7","female","2.70","13.119402885437012","female","0.12"
"31_1_1_20170117105607322.jpg.chip.jpg","31","female","","","","28.6","female","-2.40","28.663585662841797","female","-2.34"
"26_1_1_20170116234835737.jpg.chip.jpg","26","female","","","","28.7","male","2.70","23.555273056030273","female","-2.44"
"1_1_0_20170109192442932.jpg.chip.jpg","1","female","1.3185468912124634","female","0.32","","female","","1.1440346240997314","female","0.14"
"29_1_0_20170104022059373.jpg.chip.jpg","29","female","","","","28.6","female","-0.40","26.566545486450195","female","-2.43"
"29_0_0_20170116214300022.jpg.chip.jpg","29","male","","","","28.7","male","-0.30","34.06886291503906","male","5.07"
"26_1_4_20170117201736159.jpg.chip.jpg","26","female","","","","28.7","female","2.70","34.50593948364258","female","8.51"
"23_1_2_20170116172854458.jpg.chip.jpg","23","female","","","","20.7","female","-2.30","19.229581832885742","female","-3.77"
"26_1_3_20170119155612442.jpg.chip.jpg","26","female","","","","28.7","female","2.70","36.370906829833984","female","10.37"
"75_0_0_20170117173011522.jpg.chip.jpg","75","male","","","","49.3","male","-25.70","58.49413299560547","male","-16.51"
"60_1_0_20170110122932443.jpg.chip.jpg","60","female","39.68950653076172","female","-20.31","38.7","female","-21.30","45.89925003051758","female","-14.10"
"26_1_0_20170116193157590.jpg.chip.jpg","26","female","","","","28.6","female","2.60","22.7174129486084","female","-3.28"
"12_1_0_20170109203628860.jpg.chip.jpg","12","female","5.180247783660889","female","-6.82","23.4","female","11.40","5.137844562530518","female","-6.86"
"2_0_4_20161221201843169.jpg.chip.jpg","2","male","","","","","male","","2.456305742263794","male","0.46"
"25_1_3_20170109213212198.jpg.chip.jpg","25","female","17.266712188720703","female","-7.73","28.7","female","3.70","21.014450073242188","female","-3.99"
"30_0_0_20170105164847516.jpg.chip.jpg","30","male","","","","29.3","male","-0.70","29.310741424560547","male","-0.69"
"40_1_2_20170116180536184.jpg.chip.jpg","40","female","","","","29.1","","-10.90","29.923152923583984","female","-10.08"
"26_0_2_20170116180859386.jpg.chip.jpg","26","male","24.068206787109375","male","-1.93","28.7","male","2.70","25.092491149902344","male","-0.91"
"31_0_1_20170113173411619.jpg.chip.jpg","31","male","","","","28.8","male","-2.20","27.657665252685547","male","-3.34"
"32_0_1_20170113183741368.jpg.chip.jpg","32","male","","","","29.3","male","-2.70","37.682640075683594","male","5.68"
"40_1_0_20170104183630718.jpg.chip.jpg","40","female","","","","38.9","female","-1.10","58.12271499633789","female","18.12"
"76_0_1_20170116205605555.jpg.chip.jpg","76","male","62.62395095825195","male","-13.38","29.2","male","-46.80","","",""
"26_0_0_20170117195919229.jpg.chip.jpg","26","male","","","","29.3","male","3.30","29.685632705688477","male","3.69"
"65_0_3_20170119201141428.jpg.chip.jpg","65","male","","","","68.8","male","3.80","66.8699951171875","male","1.87"
"39_0_0_20170109133418712.jpg.chip.jpg","39","male","","","","29.3","male","-9.70","41.11134338378906","male","2.11"
"27_1_0_20170117164325646.jpg.chip.jpg","27","female","","","","23.5","female","-3.50","21.758747100830078","male","-5.24"
"31_0_1_20170117181933252.jpg.chip.jpg","31","male","34.480350494384766","male","3.48","28.6","male","-2.40","31.670265197753906","male","0.67"
"35_0_0_20170105164824674.jpg.chip.jpg","35","male","36.7794189453125","male","1.78","28.6","male","-6.40","34.62745666503906","male","-0.37"
"30_0_0_20170116222414030.jpg.chip.jpg","30","male","","","","29","","-1.00","37.6059455871582","female","7.61"
"29_0_1_20170117022120994.jpg.chip.jpg","29","male","","","","28.6","male","-0.40","34.44843673706055","male","5.45"
"64_0_0_20170111204901624.jpg.chip.jpg","64","male","","","","39.3","male","-24.70","60.48580551147461","male","-3.51"
"18_0_1_20170113175821404.jpg.chip.jpg","18","male","","","","29.2","male","11.20","","",""
"1_1_3_20161220220157201.jpg.chip.jpg","1","female","0.9830886125564575","female","-0.02","","female","","1.170323371887207","female","0.17"
"43_0_0_20170119163815846.jpg.chip.jpg","43","male","","","","39.3","male","-3.70","45.50893783569336","male","2.51"
"26_1_2_20170116180828579.jpg.chip.jpg","26","female","","","","28.8","female","2.80","","",""
"24_0_0_20170117150007795.jpg.chip.jpg","24","male","","","","28.7","male","4.70","22.618227005004883","male","-1.38"
"49_1_0_20170104184759926.jpg.chip.jpg","49","female","","","","29.2","male","-19.80","45.569183349609375","female","-3.43"
"25_0_0_20170117142048826.jpg.chip.jpg","25","male","","","","28.4","male","3.40","27.661296844482422","male","2.66"
"50_0_0_20170117154624362.jpg.chip.jpg","50","male","53.994781494140625","male","3.99","69.1","male","19.10","51.8952522277832","male","1.90"
"48_0_0_20170104184737717.jpg.chip.jpg","48","male","58.82720184326172","male","10.83","69.1","male","21.10","55.73760223388672","male","7.74"
"26_1_1_20170117200205236.jpg.chip.jpg","26","female","","","","29.2","female","3.20","25.9049015045166","female","-0.10"
"61_0_0_20170104210224700.jpg.chip.jpg","61","male","","","","29.1","","-31.90","63.899436950683594","male","2.90"
"67_0_3_20170105175613302.jpg.chip.jpg","67","male","57.38529586791992","male","-9.61","34.4","male","-32.60","64.01714324951172","male","-2.98"
"36_0_0_20170117183142678.jpg.chip.jpg","36","male","29.498140335083008","male","-6.50","28.7","male","-7.30","28.026412963867188","male","-7.97"
"26_0_1_20170116030131527.jpg.chip.jpg","26","male","31.13995361328125","male","5.14","29.5","male","3.50","32.326595306396484","male","6.33"
"26_1_2_20170116175932810.jpg.chip.jpg","26","female","","","","28.9","female","2.90","","",""
"26_0_1_20170113135556026.jpg.chip.jpg","26","male","","","","28.7","male","2.70","33.52827072143555","male","7.53"
"26_1_1_20170116162426080.jpg.chip.jpg","26","female","","","","28.8","female","2.80","22.21493911743164","female","-3.79"
"24_0_0_20170117170357643.jpg.chip.jpg","24","male","21.92880630493164","male","-2.07","28.7","male","4.70","22.714025497436523","male","-1.29"
"48_0_0_20170117160523895.jpg.chip.jpg","48","male","52.86238098144531","male","4.86","29.2","male","-18.80","50.880271911621094","male","2.88"
"32_1_1_20170116003223296.jpg.chip.jpg","32","female","","","","33.7","male","1.70","26.467069625854492","female","-5.53"
"26_0_3_20170119180541276.jpg.chip.jpg","26","male","","","","38.8","male","12.80","42.366607666015625","male","16.37"
"23_0_4_20170117194033772.jpg.chip.jpg","23","male","24.6492919921875","male","1.65","20.2","male","-2.80","26.715274810791016","male","3.72"
"52_0_0_20170117190849099.jpg.chip.jpg","52","male","31.789094924926758","male","-20.21","39.3","male","-12.70","40.876136779785156","male","-11.12"
"26_1_0_20170116234649104.jpg.chip.jpg","26","female","","","","29.4","male","3.40","32.21699142456055","female","6.22"
"31_1_1_20170116222335750.jpg.chip.jpg","31","female","27.709341049194336","female","-3.29","29.5","female","-1.50","25.477319717407227","female","-5.52"
"28_1_2_20170116161754709.jpg.chip.jpg","28","female","","","","29.3","female","1.30","26.93838119506836","female","-1.06"
"24_0_3_20170117150025331.jpg.chip.jpg","24","male","","","","28.5","male","4.50","26.395442962646484","male","2.40"
"9_0_0_20170110225249086.jpg.chip.jpg","9","male","6.996088027954102","male","-2.00","8.7","male","-0.30","9.634293556213379","male","0.63"
"20_1_2_20170104015722028.jpg.chip.jpg","20","female","13.855474472045898","female","-6.14","16.3","female","-3.70","14.271666526794434","female","-5.73"
"40_0_0_20170104202600778.jpg.chip.jpg","40","male","","","","29.3","male","-10.70","35.188079833984375","male","-4.81"
"27_0_2_20170119193349130.jpg.chip.jpg","27","male","","","","28.8","male","1.80","26.747732162475586","male","-0.25"
"23_1_0_20170116221819522.jpg.chip.jpg","23","female","","","","29.5","female","6.50","33.45430374145508","female","10.45"
"52_0_0_20170111201135454.jpg.chip.jpg","52","male","55.99526596069336","male","4.00","44.5","male","-7.50","55.24436950683594","male","3.24"
"73_0_0_20170104213657221.jpg.chip.jpg","73","male","","","","69.3","male","-3.70","75.47265625","male","2.47"
"36_0_3_20170119194703786.jpg.chip.jpg","36","male","35.36459732055664","male","-0.64","38.7","male","2.70","33.978111267089844","male","-2.02"
"30_0_1_20170117130551448.jpg.chip.jpg","30","male","","","","38.5","male","8.50","40.453792572021484","male","10.45"
"5_0_0_20170110215706020.jpg.chip.jpg","5","male","2.7322442531585693","male","-2.27","23.4","","18.40","2.513263463973999","male","-2.49"
"53_0_0_20170111202247097.jpg.chip.jpg","53","male","","","","54.7","male","1.70","54.090328216552734","male","1.09"
"48_1_2_20170109002813437.jpg.chip.jpg","48","female","55.5863037109375","female","7.59","28.8","female","-19.20","50.084266662597656","female","2.08"
"40_0_0_20170117170539486.jpg.chip.jpg","40","male","50.26055145263672","male","10.26","44.4","male","4.40","45.50293731689453","male","5.50"
"40_0_1_20170117170529962.jpg.chip.jpg","40","male","","","","38.7","male","-1.30","32.12090301513672","male","-7.88"
"1_0_0_20161219205817093.jpg.chip.jpg","1","male","","","","","female","","0.9989973306655884","male","-0.00"
"32_0_3_20170119200338892.jpg.chip.jpg","32","male","","","","29.3","male","-2.70","49.270660400390625","male","17.27"
"26_0_0_20170117173437732.jpg.chip.jpg","26","male","","","","29.4","male","3.40","22.038902282714844","male","-3.96"
"9_0_0_20170110215453036.jpg.chip.jpg","9","male","","","","29.3","male","20.30","11.767578125","male","2.77"
"28_0_1_20170103225933161.jpg.chip.jpg","28","male","","","","28.6","male","0.60","31.741954803466797","male","3.74"
"28_1_3_20170119195103765.jpg.chip.jpg","28","female","","","","29.4","female","1.40","27.166913986206055","female","-0.83"
"24_1_2_20170116172555595.jpg.chip.jpg","24","female","","","","29.5","female","5.50","25.36395835876465","female","1.36"
"44_0_0_20170117003404757.jpg.chip.jpg","44","male","","","","29.2","","-14.80","51.63996124267578","male","7.64"
"5_1_0_20170109194113052.jpg.chip.jpg","5","female","5.542803764343262","female","0.54","8.7","female","3.70","5.037525653839111","male","0.04"
"26_1_1_20170112211649085.jpg.chip.jpg","26","female","","","","28.9","female","2.90","22.367597579956055","female","-3.63"
"9_0_0_20170110220623658.jpg.chip.jpg","9","male","7.232548713684082","male","-1.77","9.2","female","0.20","7.328854560852051","male","-1.67"
"32_1_4_20170104000720352.jpg.chip.jpg","32","female","","","","30.6","female","-1.40","40.605594635009766","female","8.61"
"32_0_0_20170105164554548.jpg.chip.jpg","32","male","","","","39.4","male","7.40","47.8660774230957","male","15.87"
"13_1_0_20170109205106776.jpg.chip.jpg","13","female","","","","8.8","female","-4.20","7.483124256134033","female","-5.52"
"21_1_4_20170103233920299.jpg.chip.jpg","21","female","","","","29.6","female","8.60","25.730615615844727","female","4.73"
"45_1_0_20170117171159258.jpg.chip.jpg","45","female","","","","29.1","male","-15.90","44.80048370361328","female","-0.20"
"40_0_4_20170117203834424.jpg.chip.jpg","40","male","45.31974411010742","male","5.32","35.7","male","-4.30","45.71190643310547","male","5.71"
"44_1_0_20170104235328961.jpg.chip.jpg","44","female","48.791893005371094","female","4.79","48.6","female","4.60","45.4655876159668","female","1.47"
"7_1_0_20170109205254531.jpg.chip.jpg","7","female","10.110821723937988","female","3.11","22.3","female","15.30","7.681748867034912","female","0.68"
"28_0_0_20170114033036427.jpg.chip.jpg","28","male","22.093868255615234","male","-5.91","20.3","male","-7.70","21.5231876373291","male","-6.48"
"15_0_0_20170110225410802.jpg.chip.jpg","15","male","","","","29.3","male","14.30","17.102434158325195","male","2.10"
"7_1_2_20161219141129768.jpg.chip.jpg","7","female","3.537992000579834","female","-3.46","16","male","9.00","5.743474006652832","female","-1.26"
"21_1_0_20170117142612442.jpg.chip.jpg","21","female","27.7679386138916","female","6.77","28.7","female","7.70","27.686494827270508","female","6.69"
"69_0_1_20170113184901806.jpg.chip.jpg","69","male","","","","58.6","male","-10.40","62.29225540161133","male","-6.71"
"40_1_1_20170116164046542.jpg.chip.jpg","40","female","","","","29.3","male","-10.70","47.31684494018555","female","7.32"
"35_0_2_20170116190045902.jpg.chip.jpg","35","male","33.86735153198242","male","-1.13","38.7","male","3.70","35.790706634521484","male","0.79"
"56_1_1_20170105163352795.jpg.chip.jpg","56","female","52.459327697753906","female","-3.54","29.4","female","-26.60","52.945011138916016","female","-3.05"
"45_0_4_20170104194522552.jpg.chip.jpg","45","male","46.11978530883789","male","1.12","38.8","male","-6.20","40.79179382324219","male","-4.21"
"35_1_2_20170116191711286.jpg.chip.jpg","35","female","","","","29.3","female","-5.70","31.171283721923828","female","-3.83"
"35_0_2_20170116182958820.jpg.chip.jpg","35","male","","","","38.9","male","3.90","40.029388427734375","male","5.03"
"40_0_0_20170120221048429.jpg.chip.jpg","40","male","","","","44.4","male","4.40","45.72325134277344","male","5.72"
"25_1_1_20170116001936456.jpg.chip.jpg","25","female","","","","28.7","female","3.70","32.585758209228516","male","7.59"
"2_1_1_20161219155833405.jpg.chip.jpg","2","female","0.9553503394126892","female","-1.04","4.1","male","2.10","1.3069467544555664","male","-0.69"
"61_1_0_20170110160643735.jpg.chip.jpg","61","female","","","","38.7","female","-22.30","51.21392059326172","female","-9.79"
"11_0_0_20170110220518578.jpg.chip.jpg","11","male","","","","29.3","male","18.30","7.021374225616455","male","-3.98"
"46_0_0_20170117173358796.jpg.chip.jpg","46","male","","","","48.7","male","2.70","50.78840255737305","male","4.79"
"43_0_2_20170112220312529.jpg.chip.jpg","43","male","47.6388053894043","male","4.64","38.8","male","-4.20","51.61138916015625","male","8.61"
"34_1_1_20170112213659687.jpg.chip.jpg","34","female","","","","29.3","male","-4.70","31.48180389404297","female","-2.52"
"84_1_0_20170120223155060.jpg.chip.jpg","84","female","","","","68.8","female","-15.20","71.66323852539062","female","-12.34"
"2_0_3_20161219224627007.jpg.chip.jpg","2","male","2.560298442840576","male","0.56","8.9","female","6.90","2.2918143272399902","male","0.29"
"29_1_1_20170114024736192.jpg.chip.jpg","29","female","29.361003875732422","female","0.36","16.2","","-12.80","21.848453521728516","female","-7.15"
"27_1_1_20170112234451680.jpg.chip.jpg","27","female","18.962263107299805","female","-8.04","29.5","female","2.50","14.089505195617676","female","-12.91"
"24_1_0_20170117145637012.jpg.chip.jpg","24","female","","","","29.2","","5.20","21.631755828857422","female","-2.37"
"24_1_4_20170117194842219.jpg.chip.jpg","24","female","","","","28.4","female","4.40","27.21512794494629","female","3.22"
"18_1_3_20170109213144758.jpg.chip.jpg","18","female","18.211729049682617","female","0.21","23.5","female","5.50","19.731191635131836","female","1.73"
"42_0_0_20170117154802006.jpg.chip.jpg","42","male","","","","29.4","male","-12.60","47.39548110961914","male","5.40"
"40_0_3_20170119210144247.jpg.chip.jpg","40","male","","","","29.1","male","-10.90","31.703344345092773","male","-8.30"
"26_0_1_20170117200006115.jpg.chip.jpg","26","male","","","","29.3","male","3.30","51.504356384277344","male","25.50"
"60_0_3_20170119205502432.jpg.chip.jpg","60","male","","","","48.3","male","-11.70","57.31390380859375","male","-2.69"
"24_1_0_20170117150310308.jpg.chip.jpg","24","female","21.99481773376465","female","-2.01","16.5","female","-7.50","21.427249908447266","female","-2.57"
"1_0_0_20170110205418587.jpg.chip.jpg","1","male","","","","","male","","1.0775048732757568","male","0.08"
"28_0_1_20170117021549834.jpg.chip.jpg","28","male","29.245296478271484","male","1.25","23.5","male","-4.50","28.895938873291016","male","0.90"
"25_0_1_20170113184508496.jpg.chip.jpg","25","male","44.339447021484375","male","19.34","38.7","male","13.70","41.72294998168945","male","16.72"
"78_1_2_20170112205322682.jpg.chip.jpg","78","female","","","","29.1","male","-48.90","68.41976165771484","male","-9.58"
"57_1_0_20170110154547015.jpg.chip.jpg","57","female","","","","38.8","female","-18.20","58.7940788269043","female","1.79"
"65_0_0_20170116224819158.jpg.chip.jpg","65","male","","","","28.7","male","-36.30","41.92104721069336","male","-23.08"
"26_1_0_20170103235707476.jpg.chip.jpg","26","female","","","","28.5","female","2.50","31.445220947265625","female","5.45"
"32_0_0_20170113142132251.jpg.chip.jpg","32","male","","","","28.4","male","-3.60","27.728424072265625","male","-4.27"
"68_1_1_20170113002009108.jpg.chip.jpg","68","female","","","","38.9","male","-29.10","57.96269607543945","female","-10.04"
"15_1_2_20170102234824195.jpg.chip.jpg","15","female","","","","16.1","female","1.10","16.977815628051758","female","1.98"
"33_1_0_20170103182556882.jpg.chip.jpg","33","female","45.73142623901367","female","12.73","29.3","female","-3.70","41.788936614990234","female","8.79"
"34_0_0_20170117134855475.jpg.chip.jpg","34","male","","","","28.6","male","-5.40","34.611637115478516","male","0.61"
"25_0_0_20170119171125583.jpg.chip.jpg","25","male","33.577850341796875","male","8.58","33.5","male","8.50","33.621620178222656","male","8.62"
"2_1_3_20161219225920200.jpg.chip.jpg","2","female","","","","4","","2.00","1.5925053358078003","male","-0.41"
"35_0_0_20170117000310436.jpg.chip.jpg","35","male","","","","38.6","male","3.60","40.86118698120117","male","5.86"
"25_0_1_20170113134128353.jpg.chip.jpg","25","male","","","","22.4","male","-2.60","23.88658905029297","male","-1.11"
"32_1_2_20170116185951847.jpg.chip.jpg","32","female","26.093189239501953","female","-5.91","29.6","female","-2.40","25.838451385498047","female","-6.16"
"24_0_3_20170104230150057.jpg.chip.jpg","24","male","","","","28.9","male","4.90","27.006465911865234","male","3.01"
"32_1_1_20170113011729264.jpg.chip.jpg","32","female","31.537687301635742","female","-0.46","29.3","female","-2.70","32.05472946166992","female","0.05"
"35_1_0_20170116222743531.jpg.chip.jpg","35","female","","","","29.1","female","-5.90","53.127803802490234","female","18.13"
"18_1_0_20170109214239711.jpg.chip.jpg","18","female","12.421146392822266","female","-5.58","28.8","female","10.80","11.708490371704102","female","-6.29"
"25_1_3_20170109135843276.jpg.chip.jpg","25","female","","","","28.7","female","3.70","28.940505981445312","female","3.94"
"85_0_1_20170111211354288.jpg.chip.jpg","85","male","83.09678649902344","male","-1.90","68.9","male","-16.10","77.01854705810547","male","-7.98"
"66_1_0_20170110123225778.jpg.chip.jpg","66","female","","","","29.2","female","-36.80","65.81222534179688","female","-0.19"
"68_0_0_20170117172938504.jpg.chip.jpg","68","male","","","","69.2","male","1.20","63.27310562133789","male","-4.73"
"25_0_2_20170104021135333.jpg.chip.jpg","25","male","26.395767211914062","male","1.40","29.3","male","4.30","26.96424674987793","male","1.96"
"26_0_1_20170113155124217.jpg.chip.jpg","26","male","","","","28.7","male","2.70","27.891407012939453","male","1.89"
"36_0_2_20170104200528385.jpg.chip.jpg","36","male","","","","38.9","male","2.90","42.20384979248047","male","6.20"
"2_1_2_20161219161141325.jpg.chip.jpg","2","female","","","","","male","","","",""
"9_1_0_20170109204512608.jpg.chip.jpg","9","female","9.100561141967773","female","0.10","28.7","female","19.70","11.345290184020996","female","2.35"
"33_0_3_20170117134831656.jpg.chip.jpg","33","male","","","","28.7","male","-4.30","37.93006134033203","male","4.93"
"52_1_0_20170110122416544.jpg.chip.jpg","52","female","","","","29.2","female","-22.80","46.74987030029297","female","-5.25"
"6_1_1_20170103223434927.jpg.chip.jpg","6","female","","","","22.6","female","16.60","23.320171356201172","female","17.32"
"61_0_0_20170104213323109.jpg.chip.jpg","61","male","","","","68.9","male","7.90","63.54641342163086","male","2.55"
"62_1_1_20170112233640592.jpg.chip.jpg","62","female","","","","29.4","female","-32.60","33.76776123046875","female","-28.23"
"25_0_3_20170119152931512.jpg.chip.jpg","25","male","","","","28.6","male","3.60","25.478927612304688","male","0.48"
"26_1_0_20170117201757542.jpg.chip.jpg","26","female","27.61890983581543","female","1.62","28.8","female","2.80","27.07943344116211","female","1.08"
"28_1_0_20170116221850018.jpg.chip.jpg","28","female","25.760454177856445","female","-2.24","29.4","female","1.40","22.764448165893555","female","-5.24"
"11_1_1_20170114033545468.jpg.chip.jpg","11","female","","","","28.8","female","17.80","20.205360412597656","female","9.21"
"47_0_3_20170119202114397.jpg.chip.jpg","47","male","","","","39.3","male","-7.70","50.966915130615234","male","3.97"
"21_1_4_20170117193754349.jpg.chip.jpg","21","female","16.56739616394043","female","-4.43","28.7","female","7.70","15.45053768157959","female","-5.55"
"35_1_1_20170113012452639.jpg.chip.jpg","35","female","20.344324111938477","female","-14.66","29.4","female","-5.60","17.25057601928711","female","-17.75"
"55_1_0_20170117200221382.jpg.chip.jpg","55","female","44.68067169189453","female","-10.32","29.2","female","-25.80","44.79545211791992","female","-10.20"
"1_1_3_20161219225602184.jpg.chip.jpg","1","female","","","","4","female","3.00","0.9608402848243713","female","-0.04"
"25_0_3_20170117151555901.jpg.chip.jpg","25","male","26.34151840209961","male","1.34","28.5","male","3.50","24.731281280517578","male","-0.27"
"44_0_3_20170119181341765.jpg.chip.jpg","44","male","","","","29.3","male","-14.70","44.14747619628906","male","0.15"
"26_1_3_20170104235435739.jpg.chip.jpg","26","female","","","","29.5","female","3.50","24.448482513427734","female","-1.55"
"15_1_3_20170119164417238.jpg.chip.jpg","15","female","","","","9.2","female","-5.80","16.485544204711914","female","1.49"
"61_0_0_20170104185643766.jpg.chip.jpg","61","male","","","","29.3","male","-31.70","62.53678512573242","male","1.54"
"62_1_0_20170110143413907.jpg.chip.jpg","62","female","51.774784088134766","female","-10.23","36.5","female","-25.50","49.831077575683594","female","-12.17"
"45_0_0_20170116224726258.jpg.chip.jpg","45","male","21.80731773376465","male","-23.19","28.7","male","-16.30","25.892738342285156","male","-19.11"
"10_0_0_20170103200522151.jpg.chip.jpg","10","male","8.12144947052002","female","-1.88","8.8","female","-1.20","6.7721028327941895","female","-3.23"
"19_1_4_20170103223231399.jpg.chip.jpg","19","female","","","","28.8","female","9.80","24.708066940307617","female","5.71"
"11_1_0_20170109205013531.jpg.chip.jpg","11","female","7.018853187561035","female","-3.98","9.3","female","-1.70","6.82689905166626","female","-4.17"
"26_0_1_20170113154951523.jpg.chip.jpg","26","male","36.31648635864258","male","10.32","33.5","male","7.50","34.07109832763672","male","8.07"
"15_0_0_20170103200828591.jpg.chip.jpg","15","male","15.29349422454834","male","0.29","22.5","male","7.50","14.78617000579834","male","-0.21"
"53_0_0_20170109012751966.jpg.chip.jpg","53","male","","","","39.1","male","-13.90","48.043704986572266","male","-4.96"
"50_0_3_20170119204542975.jpg.chip.jpg","50","male","","","","38.8","male","-11.20","48.97016143798828","male","-1.03"
"69_0_0_20170117185705145.jpg.chip.jpg","69","male","","","","69.1","male","0.10","69.30816650390625","male","0.31"
"34_1_3_20170105000852573.jpg.chip.jpg","34","female","","","","29.2","female","-4.80","23.701887130737305","female","-10.30"
"25_0_0_20170117134007900.jpg.chip.jpg","25","male","","","","28.6","male","3.60","21.941987991333008","male","-3.06"
"60_0_4_20170104185434246.jpg.chip.jpg","60","male","","","","29.2","male","-30.80","","",""
"5_1_2_20161219151834275.jpg.chip.jpg","5","female","","","","","male","","2.266899585723877","female","-2.73"
"67_0_0_20170120223724366.jpg.chip.jpg","67","male","","","","69.2","male","2.20","69.77508544921875","male","2.78"
"54_0_0_20170104212504460.jpg.chip.jpg","54","male","54.78345489501953","male","0.78","38.9","male","-15.10","51.738525390625","male","-2.26"
"80_1_0_20170110153259184.jpg.chip.jpg","80","female","","","","49.2","female","-30.80","74.56233215332031","female","-5.44"
"26_0_1_20170116204838256.jpg.chip.jpg","26","male","20.13397789001465","male","-5.87","23.9","male","-2.10","20.57442855834961","male","-5.43"
"30_0_3_20170119204722073.jpg.chip.jpg","30","male","","","","28.6","male","-1.40","32.05048751831055","male","2.05"
"80_1_0_20170110131953974.jpg.chip.jpg","80","female","","","","29.2","female","-50.80","59.151817321777344","female","-20.85"
"26_0_1_20170117170851628.jpg.chip.jpg","26","male","","","","28.5","male","2.50","29.9752140045166","male","3.98"
"24_1_1_20170112231628815.jpg.chip.jpg","24","female","30.062910079956055","female","6.06","29.5","female","5.50","28.036514282226562","female","4.04"
"36_1_1_20170116155035948.jpg.chip.jpg","36","female","","","","29.4","male","-6.60","29.831443786621094","female","-6.17"
"26_0_3_20170119191754105.jpg.chip.jpg","26","male","42.446250915527344","male","16.45","28.8","male","2.80","41.670108795166016","male","15.67"
"1_0_2_20161219141023272.jpg.chip.jpg","1","male","0.9819411635398865","male","-0.02","","female","","1.049867033958435","female","0.05"
"14_1_3_20170104221756497.jpg.chip.jpg","14","female","8.328018188476562","female","-5.67","28.8","female","14.80","12.322073936462402","female","-1.68"
"1_0_4_20170103210812538.jpg.chip.jpg","1","male","1.125004768371582","male","0.13","","male","","1.2421483993530273","male","0.24"
"26_0_0_20170113210319942.jpg.chip.jpg","26","male","","","","29.4","female","3.40","31.394351959228516","female","5.39"
"1_0_0_20161219204741557.jpg.chip.jpg","1","male","1.4544548988342285","male","0.45","","female","","1.1786918640136719","male","0.18"
"47_1_1_20170113002000875.jpg.chip.jpg","47","female","","","","29.4","female","-17.60","33.273929595947266","female","-13.73"
"35_1_2_20170117092216605.jpg.chip.jpg","35","female","34.811767578125","female","-0.19","29.1","female","-5.90","39.22047424316406","female","4.22"
"40_0_0_20170117131053164.jpg.chip.jpg","40","male","","","","38.7","male","-1.30","37.62077331542969","male","-2.38"
"27_1_0_20170117150925811.jpg.chip.jpg","27","female","29.554624557495117","female","2.55","36.5","female","9.50","26.669086456298828","female","-0.33"
"48_1_1_20170113013013754.jpg.chip.jpg","48","female","","","","29.2","female","-18.80","47.233497619628906","male","-0.77"
"34_0_0_20170104204404531.jpg.chip.jpg","34","male","29.452632904052734","male","-4.55","28.6","male","-5.40","30.456083297729492","male","-3.54"
"28_0_3_20170119194930475.jpg.chip.jpg","28","male","20.560775756835938","female","-7.44","28.7","female","0.70","18.940017700195312","female","-9.06"
"40_0_3_20170117194103620.jpg.chip.jpg","40","male","","","","38.8","male","-1.20","","",""
"30_1_3_20170119195851939.jpg.chip.jpg","30","female","","","","30.5","female","0.50","31.505578994750977","female","1.51"
"45_0_4_20170117204342880.jpg.chip.jpg","45","male","","","","28.8","male","-16.20","34.71703338623047","male","-10.28"
"26_0_3_20170119165526055.jpg.chip.jpg","26","male","","","","28.5","male","2.50","31.77597999572754","male","5.78"
"1_1_1_20170109194534193.jpg.chip.jpg","1","female","0.9364296197891235","female","-0.06","","female","","1.1891878843307495","male","0.19"
"52_0_0_20170104210142444.jpg.chip.jpg","52","male","","","","48.4","male","-3.60","53.07937240600586","male","1.08"
"41_0_0_20170117131132677.jpg.chip.jpg","41","male","","","","38.7","male","-2.30","42.6428108215332","male","1.64"
"41_1_0_20170103183924011.jpg.chip.jpg","41","female","","","","69.1","male","28.10","58.48981857299805","female","17.49"
"30_1_0_20170117141313938.jpg.chip.jpg","30","female","","","","30.5","female","0.50","23.754989624023438","female","-6.25"
"28_0_3_20170119164109405.jpg.chip.jpg","28","male","","","","29.3","male","1.30","35.323062896728516","male","7.32"
"26_1_1_20170114024803585.jpg.chip.jpg","26","female","","","","29.5","female","3.50","24.100399017333984","female","-1.90"
"52_0_0_20170117160940615.jpg.chip.jpg","52","male","63.179931640625","male","11.18","29.2","male","-22.80","58.844146728515625","male","6.84"
"32_0_2_20170117182411900.jpg.chip.jpg","32","male","","","","28.8","male","-3.20","23.385225296020508","male","-8.61"
"35_0_0_20170117134939473.jpg.chip.jpg","35","male","","","","20.6","male","-14.40","21.958763122558594","male","-13.04"
"41_0_0_20170116010754652.jpg.chip.jpg","41","male","","","","38.8","male","-2.20","39.170345306396484","male","-1.83"
"26_1_0_20170116225127693.jpg.chip.jpg","26","female","","","","29.2","female","3.20","16.559467315673828","male","-9.44"
"34_1_1_20170113001446387.jpg.chip.jpg","34","female","","","","28.9","female","-5.10","45.16291046142578","female","11.16"
"2_1_0_20161219162308158.jpg.chip.jpg","2","female","","","","4.1","female","2.10","2.025017023086548","male","0.03"
"21_0_3_20170119153824472.jpg.chip.jpg","21","male","22.003952026367188","male","1.00","20.4","male","-0.60","21.134096145629883","male","0.13"
"28_0_3_20170104215616229.jpg.chip.jpg","28","male","","","","33.5","male","5.50","33.12907028198242","male","5.13"
"59_0_0_20170105173420933.jpg.chip.jpg","59","male","","","","49.3","male","-9.70","58.526241302490234","male","-0.47"
"25_0_0_20170117142023338.jpg.chip.jpg","25","male","","","","16.7","male","-8.30","18.058012008666992","male","-6.94"
"39_0_1_20170117165830236.jpg.chip.jpg","39","male","","","","39.3","male","0.30","50.997406005859375","male","12.00"
"26_0_3_20170119181310597.jpg.chip.jpg","26","male","23.33327293395996","male","-2.67","28.7","male","2.70","27.216703414916992","male","1.22"
"23_1_4_20170117194240867.jpg.chip.jpg","23","female","23.323265075683594","female","0.32","28.5","female","5.50","25.02357292175293","female","2.02"
"27_1_2_20170116163618474.jpg.chip.jpg","27","female","","","","29.3","female","2.30","17.687286376953125","female","-9.31"
"70_1_0_20170110180429816.jpg.chip.jpg","70","female","75.16536712646484","female","5.17","48.7","female","-21.30","68.66349029541016","female","-1.34"
"52_1_0_20170109012706985.jpg.chip.jpg","52","female","","","","29.3","female","-22.70","41.753665924072266","female","-10.25"
"22_1_4_20170103225112465.jpg.chip.jpg","22","female","","","","28.5","female","6.50","24.754112243652344","female","2.75"
"58_0_0_20170117193913647.jpg.chip.jpg","58","male","58.09360885620117","male","0.09","48.4","male","-9.60","53.13565444946289","male","-4.86"
"54_1_0_20170110160643344.jpg.chip.jpg","54","female","50.44914627075195","female","-3.55","36.4","female","-17.60","45.67760467529297","female","-8.32"
"1_1_3_20161219224753152.jpg.chip.jpg","1","female","","","","","female","","1.0303295850753784","female","0.03"
"54_0_3_20170119201443709.jpg.chip.jpg","54","male","","","","28.8","male","-25.20","38.257041931152344","male","-15.74"
"33_1_0_20170116205749382.jpg.chip.jpg","33","female","","","","29","female","-4.00","48.25223922729492","female","15.25"
"24_0_1_20170113195713509.jpg.chip.jpg","24","male","","","","29.2","male","5.20","","",""
"78_0_2_20170112224428293.jpg.chip.jpg","78","male","80.86878204345703","male","2.87","","","","78.95382690429688","male","0.95"
"61_0_3_20170109150814971.jpg.chip.jpg","61","male","","","","29.2","male","-31.80","61.603240966796875","male","0.60"
"46_0_3_20170119204808215.jpg.chip.jpg","46","male","","","","38.7","male","-7.30","42.99604797363281","male","-3.00"
"45_1_0_20170103163617968.jpg.chip.jpg","45","female","63.8826904296875","female","18.88","49.2","female","4.20","64.16104888916016","female","19.16"
"33_0_3_20170119164211892.jpg.chip.jpg","33","male","","","","28.7","male","-4.30","30.34072494506836","male","-2.66"
"26_1_0_20170117152703723.jpg.chip.jpg","26","female","","","","29.1","female","3.10","29.013185501098633","female","3.01"
"54_0_0_20170117155448941.jpg.chip.jpg","54","male","","","","23.3","male","-30.70","50.258270263671875","male","-3.74"
"26_1_3_20170117140013800.jpg.chip.jpg","26","female","","","","29.5","female","3.50","23.191543579101562","female","-2.81"
"39_1_0_20170103182509962.jpg.chip.jpg","39","female","","","","49.2","female","10.20","50.438472747802734","female","11.44"
"37_1_1_20170112220107657.jpg.chip.jpg","37","female","","","","29","female","-8.00","19.132823944091797","female","-17.87"
"38_0_1_20170117133818533.jpg.chip.jpg","38","male","","","","39.1","male","1.10","33.340030670166016","male","-4.66"
"40_0_0_20170116232730548.jpg.chip.jpg","40","male","","","","29.2","male","-10.80","58.35398483276367","male","18.35"
"39_1_1_20170113011538935.jpg.chip.jpg","39","female","29.524477005004883","female","-9.48","29.5","female","-9.50","31.300933837890625","female","-7.70"
"14_1_0_20170109214428765.jpg.chip.jpg","14","female","16.16508674621582","female","2.17","9.3","female","-4.70","15.073473930358887","female","1.07"
"28_0_0_20170116220611954.jpg.chip.jpg","28","male","","","","34.4","male","6.40","32.74033737182617","male","4.74"
"28_0_0_20170117180519102.jpg.chip.jpg","28","male","27.981435775756836","male","-0.02","26.6","male","-1.40","28.14133071899414","male","0.14"
"29_1_1_20170117183625423.jpg.chip.jpg","29","female","","","","29.3","male","0.30","24.375450134277344","female","-4.62"
"29_1_1_20170112230631076.jpg.chip.jpg","29","female","","","","30.5","female","1.50","34.995967864990234","female","6.00"
"25_0_2_20170117140102359.jpg.chip.jpg","25","male","23.14773941040039","male","-1.85","29.7","","4.70","22.487293243408203","female","-2.51"
"26_0_3_20170119154215714.jpg.chip.jpg","26","male","","","","28.5","male","2.50","29.351511001586914","male","3.35"
"35_1_4_20170117203433192.jpg.chip.jpg","35","female","","","","39.2","female","4.20","49.476959228515625","female","14.48"
"27_1_2_20170116172637915.jpg.chip.jpg","27","female","23.486894607543945","female","-3.51","16.3","female","-10.70","24.364273071289062","female","-2.64"
"34_0_3_20170119163319768.jpg.chip.jpg","34","male","26.922800064086914","male","-7.08","28.6","male","-5.40","22.414634704589844","male","-11.59"
"32_0_1_20170116215755940.jpg.chip.jpg","32","male","","","","33.3","male","1.30","33.54548263549805","male","1.55"
"30_1_0_20170104185704638.jpg.chip.jpg","30","female","","","","29.2","female","-0.80","44.78597640991211","female","14.79"
"26_1_0_20170117171418571.jpg.chip.jpg","26","female","","","","29.2","male","3.20","20.32533836364746","female","-5.67"
"26_1_1_20170116014143675.jpg.chip.jpg","26","female","","","","29.4","female","3.40","24.992244720458984","female","-1.01"
"45_1_0_20170117190023859.jpg.chip.jpg","45","female","","","","28.8","","-16.20","43.24007797241211","female","-1.76"
"31_0_1_20170117203020591.jpg.chip.jpg","31","male","","","","38.7","male","7.70","50.05403518676758","male","19.05"
"37_0_3_20170119194851635.jpg.chip.jpg","37","male","","","","29.3","male","-7.70","31.40753746032715","male","-5.59"
"18_1_0_20170109214455239.jpg.chip.jpg","18","female","19.205663681030273","female","1.21","23.6","female","5.60","18.96596908569336","female","0.97"
"4_1_0_20170109194429005.jpg.chip.jpg","4","female","6.652263641357422","female","2.65","8.7","female","4.70","7.561448574066162","female","3.56"
"41_0_3_20170119143544485.jpg.chip.jpg","41","male","47.8017692565918","male","6.80","29.3","male","-11.70","45.73654556274414","male","4.74"
"1_0_1_20170110213645409.jpg.chip.jpg","1","male","1.6145622730255127","male","0.61","4","","3.00","1.825803279876709","male","0.83"
"45_0_2_20170117153932735.jpg.chip.jpg","45","male","","","","34.3","male","-10.70","56.138877868652344","male","11.14"
"1_0_0_20161219140623097.jpg.chip.jpg","1","male","","","","","male","","1.0439245700836182","male","0.04"
"4_1_0_20170117201312381.jpg.chip.jpg","4","female","","","","29.2","male","25.20","3.928617477416992","female","-0.07"
"62_0_0_20170104184818725.jpg.chip.jpg","62","male","","","","68.9","male","6.90","63.689964294433594","male","1.69"
"28_1_0_20170117174702574.jpg.chip.jpg","28","female","29.200136184692383","female","1.20","30.4","female","2.40","29.16375160217285","female","1.16"
"67_0_0_20170109002521701.jpg.chip.jpg","67","male","","","","29.1","male","-37.90","50.82075881958008","male","-16.18"
"26_1_3_20170119193114418.jpg.chip.jpg","26","female","","","","23.5","female","-2.50","20.142854690551758","female","-5.86"
"63_0_0_20170105173717909.jpg.chip.jpg","63","male","","","","29.2","male","-33.80","63.6487922668457","male","0.65"
"23_1_4_20170103223554895.jpg.chip.jpg","23","female","","","","28.6","female","5.60","23.60129165649414","female","0.60"
"34_0_0_20170116191654862.jpg.chip.jpg","34","male","29.689847946166992","male","-4.31","28.5","male","-5.50","29.41058921813965","male","-4.59"
"5_1_1_20161219190410076.jpg.chip.jpg","5","female","","","","8.5","","3.50","4.049562454223633","male","-0.95"
"61_0_0_20170117174451974.jpg.chip.jpg","61","male","","","","44.3","male","-16.70","57.767215728759766","male","-3.23"
"59_0_0_20170111203716454.jpg.chip.jpg","59","male","","","","58.6","male","-0.40","61.87200164794922","male","2.87"
"28_1_2_20170116162143001.jpg.chip.jpg","28","female","20.36701774597168","female","-7.63","28.6","female","0.60","18.690643310546875","female","-9.31"
"13_1_0_20170109203230286.jpg.chip.jpg","13","female","10.082660675048828","female","-2.92","28.7","female","15.70","9.784768104553223","female","-3.22"
"49_0_0_20170104212545028.jpg.chip.jpg","49","male","","","","43.5","male","-5.50","51.12473678588867","male","2.12"
"24_1_0_20170116222759439.jpg.chip.jpg","24","female","17.97355842590332","female","-6.03","28.6","female","4.60","20.835466384887695","female","-3.16"
"23_1_2_20170116173150921.jpg.chip.jpg","23","female","21.085628509521484","female","-1.91","28.5","female","5.50","22.609790802001953","female","-0.39"
"26_1_3_20170117154821244.jpg.chip.jpg","26","female","","","","29.2","female","3.20","27.089988708496094","female","1.09"
"77_1_0_20170113002117891.jpg.chip.jpg","77","female","67.65501403808594","female","-9.34","69.1","","-7.90","66.81554412841797","female","-10.18"
"58_0_1_20170113185358000.jpg.chip.jpg","58","male","","","","29.2","male","-28.80","68.87777709960938","male","10.88"
"1_0_2_20161219222219286.jpg.chip.jpg","1","male","","","","","female","","1.7804280519485474","male","0.78"
"90_0_0_20170117174931541.jpg.chip.jpg","90","male","77.08039855957031","male","-12.92","68.9","male","-21.10","75.94096374511719","male","-14.06"
"16_1_4_20170104005411807.jpg.chip.jpg","16","female","16.771408081054688","female","0.77","28.7","female","12.70","15.568549156188965","female","-0.43"
"65_1_1_20170110124227365.jpg.chip.jpg","65","female","","","","69.1","female","4.10","61.310462951660156","female","-3.69"
"75_1_0_20170109132033628.jpg.chip.jpg","75","female","72.9593276977539","female","-2.04","38.8","male","-36.20","71.99435424804688","female","-3.01"
"75_1_0_20170110131534363.jpg.chip.jpg","75","female","","","","69.2","female","-5.80","72.54011535644531","female","-2.46"
"2_0_2_20161219202702788.jpg.chip.jpg","2","male","1.0181808471679688","male","-0.98","","","","1.3594810962677002","male","-0.64"
"54_1_0_20170117191408330.jpg.chip.jpg","54","female","","","","39.3","female","-14.70","60.50932693481445","female","6.51"
"26_1_1_20170116153812488.jpg.chip.jpg","26","female","30.161989212036133","female","4.16","28.6","female","2.60","29.711013793945312","female","3.71"
"26_1_1_20170116011354096.jpg.chip.jpg","26","female","","","","29.3","male","3.30","40.384063720703125","female","14.38"
"30_0_0_20170113195424859.jpg.chip.jpg","30","male","","","","28.5","male","-1.50","21.8974552154541","male","-8.10"
"89_1_0_20170120221950480.jpg.chip.jpg","89","female","","","","29.3","male","-59.70","82.16962432861328","male","-6.83"
"27_0_1_20170120220051617.jpg.chip.jpg","27","male","19.214271545410156","male","-7.79","28.6","male","1.60","19.390933990478516","male","-7.61"
"26_0_3_20170119180458307.jpg.chip.jpg","26","male","","","","28.6","male","2.60","25.62515640258789","male","-0.37"
"30_0_0_20170117144004185.jpg.chip.jpg","30","male","27.29546356201172","male","-2.70","28.5","male","-1.50","28.954025268554688","male","-1.05"
"35_1_2_20170116185947151.jpg.chip.jpg","35","female","50.68556213378906","female","15.69","38.7","female","3.70","50.82545471191406","female","15.83"
"27_0_0_20170113133254871.jpg.chip.jpg","27","male","","","","20.5","male","-6.50","27.485227584838867","male","0.49"
"45_0_3_20170119171701550.jpg.chip.jpg","45","male","","","","39.3","male","-5.70","29.35047149658203","male","-15.65"
"36_0_0_20170117135442285.jpg.chip.jpg","36","male","","","","28.7","male","-7.30","26.8385066986084","male","-9.16"
"50_1_0_20170110151434231.jpg.chip.jpg","50","female","46.44118118286133","female","-3.56","38.7","female","-11.30","46.299034118652344","female","-3.70"
"29_1_3_20170104232640192.jpg.chip.jpg","29","female","21.010639190673828","female","-7.99","29.6","female","0.60","22.01942253112793","female","-6.98"
"32_1_2_20170113002101524.jpg.chip.jpg","32","female","","","","29.3","male","-2.70","28.99881935119629","female","-3.00"
"36_1_0_20170104201720018.jpg.chip.jpg","36","female","23.789796829223633","female","-12.21","29.1","female","-6.90","30.804370880126953","female","-5.20"
"28_1_0_20170116000542977.jpg.chip.jpg","28","female","","","","29.4","female","1.40","27.97064208984375","female","-0.03"
"26_1_4_20170105164223948.jpg.chip.jpg","26","female","","","","23.6","female","-2.40","25.749305725097656","female","-0.25"
"1_0_2_20161219200048084.jpg.chip.jpg","1","male","","","","","male","","0.8144540786743164","female","-0.19"
"48_0_4_20170104213328405.jpg.chip.jpg","48","male","","","","28.7","male","-19.30","34.49382400512695","male","-13.51"
"39_0_0_20170104204642477.jpg.chip.jpg","39","male","","","","39.3","male","0.30","41.182003021240234","male","2.18"
"26_1_3_20170119193143376.jpg.chip.jpg","26","female","","","","29.4","female","3.40","32.28940963745117","female","6.29"
"11_0_2_20170103200847287.jpg.chip.jpg","11","male","9.501209259033203","male","-1.50","16.4","male","5.40","8.279994010925293","male","-2.72"
"24_1_3_20170104235106686.jpg.chip.jpg","24","female","","","","29.2","female","5.20","23.174095153808594","female","-0.83"
"24_1_0_20170104022714148.jpg.chip.jpg","24","female","","","","23.7","female","-0.30","22.205434799194336","female","-1.79"
"60_1_0_20170110141023577.jpg.chip.jpg","60","female","49.69747543334961","female","-10.30","36.4","female","-23.60","49.65252685546875","female","-10.35"
"58_0_3_20170119211700248.jpg.chip.jpg","58","male","","","","29.3","","-28.70","62.05868911743164","male","4.06"
"29_0_0_20170116214245025.jpg.chip.jpg","29","male","41.819644927978516","male","12.82","29.2","male","0.20","43.763343811035156","male","14.76"
"28_0_1_20170113134056728.jpg.chip.jpg","28","male","36.96147918701172","male","8.96","28.5","male","0.50","34.296085357666016","male","6.30"
"48_1_0_20170117154722170.jpg.chip.jpg","48","female","","","","29.1","female","-18.90","48.50602340698242","female","0.51"
"12_0_4_20170103200626630.jpg.chip.jpg","12","male","15.301421165466309","male","3.30","28.8","","16.80","19.12925148010254","male","7.13"
"1_0_3_20161219225149888.jpg.chip.jpg","1","male","","","","","female","","1.1575465202331543","male","0.16"
"32_1_1_20170116012153835.jpg.chip.jpg","32","female","","","","29.5","female","-2.50","22.6124267578125","female","-9.39"
"40_1_1_20170116211626424.jpg.chip.jpg","40","female","30.771560668945312","female","-9.23","29.3","male","-10.70","29.25577163696289","male","-10.74"
"2_1_4_20170103210335629.jpg.chip.jpg","2","female","","","","","female","","2.254481077194214","female","0.25"
"40_1_1_20170117154203322.jpg.chip.jpg","40","female","","","","39.2","","-0.80","50.496036529541016","female","10.50"
"32_0_3_20170109141302293.jpg.chip.jpg","32","male","41.17293167114258","male","9.17","38.6","male","6.60","37.64384841918945","male","5.64"
"85_1_0_20170110181953748.jpg.chip.jpg","85","female","","","","29.2","female","-55.80","62.457698822021484","female","-22.54"
"20_1_0_20170117171624989.jpg.chip.jpg","20","female","","","","28.9","female","8.90","37.49894714355469","female","17.50"
"2_0_0_20170109191327945.jpg.chip.jpg","2","male","1.212904691696167","male","-0.79","4","female","2.00","1.8113347291946411","male","-0.19"
"28_0_1_20170116192119455.jpg.chip.jpg","28","male","","","","23.3","male","-4.70","26.845542907714844","male","-1.15"
"72_1_0_20170110140438240.jpg.chip.jpg","72","female","","","","69.2","male","-2.80","63.38016891479492","female","-8.62"
"27_1_1_20170112234022671.jpg.chip.jpg","27","female","35.28960037231445","female","8.29","28.7","female","1.70","33.51512908935547","female","6.52"
"4_1_0_20161219230409176.jpg.chip.jpg","4","female","4.475557327270508","female","0.48","4.1","female","0.10","5.641005516052246","female","1.64"
"26_1_1_20170116223407063.jpg.chip.jpg","26","female","","","","28.5","female","2.50","23.61847686767578","female","-2.38"
"50_0_2_20170116175220841.jpg.chip.jpg","50","male","","","","68.9","male","18.90","59.27399444580078","male","9.27"
"29_1_0_20170103180808736.jpg.chip.jpg","29","female","","","","38.9","female","9.90","49.056297302246094","female","20.06"
"1_0_2_20161219140744200.jpg.chip.jpg","1","male","","","","","female","","1.2360773086547852","male","0.24"
"45_0_4_20170117172212027.jpg.chip.jpg","45","male","45.518436431884766","male","0.52","34.3","male","-10.70","46.053260803222656","male","1.05"
"75_0_2_20170112224347901.jpg.chip.jpg","75","male","","","","69.2","male","-5.80","70.99160766601562","male","-4.01"
"20_0_4_20170117193424333.jpg.chip.jpg","20","male","22.757366180419922","male","2.76","16.2","male","-3.80","20.823291778564453","male","0.82"
"40_0_2_20170116222954442.jpg.chip.jpg","40","male","","","","29","male","-11.00","31.80064582824707","male","-8.20"
"36_1_2_20170109132405452.jpg.chip.jpg","36","female","","","","28.9","female","-7.10","40.07792663574219","female","4.08"
"28_0_2_20170112213615815.jpg.chip.jpg","28","male","23.648603439331055","male","-4.35","29.3","male","1.30","23.44584083557129","male","-4.55"
"36_1_0_20170104234532883.jpg.chip.jpg","36","female","37.20069885253906","female","1.20","30.4","female","-5.60","35.0640754699707","female","-0.94"
"26_0_1_20170116010015989.jpg.chip.jpg","26","male","","","","28.6","male","2.60","29.313108444213867","male","3.31"
"35_1_0_20170116211804087.jpg.chip.jpg","35","female","","","","29.3","female","-5.70","34.636688232421875","female","-0.36"
"6_1_3_20161220221604706.jpg.chip.jpg","6","female","","","","8.9","female","2.90","9.847251892089844","female","3.85"
"35_1_3_20170104235558235.jpg.chip.jpg","35","female","42.86896896362305","female","7.87","29.3","female","-5.70","45.540794372558594","female","10.54"
"1_0_2_20161219141927321.jpg.chip.jpg","1","male","1.2705472707748413","female","0.27","","female","","1.1798059940338135","female","0.18"
"32_1_1_20170113012644721.jpg.chip.jpg","32","female","29.88878631591797","female","-2.11","29.4","female","-2.60","30.678396224975586","female","-1.32"
"34_1_1_20170116173527974.jpg.chip.jpg","34","female","","","","33.7","male","-0.30","36.78664779663086","female","2.79"
"25_1_0_20170117134837758.jpg.chip.jpg","25","female","21.27713394165039","female","-3.72","23.6","female","-1.40","19.345027923583984","female","-5.65"
"32_1_3_20170109134532682.jpg.chip.jpg","32","female","","","","29.2","female","-2.80","39.67304992675781","female","7.67"
"18_0_0_20170110232054251.jpg.chip.jpg","18","male","","","","28.7","male","10.70","28.58066177368164","male","10.58"
"16_0_0_20170110231215944.jpg.chip.jpg","16","male","","","","9.4","male","-6.60","14.010824203491211","male","-1.99"
"9_0_0_20170110215523228.jpg.chip.jpg","9","male","","","","9.4","female","0.40","11.20125961303711","male","2.20"
"28_0_3_20170119211807137.jpg.chip.jpg","28","male","","","","29.3","male","1.30","19.45777702331543","male","-8.54"
"34_0_0_20170116193345729.jpg.chip.jpg","34","male","","","","38.7","male","4.70","41.12266159057617","male","7.12"
"23_1_0_20170112234128328.jpg.chip.jpg","23","female","","","","23.6","female","0.60","26.14957046508789","female","3.15"
"27_0_4_20170105163841596.jpg.chip.jpg","27","male","","","","28.5","male","1.50","31.956241607666016","male","4.96"
"26_1_0_20170113210605337.jpg.chip.jpg","26","female","","","","29.2","male","3.20","38.28709030151367","male","12.29"
"34_0_2_20170116193420245.jpg.chip.jpg","34","male","","","","28.6","male","-5.40","28.782302856445312","male","-5.22"
"21_0_0_20170104230014969.jpg.chip.jpg","21","male","","","","28.6","male","7.60","24.170166015625","male","3.17"
"47_0_2_20170112220340617.jpg.chip.jpg","47","male","","","","38.8","male","-8.20","52.730709075927734","male","5.73"
"50_0_0_20170117174607390.jpg.chip.jpg","50","male","","","","28.8","male","-21.20","51.613006591796875","male","1.61"
"36_1_0_20170113005733903.jpg.chip.jpg","36","female","25.868608474731445","female","-10.13","30.3","female","-5.70","25.92595100402832","female","-10.07"
"26_1_0_20170117091638287.jpg.chip.jpg","26","female","20.999677658081055","female","-5.00","28.6","male","2.60","24.55422019958496","female","-1.45"
"26_1_2_20170116162008791.jpg.chip.jpg","26","female","","","","28.7","female","2.70","19.5938720703125","female","-6.41"
"7_0_0_20170110215645684.jpg.chip.jpg","7","male","8.52740478515625","male","1.53","9.3","female","2.30","8.777486801147461","male","1.78"
"9_0_0_20170110223500322.jpg.chip.jpg","9","male","6.745392799377441","male","-2.25","28.7","male","19.70","7.553530693054199","male","-1.45"
"54_1_0_20170117165336562.jpg.chip.jpg","54","female","","","","29.2","female","-24.80","52.69108963012695","female","-1.31"
"26_1_3_20170119192928745.jpg.chip.jpg","26","female","","","","29.4","female","3.40","25.92002296447754","female","-0.08"
"64_1_0_20170110154140951.jpg.chip.jpg","64","female","","","","36.3","female","-27.70","62.423526763916016","female","-1.58"
"1_1_3_20161220145228183.jpg.chip.jpg","1","female","1.435632348060608","female","0.44","","female","","1.0898194313049316","female","0.09"
"13_1_0_20170109203635557.jpg.chip.jpg","13","female","11.532581329345703","female","-1.47","22.4","female","9.40","10.918193817138672","female","-2.08"
"36_1_0_20170105164705002.jpg.chip.jpg","36","female","","","","29","female","-7.00","42.991737365722656","female","6.99"
"44_0_0_20170113184633535.jpg.chip.jpg","44","male","","","","43.6","male","-0.40","49.43055725097656","male","5.43"
"32_0_1_20170113151009015.jpg.chip.jpg","32","male","","","","28.7","male","-3.30","26.94928550720215","male","-5.05"
"1_0_2_20161219162847615.jpg.chip.jpg","1","male","","","","","male","","1.1868247985839844","male","0.19"
"49_0_1_20170113135511444.jpg.chip.jpg","49","male","50.54291915893555","male","1.54","39.3","male","-9.70","50.63909149169922","male","1.64"
"59_0_0_20170109013159809.jpg.chip.jpg","59","male","55.54882049560547","male","-3.45","58.4","male","-0.60","55.745548248291016","male","-3.25"
"42_0_3_20170112205646694.jpg.chip.jpg","42","male","","","","28.8","male","-13.20","36.822166442871094","male","-5.18"
"26_1_2_20170116182406083.jpg.chip.jpg","26","female","21.153486251831055","male","-4.85","28.8","","2.80","17.646440505981445","male","-8.35"
"59_1_0_20170110132107674.jpg.chip.jpg","59","female","","","","41.6","female","-17.40","58.186885833740234","female","-0.81"
"1_0_3_20161219230436137.jpg.chip.jpg","1","male","","","","28.9","","27.90","1.4671356678009033","male","0.47"
"26_1_3_20170109133424931.jpg.chip.jpg","26","female","","","","29.2","male","3.20","15.895710945129395","female","-10.10"
"1_0_2_20161219200342123.jpg.chip.jpg","1","male","0.9786281585693359","male","-0.02","","male","","1.0601167678833008","male","0.06"
"34_0_3_20170117134903926.jpg.chip.jpg","34","male","","","","28.7","male","-5.30","31.72659683227539","male","-2.27"
"2_1_2_20161219151851452.jpg.chip.jpg","2","female","1.3006945848464966","female","-0.70","","female","","1.0607483386993408","female","-0.94"
"25_1_0_20170116003513392.jpg.chip.jpg","25","female","","","","29.3","female","4.30","17.893503189086914","female","-7.11"
"22_0_0_20170117140545960.jpg.chip.jpg","22","male","30.226036071777344","male","8.23","21.5","male","-0.50","27.98583221435547","male","5.99"
"26_0_0_20170117171613595.jpg.chip.jpg","26","male","","","","20.6","male","-5.40","19.52716636657715","male","-6.47"
"33_0_4_20170117203909214.jpg.chip.jpg","33","male","","","","28.4","male","-4.60","29.309717178344727","male","-3.69"
"62_0_1_20170111223858253.jpg.chip.jpg","62","male","","","","39.2","male","-22.80","63.55261993408203","male","1.55"
"26_1_1_20170112233445111.jpg.chip.jpg","26","female","","","","28.5","female","2.50","28.55797004699707","female","2.56"
"54_0_0_20170117191422211.jpg.chip.jpg","54","male","","","","39.3","male","-14.70","48.749839782714844","male","-5.25"
"55_0_0_20170117155725626.jpg.chip.jpg","55","male","","","","44.5","male","-10.50","50.590126037597656","male","-4.41"
"31_0_3_20170119200051395.jpg.chip.jpg","31","male","","","","29.3","","-1.70","39.689788818359375","male","8.69"
"35_1_2_20170116191223232.jpg.chip.jpg","35","female","","","","29.3","female","-5.70","28.77783203125","female","-6.22"
"39_1_0_20170117121735861.jpg.chip.jpg","39","female","","","","38.8","female","-0.20","32.526084899902344","female","-6.47"
"22_1_1_20170112203855123.jpg.chip.jpg","22","female","22.3885440826416","female","0.39","23.5","female","1.50","22.8255672454834","female","0.83"
"8_1_0_20170109202901798.jpg.chip.jpg","8","female","","","","9.1","female","1.10","7.393496513366699","male","-0.61"
"8_1_0_20170109205218680.jpg.chip.jpg","8","female","","","","8.7","female","0.70","6.4363322257995605","female","-1.56"
"26_1_3_20170119193120042.jpg.chip.jpg","26","female","","","","23.6","female","-2.40","25.61741828918457","female","-0.38"
"3_1_4_20170103205114064.jpg.chip.jpg","3","female","4.827288627624512","female","1.83","4","female","1.00","5.060275554656982","male","2.06"
"34_0_1_20170113142048204.jpg.chip.jpg","34","male","41.17536163330078","male","7.18","33.4","male","-0.60","34.24737548828125","male","0.25"
"21_0_0_20170117142009042.jpg.chip.jpg","21","male","25.588314056396484","male","4.59","20.4","male","-0.60","23.985097885131836","male","2.99"
"30_1_0_20170108225424420.jpg.chip.jpg","30","female","","","","29.2","female","-0.80","23.513036727905273","female","-6.49"
"25_1_1_20170112193002220.jpg.chip.jpg","25","female","","","","28.6","female","3.60","26.461824417114258","female","1.46"
"30_1_0_20170103183908075.jpg.chip.jpg","30","female","","","","29.3","female","-0.70","37.714168548583984","female","7.71"
"34_0_1_20170116030144661.jpg.chip.jpg","34","male","23.93661117553711","male","-10.06","23.6","male","-10.40","27.586109161376953","male","-6.41"
"17_0_1_20170116205618568.jpg.chip.jpg","17","male","","","","9.1","female","-7.90","15.54131031036377","female","-1.46"
"2_0_2_20161219190509034.jpg.chip.jpg","2","male","3.2880048751831055","female","1.29","","female","","0.9114516973495483","male","-1.09"
"60_1_0_20170110131522551.jpg.chip.jpg","60","female","63.599117279052734","female","3.60","69.1","female","9.10","63.97726821899414","female","3.98"
"23_1_2_20170104021026844.jpg.chip.jpg","23","female","","","","28.5","female","5.50","19.58955192565918","female","-3.41"
"26_1_4_20170103225204177.jpg.chip.jpg","26","female","","","","28.5","female","2.50","26.134456634521484","female","0.13"
"52_1_0_20170104210704511.jpg.chip.jpg","52","female","61.095245361328125","female","9.10","69.2","female","17.20","58.15894317626953","female","6.16"
"30_1_0_20170117170934860.jpg.chip.jpg","30","female","","","","29.2","female","-0.80","38.079769134521484","female","8.08"
"51_0_0_20170120222858570.jpg.chip.jpg","51","male","","","","44.4","male","-6.60","53.16481018066406","male","2.16"
"16_1_3_20170104222158160.jpg.chip.jpg","16","female","","","","29.4","female","13.40","17.556583404541016","female","1.56"
"45_1_0_20170117193323733.jpg.chip.jpg","45","female","","","","49.2","female","4.20","54.32074737548828","female","9.32"
"34_0_3_20170119200807500.jpg.chip.jpg","34","male","","","","38.7","male","4.70","46.19867706298828","male","12.20"
"26_0_0_20170117172041755.jpg.chip.jpg","26","male","","","","16.3","male","-9.70","20.325580596923828","male","-5.67"
"5_0_0_20170110215835907.jpg.chip.jpg","5","male","","","","4","","-1.00","2.6524009704589844","male","-2.35"
"34_0_1_20170117141530204.jpg.chip.jpg","34","male","","","","38.5","male","4.50","43.59992218017578","male","9.60"
"8_1_0_20170109200841548.jpg.chip.jpg","8","female","11.385163307189941","female","3.39","9.3","female","1.30","12.199151039123535","female","4.20"
"1_0_2_20161219155802845.jpg.chip.jpg","1","male","0.7407825589179993","male","-0.26","","female","","0.9222634434700012","female","-0.08"
"49_0_0_20170117190515851.jpg.chip.jpg","49","male","","","","39.2","male","-9.80","40.71258544921875","male","-8.29"
"45_0_1_20170117181136802.jpg.chip.jpg","45","male","","","","39.4","male","-5.60","45.3483772277832","male","0.35"
"36_0_0_20170104173013523.jpg.chip.jpg","36","male","35.87820053100586","male","-0.12","28.7","male","-7.30","34.04220962524414","male","-1.96"
"3_0_0_20170110212752045.jpg.chip.jpg","3","male","5.387608051300049","male","2.39","","male","","15.928107261657715","male","12.93"
"30_0_1_20170113195630213.jpg.chip.jpg","30","male","","","","23.7","male","-6.30","29.669307708740234","male","-0.33"
"9_0_1_20170110220605937.jpg.chip.jpg","9","male","","","","9.1","female","0.10","11.024948120117188","male","2.02"
"24_1_0_20170103180625656.jpg.chip.jpg","24","female","","","","29.4","female","5.40","24.503511428833008","female","0.50"
"7_1_0_20170109201641541.jpg.chip.jpg","7","female","","","","8.7","female","1.70","5.210956573486328","female","-1.79"
"76_1_1_20170110181603235.jpg.chip.jpg","76","female","56.30620193481445","female","-19.69","39.5","female","-36.50","52.55980682373047","female","-23.44"
"45_0_3_20170119181420596.jpg.chip.jpg","45","male","","","","29.2","male","-15.80","44.80810546875","male","-0.19"
"44_1_0_20170116222635275.jpg.chip.jpg","44","female","","","","39.2","female","-4.80","55.95127868652344","female","11.95"
"41_0_0_20170117185340114.jpg.chip.jpg","41","male","","","","44.5","male","3.50","45.68344497680664","male","4.68"
"32_1_4_20170105164252747.jpg.chip.jpg","32","female","44.73521041870117","female","12.74","29.4","female","-2.60","39.69904327392578","female","7.70"
"1_0_3_20161219224546584.jpg.chip.jpg","1","male","","","","","","","1.2357288599014282","female","0.24"
"1_0_4_20161221203008320.jpg.chip.jpg","1","male","","","","","female","","1.8406550884246826","female","0.84"
"47_0_1_20170117190323954.jpg.chip.jpg","47","male","","","","49.3","male","2.30","57.941741943359375","male","10.94"
"26_1_3_20170119193115729.jpg.chip.jpg","26","female","35.9542236328125","female","9.95","29.5","female","3.50","24.162158966064453","female","-1.84"
"10_0_0_20170110225601897.jpg.chip.jpg","10","male","11.560522079467773","male","1.56","9.4","male","-0.60","12.908316612243652","male","2.91"
"32_1_3_20170109140230761.jpg.chip.jpg","32","female","","","","29.4","female","-2.60","26.60899543762207","female","-5.39"
"60_1_0_20170119152445591.jpg.chip.jpg","60","female","","","","28.8","female","-31.20","43.14326095581055","female","-16.86"
"26_1_1_20170116224953528.jpg.chip.jpg","26","female","17.21255111694336","female","-8.79","29.4","female","3.40","20.836315155029297","female","-5.16"
"3_1_2_20161219140959953.jpg.chip.jpg","3","female","5.789466857910156","female","2.79","9.1","","6.10","3.7567949295043945","female","0.76"
"1_0_2_20161219151117789.jpg.chip.jpg","1","male","1.1511023044586182","male","0.15","","female","","1.245227336883545","female","0.25"
"26_1_4_20170117201855518.jpg.chip.jpg","26","female","","","","29.5","female","3.50","31.677000045776367","female","5.68"
"26_0_1_20170116010530676.jpg.chip.jpg","26","male","26.606290817260742","male","0.61","29.4","male","3.40","24.01959228515625","male","-1.98"
"52_0_0_20170105173619725.jpg.chip.jpg","52","male","","","","68.9","male","16.90","69.3889389038086","male","17.39"
"26_0_3_20170104230509745.jpg.chip.jpg","26","male","","","","29.3","male","3.30","23.161705017089844","male","-2.84"
"28_1_0_20170117190450170.jpg.chip.jpg","28","female","","","","29.4","female","1.40","30.65386390686035","female","2.65"
"26_0_2_20170116183647463.jpg.chip.jpg","26","male","","","","20.6","male","-5.40","21.596559524536133","male","-4.40"
"40_0_0_20170104181301060.jpg.chip.jpg","40","male","","","","39.4","male","-0.60","50.184349060058594","male","10.18"
"24_0_3_20170119164640918.jpg.chip.jpg","24","male","","","","28.6","male","4.60","38.058555603027344","male","14.06"
"61_0_3_20170119211849977.jpg.chip.jpg","61","male","","","","38.8","male","-22.20","62.37403106689453","male","1.37"
"8_1_0_20170109205108577.jpg.chip.jpg","8","female","7.259997844696045","female","-0.74","8.7","female","0.70","6.972777366638184","female","-1.03"
"1_1_2_20161219211944925.jpg.chip.jpg","1","female","","","","","female","","1.519646167755127","female","0.52"
"49_1_3_20170109141445294.jpg.chip.jpg","49","female","","","","49.2","female","0.20","52.074119567871094","female","3.07"
"2_0_2_20161219142258121.jpg.chip.jpg","2","male","","","","","","","1.382225513458252","female","-0.62"
"24_1_0_20170117145436643.jpg.chip.jpg","24","female","","","","29.2","female","5.20","25.17203712463379","female","1.17"
"16_1_0_20170109213357694.jpg.chip.jpg","16","female","","","","28.6","female","12.60","11.169535636901855","female","-4.83"
"69_1_3_20170109150308256.jpg.chip.jpg","69","female","","","","39.2","male","-29.80","52.741085052490234","female","-16.26"
"32_0_0_20170120220945196.jpg.chip.jpg","32","male","","","","29.3","male","-2.70","21.405208587646484","male","-10.59"
"63_0_0_20170117194948539.jpg.chip.jpg","63","male","","","","68.9","","5.90","63.397891998291016","male","0.40"
"24_1_3_20170117145444188.jpg.chip.jpg","24","female","","","","28.9","female","4.90","20.769725799560547","female","-3.23"
"1_0_2_20161219201331164.jpg.chip.jpg","1","male","","","","","male","","0.997850775718689","male","-0.00"
"26_1_0_20170117173945869.jpg.chip.jpg","26","female","","","","29.2","female","3.20","23.728485107421875","female","-2.27"
"61_1_1_20170117173441980.jpg.chip.jpg","61","female","","","","39.2","male","-21.80","68.33849334716797","female","7.34"
"36_0_1_20170105172620093.jpg.chip.jpg","36","male","","","","34.5","male","-1.50","49.725677490234375","male","13.73"
"55_1_0_20170110160643422.jpg.chip.jpg","55","female","59.75416564941406","female","4.75","36.4","female","-18.60","57.0410270690918","female","2.04"
"2_0_4_20170103230700225.jpg.chip.jpg","2","male","1.1426160335540771","female","-0.86","","female","","1.0772137641906738","male","-0.92"
"40_0_2_20170117155231261.jpg.chip.jpg","40","male","","","","39","male","-1.00","54.212284088134766","male","14.21"
"82_1_0_20170120133752406.jpg.chip.jpg","82","female","77.80863189697266","female","-4.19","69.1","male","-12.90","86.51628112792969","female","4.52"
"42_1_0_20170117203930783.jpg.chip.jpg","42","female","57.22831344604492","female","15.23","38.6","female","-3.40","51.3177490234375","female","9.32"
"21_1_4_20170117193725542.jpg.chip.jpg","21","female","","","","23.6","female","2.60","21.741851806640625","female","0.74"
"26_1_1_20170116174149455.jpg.chip.jpg","26","female","","","","29.3","male","3.30","34.53751754760742","female","8.54"
"45_0_0_20170117154252436.jpg.chip.jpg","45","male","","","","38.7","male","-6.30","47.26850128173828","male","2.27"
"32_1_2_20170116164214489.jpg.chip.jpg","32","female","","","","29","female","-3.00","39.80473709106445","female","7.80"
"58_1_3_20170109150757996.jpg.chip.jpg","58","female","","","","69.1","male","11.10","66.33056640625","female","8.33"
"40_0_2_20170116191436037.jpg.chip.jpg","40","male","","","","28.7","male","-11.30","45.29387664794922","male","5.29"
"26_0_3_20170104215715094.jpg.chip.jpg","26","male","","","","28.6","male","2.60","32.44121551513672","male","6.44"
"36_0_1_20170115205919771.jpg.chip.jpg","36","male","","","","28.7","male","-7.30","35.96379089355469","male","-0.04"
"16_0_1_20170110231925176.jpg.chip.jpg","16","male","20.58030128479004","male","4.58","28.6","male","12.60","18.736555099487305","male","2.74"
"26_0_0_20170113210126011.jpg.chip.jpg","26","male","41.90907669067383","male","15.91","34.4","male","8.40","40.40505599975586","male","14.41"
"26_0_3_20170117153033332.jpg.chip.jpg","26","male","","","","28.7","male","2.70","32.438777923583984","male","6.44"
"28_0_0_20170120134432302.jpg.chip.jpg","28","male","32.64421844482422","male","4.64","38.4","male","10.40","31.270172119140625","male","3.27"
"36_0_0_20170113183245622.jpg.chip.jpg","36","male","","","","28.6","male","-7.40","30.218488693237305","male","-5.78"
"18_1_0_20170109212425897.jpg.chip.jpg","18","female","","","","8.9","female","-9.10","17.670881271362305","female","-0.33"
"39_1_0_20170103163234408.jpg.chip.jpg","39","female","","","","49.2","female","10.20","41.68626022338867","female","2.69"
"13_0_0_20170103200550455.jpg.chip.jpg","13","male","7.659000873565674","male","-5.34","9.2","female","-3.80","7.180700778961182","male","-5.82"
"36_0_0_20170104173002256.jpg.chip.jpg","36","male","","","","28.6","male","-7.40","36.64515686035156","male","0.65"
"27_0_0_20170117175924156.jpg.chip.jpg","27","male","26.1900577545166","male","-0.81","28.5","male","1.50","26.416105270385742","male","-0.58"
"7_0_0_20170110215920604.jpg.chip.jpg","7","male","2.300723075866699","male","-4.70","","male","","6.291855335235596","male","-0.71"
"32_0_1_20170116002236204.jpg.chip.jpg","32","male","","","","28.9","male","-3.10","","",""
"48_1_0_20170109010620232.jpg.chip.jpg","48","female","","","","29.3","","-18.70","42.75394821166992","female","-5.25"
"38_0_2_20170116192326283.jpg.chip.jpg","38","male","","","","38.8","male","0.80","59.52046585083008","male","21.52"
"10_0_0_20170110220235233.jpg.chip.jpg","10","male","14.298788070678711","male","4.30","16.5","female","6.50","16.789113998413086","female","6.79"
"25_1_1_20170116001314901.jpg.chip.jpg","25","female","32.374263763427734","female","7.37","29.3","female","4.30","29.326915740966797","female","4.33"
"9_0_1_20170110225103801.jpg.chip.jpg","9","male","","","","28.8","male","19.80","8.013593673706055","male","-0.99"
"29_0_1_20170117185756118.jpg.chip.jpg","29","male","","","","34.4","male","5.40","47.767704010009766","male","18.77"
"8_1_0_20170109203701788.jpg.chip.jpg","8","female","","","","28.6","female","20.60","10.876684188842773","female","2.88"
"52_0_3_20170119205713544.jpg.chip.jpg","52","male","54.12044906616211","male","2.12","38.6","male","-13.40","53.369911193847656","male","1.37"
"49_0_0_20170111181750448.jpg.chip.jpg","49","male","46.933895111083984","male","-2.07","33.5","male","-15.50","46.47507095336914","male","-2.52"
"26_1_1_20170116222824108.jpg.chip.jpg","26","female","25.786184310913086","female","-0.21","29.5","female","3.50","22.925434112548828","female","-3.07"
"26_0_2_20170119184053318.jpg.chip.jpg","26","male","","","","28.6","male","2.60","27.789100646972656","male","1.79"
"43_1_0_20170117155104591.jpg.chip.jpg","43","female","","","","49.2","female","6.20","50.01743698120117","female","7.02"
"26_1_4_20170117200213443.jpg.chip.jpg","26","female","","","","29.5","female","3.50","28.68047523498535","female","2.68"
"50_0_0_20170116225153572.jpg.chip.jpg","50","male","","","","38.6","male","-11.40","49.46876907348633","male","-0.53"
"26_1_3_20170117174340222.jpg.chip.jpg","26","female","","","","29.6","female","3.60","24.675209045410156","female","-1.32"
"1_0_2_20161219155855829.jpg.chip.jpg","1","male","1.2752251625061035","male","0.28","","female","","1.019160509109497","male","0.02"
"8_0_0_20170117182551223.jpg.chip.jpg","8","male","","","","39.2","male","31.20","58.082313537597656","male","50.08"
"47_0_3_20170119152344615.jpg.chip.jpg","47","male","32.862831115722656","male","-14.14","29.3","male","-17.70","33.79126739501953","male","-13.21"
"26_1_0_20170117174641318.jpg.chip.jpg","26","female","25.897844314575195","female","-0.10","28.4","female","2.40","23.580562591552734","female","-2.42"
"62_1_0_20170110160643829.jpg.chip.jpg","62","female","67.04737854003906","female","5.05","52.6","female","-9.40","67.49293518066406","female","5.49"
"28_0_1_20170113180628821.jpg.chip.jpg","28","male","","","","28.5","male","0.50","28.174474716186523","male","0.17"
"16_1_3_20170104223028462.jpg.chip.jpg","16","female","","","","9.1","female","-6.90","15.480490684509277","female","-0.52"
"1_1_0_20170109194413813.jpg.chip.jpg","1","female","","","","29.2","male","28.20","1.4850690364837646","female","0.49"
"21_0_1_20170113133117587.jpg.chip.jpg","21","male","20.85849380493164","male","-0.14","28.5","male","7.50","21.76689910888672","male","0.77"
"12_0_0_20170109213205384.jpg.chip.jpg","12","male","","","","9.5","male","-2.50","8.259157180786133","male","-3.74"
"21_1_1_20170113005835590.jpg.chip.jpg","21","female","","","","29.4","female","8.40","19.002349853515625","female","-2.00"
"81_1_0_20170110140600243.jpg.chip.jpg","81","female","78.71244049072266","female","-2.29","65.6","female","-15.40","81.95820617675781","female","0.96"
"28_0_2_20170117141552570.jpg.chip.jpg","28","male","","","","28.6","male","0.60","29.075653076171875","male","1.08"
"30_1_1_20170117125901915.jpg.chip.jpg","30","female","25.477298736572266","female","-4.52","29.5","female","-0.50","28.959259033203125","female","-1.04"
"40_0_0_20170117202859896.jpg.chip.jpg","40","male","38.72110366821289","male","-1.28","38.6","male","-1.40","35.3309211730957","male","-4.67"
"18_1_0_20170109213919463.jpg.chip.jpg","18","female","","","","23.7","female","5.70","20.476036071777344","female","2.48"
"52_0_0_20170111202028479.jpg.chip.jpg","52","male","62.85752868652344","male","10.86","48.7","male","-3.30","60.06140899658203","male","8.06"
"14_1_1_20170116003214404.jpg.chip.jpg","14","female","19.476408004760742","female","5.48","28.6","female","14.60","20.58381462097168","female","6.58"
"42_0_0_20170113184535624.jpg.chip.jpg","42","male","","","","29.4","male","-12.60","42.69828796386719","male","0.70"
"52_0_0_20170111200615194.jpg.chip.jpg","52","male","43.5247917175293","male","-8.48","38.6","male","-13.40","44.29037094116211","male","-7.71"
"26_1_1_20170116024053194.jpg.chip.jpg","26","female","","","","28.8","male","2.80","13.42714786529541","male","-12.57"
"29_1_1_20170112214954671.jpg.chip.jpg","29","female","16.517963409423828","female","-12.48","29.3","male","0.30","22.585865020751953","female","-6.41"
"15_0_0_20170104013333801.jpg.chip.jpg","15","male","","","","28.8","female","13.80","13.878029823303223","male","-1.12"
"1_1_2_20161219162024742.jpg.chip.jpg","1","female","","","","","female","","","",""
"31_1_0_20170104235124347.jpg.chip.jpg","31","female","","","","29.2","female","-1.80","35.478572845458984","female","4.48"
"20_0_4_20170103234738979.jpg.chip.jpg","20","male","","","","28.9","male","8.90","20.524084091186523","male","0.52"
"1_1_0_20170109193717283.jpg.chip.jpg","1","female","","","","","","","1.0534201860427856","female","0.05"
"19_1_0_20170103162951552.jpg.chip.jpg","19","female","","","","29.6","female","10.60","21.542327880859375","female","2.54"
"25_1_0_20170104165326705.jpg.chip.jpg","25","female","","","","29.1","female","4.10","33.11174011230469","female","8.11"
"30_0_0_20170117142111641.jpg.chip.jpg","30","male","","","","29.4","male","-0.60","28.67562484741211","male","-1.32"
"26_0_1_20170116233406148.jpg.chip.jpg","26","male","","","","29.2","","3.20","24.803693771362305","female","-1.20"
"68_0_0_20170119212026025.jpg.chip.jpg","68","male","","","","69.2","male","1.20","75.37135314941406","male","7.37"
"21_1_1_20170112231908781.jpg.chip.jpg","21","female","18.001577377319336","female","-3.00","23.4","female","2.40","15.764908790588379","female","-5.24"
"38_0_1_20170113135348090.jpg.chip.jpg","38","male","31.20906639099121","male","-6.79","28.5","male","-9.50","30.193897247314453","male","-7.81"
"30_1_2_20170116184317110.jpg.chip.jpg","30","female","","","","29.6","female","-0.40","31.267513275146484","female","1.27"
"31_0_0_20170104201726242.jpg.chip.jpg","31","male","","","","39.3","male","8.30","36.27489471435547","male","5.27"
"26_1_2_20170116180302912.jpg.chip.jpg","26","female","","","","29.2","","3.20","23.828020095825195","female","-2.17"
"24_1_2_20170104015726796.jpg.chip.jpg","24","female","","","","28.6","female","4.60","15.237963676452637","female","-8.76"
"1_0_3_20161220223250813.jpg.chip.jpg","1","male","0.7598319053649902","male","-0.24","","male","","0.8807912468910217","male","-0.12"
"1_0_4_20170103202417352.jpg.chip.jpg","1","male","","","","16.1","female","15.10","0.6837356090545654","female","-0.32"
"45_0_0_20170117182436373.jpg.chip.jpg","45","male","44.92203903198242","male","-0.08","38.6","male","-6.40","43.13978576660156","male","-1.86"
"75_0_0_20170111205905746.jpg.chip.jpg","75","male","71.5851821899414","male","-3.41","57.5","male","-17.50","62.914764404296875","male","-12.09"
"2_1_4_20170103213243276.jpg.chip.jpg","2","female","1.4530811309814453","female","-0.55","4","female","2.00","1.0386567115783691","male","-0.96"
"4_0_3_20161220220726266.jpg.chip.jpg","4","male","","","","4.1","female","0.10","4.8939690589904785","female","0.89"
"29_0_3_20170119195312988.jpg.chip.jpg","29","male","","","","28.8","male","-0.20","41.48347854614258","male","12.48"
"74_0_1_20170113184556176.jpg.chip.jpg","74","male","","","","58.6","male","-15.40","62.81951141357422","male","-11.18"
"16_0_0_20170110231527285.jpg.chip.jpg","16","male","16.597566604614258","male","0.60","9.6","male","-6.40","15.961248397827148","male","-0.04"
"76_0_0_20170116233204210.jpg.chip.jpg","76","male","","","","48.7","male","-27.30","56.71452331542969","male","-19.29"
"90_0_0_20170111210545876.jpg.chip.jpg","90","male","74.18037414550781","male","-15.82","68.8","male","-21.20","76.82966613769531","male","-13.17"
"5_0_0_20170110213118425.jpg.chip.jpg","5","male","","","","8.7","female","3.70","6.736979961395264","male","1.74"
"53_0_0_20170120223001107.jpg.chip.jpg","53","male","","","","58.3","male","5.30","52.75102233886719","male","-0.25"
"24_1_2_20170116164545482.jpg.chip.jpg","24","female","20.579681396484375","female","-3.42","16","female","-8.00","21.36256217956543","female","-2.64"
"30_0_0_20170103181149464.jpg.chip.jpg","30","male","","","","28.8","male","-1.20","53.604854583740234","male","23.60"
"1_0_3_20161220220508802.jpg.chip.jpg","1","male","0.9558925032615662","female","-0.04","","female","","1.1474050283432007","male","0.15"
"32_0_0_20170117123747212.jpg.chip.jpg","32","male","34.24323654174805","male","2.24","28.7","male","-3.30","33.36343002319336","male","1.36"
"66_0_3_20170119180856366.jpg.chip.jpg","66","male","","","","29.2","male","-36.80","55.06382751464844","male","-10.94"
"58_0_3_20170119195320690.jpg.chip.jpg","58","male","","","","37.4","male","-20.60","45.44068908691406","male","-12.56"
"24_1_2_20170116171158821.jpg.chip.jpg","24","female","21.57094955444336","female","-2.43","29.3","female","5.30","18.80959701538086","female","-5.19"
"55_1_3_20170117153430708.jpg.chip.jpg","55","female","","","","29.3","female","-25.70","43.21848678588867","female","-11.78"
"51_0_0_20170120134243735.jpg.chip.jpg","51","male","","","","38.6","male","-12.40","46.66178512573242","male","-4.34"
"40_0_0_20170117203820721.jpg.chip.jpg","40","male","","","","39.3","male","-0.70","32.25082015991211","male","-7.75"
"62_1_3_20170119211556000.jpg.chip.jpg","62","female","","","","29.3","male","-32.70","57.85728454589844","female","-4.14"
"42_1_2_20170116162349143.jpg.chip.jpg","42","female","","","","29.3","female","-12.70","36.25747299194336","female","-5.74"
"23_0_2_20170116172906979.jpg.chip.jpg","23","male","","","","29.3","male","6.30","27.85763168334961","male","4.86"
"38_1_3_20170109140636847.jpg.chip.jpg","38","female","","","","29.2","female","-8.80","23.260780334472656","female","-14.74"
"24_0_1_20170113134105544.jpg.chip.jpg","24","male","20.41453742980957","male","-3.59","28.6","male","4.60","20.727426528930664","male","-3.27"
"10_0_0_20170110224406532.jpg.chip.jpg","10","male","10.141218185424805","male","0.14","9.2","","-0.80","11.023893356323242","male","1.02"
"47_0_0_20170105173138581.jpg.chip.jpg","47","male","","","","49.4","male","2.40","49.88291549682617","male","2.88"
"16_1_0_20170109214342165.jpg.chip.jpg","16","female","","","","28.9","female","12.90","14.942420959472656","female","-1.06"
"34_0_1_20170116202024648.jpg.chip.jpg","34","male","","","","38.7","male","4.70","30.797990798950195","male","-3.20"
"82_1_0_20170110141329969.jpg.chip.jpg","82","female","80.66646575927734","female","-1.33","52.7","female","-29.30","74.73148345947266","female","-7.27"
"42_0_1_20170113155108219.jpg.chip.jpg","42","male","","","","29.3","male","-12.70","49.18962478637695","male","7.19"
"51_1_0_20170104205943165.jpg.chip.jpg","51","female","","","","38.9","female","-12.10","45.834625244140625","female","-5.17"
"20_1_3_20170104233643891.jpg.chip.jpg","20","female","23.26926040649414","female","3.27","28.6","female","8.60","23.570905685424805","female","3.57"
"68_0_0_20170111202050714.jpg.chip.jpg","68","male","68.91917419433594","male","0.92","38.7","male","-29.30","65.97836303710938","male","-2.02"
"35_1_0_20170116201535811.jpg.chip.jpg","35","female","","","","29.5","female","-5.50","28.48202896118164","female","-6.52"
"68_1_0_20170109221126838.jpg.chip.jpg","68","female","69.19221496582031","female","1.19","53.4","female","-14.60","72.66158294677734","female","4.66"
"34_0_1_20170117020029793.jpg.chip.jpg","34","male","29.084285736083984","male","-4.92","28.5","male","-5.50","26.95928382873535","male","-7.04"
"41_0_0_20170117131137875.jpg.chip.jpg","41","male","","","","39.2","male","-1.80","43.41963577270508","male","2.42"
"24_0_3_20170104230213449.jpg.chip.jpg","24","male","19.09014129638672","male","-4.91","28.8","male","4.80","20.41932487487793","male","-3.58"
"26_1_3_20170119193123985.jpg.chip.jpg","26","female","24.26347541809082","female","-1.74","28.6","female","2.60","23.049076080322266","female","-2.95"
"42_0_1_20170113190550529.jpg.chip.jpg","42","male","","","","39.3","male","-2.70","48.88715362548828","male","6.89"
"54_0_0_20170117191323482.jpg.chip.jpg","54","male","","","","28.7","male","-25.30","40.60783767700195","male","-13.39"
"40_1_3_20170109140647801.jpg.chip.jpg","40","female","32.92906951904297","female","-7.07","29.3","female","-10.70","32.0610466003418","female","-7.94"
"26_0_1_20170117195937173.jpg.chip.jpg","26","male","32.35245895385742","male","6.35","33.6","male","7.60","37.719600677490234","male","11.72"
"40_1_2_20170116163713862.jpg.chip.jpg","40","female","","","","28.8","female","-11.20","28.176265716552734","female","-11.82"
"28_0_1_20170113133340457.jpg.chip.jpg","28","male","25.91852378845215","male","-2.08","28.5","male","0.50","24.595535278320312","male","-3.40"
"1_0_0_20161219204759412.jpg.chip.jpg","1","male","0.9548435807228088","male","-0.05","","male","","1.1575334072113037","male","0.16"
"26_1_1_20170116021949852.jpg.chip.jpg","26","female","","","","29.4","","3.40","32.25520706176758","female","6.26"
"59_1_3_20170109142030313.jpg.chip.jpg","59","female","58.25906753540039","female","-0.74","39.2","female","-19.80","54.24953079223633","female","-4.75"
"65_0_0_20170117191819572.jpg.chip.jpg","65","male","","","","48.5","male","-16.50","58.66193771362305","male","-6.34"
"50_0_0_20170117143109795.jpg.chip.jpg","50","male","","","","29.1","male","-20.90","53.891990661621094","male","3.89"
"27_1_2_20170116163123283.jpg.chip.jpg","27","female","","","","16.1","female","-10.90","19.209741592407227","female","-7.79"
"10_0_1_20170110225121326.jpg.chip.jpg","10","male","","","","28.6","male","18.60","12.610669136047363","male","2.61"
"34_0_0_20170116030432644.jpg.chip.jpg","34","male","","","","28.7","male","-5.30","38.92873764038086","male","4.93"
"48_0_4_20170104211610652.jpg.chip.jpg","48","male","","","","29.2","male","-18.80","41.63640213012695","male","-6.36"
"31_1_0_20170117164753761.jpg.chip.jpg","31","female","","","","29.5","female","-1.50","28.594545364379883","female","-2.41"
"26_0_1_20170103180959080.jpg.chip.jpg","26","male","","","","38.6","male","12.60","29.503746032714844","male","3.50"
"24_0_0_20170117145910325.jpg.chip.jpg","24","male","","","","28.4","male","4.40","26.97311782836914","male","2.97"
"19_1_4_20170103224609304.jpg.chip.jpg","19","female","","","","29.5","female","10.50","22.782686233520508","female","3.78"
"26_1_0_20170117152955925.jpg.chip.jpg","26","female","","","","29.5","female","3.50","28.194862365722656","female","2.19"
"26_0_1_20170117152256332.jpg.chip.jpg","26","male","","","","28.7","male","2.70","22.42620277404785","male","-3.57"
"1_1_3_20161219230725192.jpg.chip.jpg","1","female","","","","","female","","1.2998546361923218","female","0.30"
"35_1_3_20170117154203196.jpg.chip.jpg","35","female","","","","29.2","female","-5.80","30.018335342407227","female","-4.98"
"26_1_2_20170116184039763.jpg.chip.jpg","26","female","","","","29.5","female","3.50","28.779254913330078","female","2.78"
"11_0_0_20170110220408722.jpg.chip.jpg","11","male","","","","9.2","male","-1.80","9.559327125549316","male","-1.44"
"10_1_0_20170109204931156.jpg.chip.jpg","10","female","7.465857982635498","female","-2.53","28.8","female","18.80","6.617673397064209","female","-3.38"
"37_1_0_20170103175351545.jpg.chip.jpg","37","female","47.090660095214844","female","10.09","29.2","","-7.80","49.14418411254883","female","12.14"
"36_0_1_20170117203447808.jpg.chip.jpg","36","male","","","","23.4","male","-12.60","30.69995880126953","male","-5.30"
"1_0_2_20161219204951309.jpg.chip.jpg","1","male","1.0712223052978516","male","0.07","","male","","1.3851675987243652","male","0.39"
"47_0_4_20170104210443652.jpg.chip.jpg","47","male","","","","38.8","male","-8.20","52.20587921142578","male","5.21"
"1_1_4_20170103212116187.jpg.chip.jpg","1","female","","","","","female","","1.867708683013916","female","0.87"
"31_1_0_20170117181938381.jpg.chip.jpg","31","female","","","","28.8","female","-2.20","20.379070281982422","female","-10.62"
"22_0_1_20170114033210195.jpg.chip.jpg","22","male","","","","28.8","male","6.80","20.648548126220703","male","-1.35"
"53_1_0_20170110132139134.jpg.chip.jpg","53","female","57.874385833740234","female","4.87","29.3","female","-23.70","54.94170379638672","female","1.94"
"51_1_0_20170110154635631.jpg.chip.jpg","51","female","45.55717468261719","female","-5.44","29.5","female","-21.50","37.7702522277832","female","-13.23"
"8_0_0_20170110225017437.jpg.chip.jpg","8","male","","","","4.2","female","-3.80","4.464054584503174","male","-3.54"
"29_0_1_20170113133201673.jpg.chip.jpg","29","male","25.98130226135254","male","-3.02","28.7","male","-0.30","25.38726234436035","male","-3.61"
"26_0_0_20170113210319774.jpg.chip.jpg","26","male","","","","38.7","male","12.70","52.34437942504883","male","26.34"
"28_1_3_20170104223241929.jpg.chip.jpg","28","female","25.77434539794922","female","-2.23","28.6","female","0.60","26.473188400268555","female","-1.53"
"23_1_4_20170117194143181.jpg.chip.jpg","23","female","","","","29.5","female","6.50","23.939836502075195","female","0.94"
"27_0_0_20170112213500903.jpg.chip.jpg","27","male","23.67227554321289","male","-3.33","29.6","male","2.60","24.761857986450195","male","-2.24"
"43_1_0_20170109141845861.jpg.chip.jpg","43","female","","","","29.2","female","-13.80","41.5732536315918","female","-1.43"
"29_1_4_20170103230119816.jpg.chip.jpg","29","female","18.283876419067383","female","-10.72","28.8","female","-0.20","19.965261459350586","female","-9.03"
"29_0_1_20170117184719100.jpg.chip.jpg","29","male","27.957958221435547","male","-1.04","28.6","male","-0.40","26.29631805419922","male","-2.70"
"65_0_0_20170117160554095.jpg.chip.jpg","65","male","","","","38.8","male","-26.20","51.426761627197266","male","-13.57"
"9_1_2_20161219190524395.jpg.chip.jpg","9","female","","","","16","female","7.00","8.15087890625","female","-0.85"
"46_0_1_20170113142208515.jpg.chip.jpg","46","male","51.06489944458008","male","5.06","38.8","male","-7.20","48.72426223754883","male","2.72"
"34_0_0_20170116215618294.jpg.chip.jpg","34","male","","","","28.8","male","-5.20","18.85708236694336","male","-15.14"
"27_1_2_20170116171613640.jpg.chip.jpg","27","female","16.803407669067383","female","-10.20","29.5","female","2.50","19.3386287689209","female","-7.66"
"29_0_2_20170116172041615.jpg.chip.jpg","29","male","","","","28.7","male","-0.30","23.240182876586914","male","-5.76"
"27_1_2_20170119193351465.jpg.chip.jpg","27","female","","","","29.2","male","2.20","31.89577293395996","female","4.90"
"1_1_4_20161221193742646.jpg.chip.jpg","1","female","","","","","female","","1.2349779605865479","male","0.23"
"29_0_0_20170104235501676.jpg.chip.jpg","29","male","35.9508056640625","male","6.95","28.6","male","-0.40","35.03341293334961","male","6.03"
"26_1_1_20170116171855347.jpg.chip.jpg","26","female","","","","29.1","male","3.10","30.86497688293457","male","4.86"
"11_1_4_20170109201611941.jpg.chip.jpg","11","female","","","","29","female","18.00","9.313323974609375","female","-1.69"
"18_1_0_20170109214608184.jpg.chip.jpg","18","female","22.507200241088867","female","4.51","23.5","female","5.50","19.665220260620117","female","1.67"
"82_0_0_20170111210901892.jpg.chip.jpg","82","male","78.59918975830078","male","-3.40","68.9","male","-13.10","70.50914001464844","male","-11.49"
"24_1_0_20170111182452781.jpg.chip.jpg","24","female","","","","28.6","female","4.60","26.265857696533203","female","2.27"
"26_1_3_20170109134510359.jpg.chip.jpg","26","female","23.450971603393555","female","-2.55","29.5","female","3.50","24.012149810791016","female","-1.99"
"79_1_0_20170120225803298.jpg.chip.jpg","79","female","81.29998779296875","female","2.30","68.9","female","-10.10","82.76763153076172","female","3.77"
"25_1_1_20170116001332046.jpg.chip.jpg","25","female","","","","29.3","male","4.30","22.9393367767334","female","-2.06"
"48_0_3_20170119205259311.jpg.chip.jpg","48","male","","","","38.6","male","-9.40","46.76258087158203","male","-1.24"
"26_0_2_20170116180330029.jpg.chip.jpg","26","male","","","","28.8","male","2.80","23.94756507873535","male","-2.05"
"26_0_2_20170116180358437.jpg.chip.jpg","26","male","","","","28.7","male","2.70","37.26469802856445","male","11.26"
"28_0_1_20170116213517627.jpg.chip.jpg","28","male","","","","28.8","male","0.80","26.021963119506836","male","-1.98"
"10_0_0_20170110220255346.jpg.chip.jpg","10","male","","","","8.8","female","-1.20","6.374024391174316","female","-3.63"
"3_0_2_20161219221714703.jpg.chip.jpg","3","male","","","","9","female","6.00","2.419304370880127","male","-0.58"
"1_1_0_20170109194131667.jpg.chip.jpg","1","female","1.8560986518859863","female","0.86","","female","","1.0220227241516113","male","0.02"
"45_0_0_20170120221844935.jpg.chip.jpg","45","male","","","","38.5","male","-6.50","44.64617156982422","male","-0.35"
"6_0_3_20161220145409927.jpg.chip.jpg","6","male","","","","28.9","male","22.90","19.402990341186523","male","13.40"
"29_1_2_20170116162317216.jpg.chip.jpg","29","female","","","","16.2","female","-12.80","23.894695281982422","female","-5.11"
"1_1_0_20170109190957578.jpg.chip.jpg","1","female","1.7242909669876099","female","0.72","","female","","1.3184252977371216","female","0.32"
"37_0_0_20170116201223316.jpg.chip.jpg","37","male","","","","28.7","male","-8.30","32.53997802734375","male","-4.46"
"6_1_3_20161220222420627.jpg.chip.jpg","6","female","","","","9","female","3.00","7.362054347991943","female","1.36"
"1_1_2_20161219192240930.jpg.chip.jpg","1","female","0.8443931937217712","female","-0.16","","male","","1.016006588935852","female","0.02"
"86_0_2_20170112224559130.jpg.chip.jpg","86","male","","","","29.1","","-56.90","77.66970825195312","male","-8.33"
"70_0_0_20170117173907575.jpg.chip.jpg","70","male","","","","69","male","-1.00","58.53474044799805","male","-11.47"
"39_0_0_20170104204804020.jpg.chip.jpg","39","male","50.56343460083008","male","11.56","38.7","male","-0.30","43.801509857177734","male","4.80"
"24_1_4_20170117194337597.jpg.chip.jpg","24","female","","","","28.7","female","4.70","30.007835388183594","female","6.01"
"59_0_1_20170111171747518.jpg.chip.jpg","59","male","52.166587829589844","male","-6.83","39.3","male","-19.70","47.7885627746582","male","-11.21"
"18_0_0_20170110231228322.jpg.chip.jpg","18","male","20.381135940551758","male","2.38","20.3","male","2.30","20.55609130859375","male","2.56"
"25_1_2_20170116175126325.jpg.chip.jpg","25","female","26.22408676147461","female","1.22","29.4","female","4.40","27.30130958557129","female","2.30"
"56_0_3_20170113190651833.jpg.chip.jpg","56","male","","","","39.2","male","-16.80","63.35694122314453","male","7.36"
"3_0_3_20161219230550256.jpg.chip.jpg","3","male","1.8715522289276123","female","-1.13","4","female","1.00","2.5223207473754883","male","-0.48"
"36_0_0_20170119155816042.jpg.chip.jpg","36","male","","","","28.8","male","-7.20","39.83765411376953","male","3.84"
"23_1_3_20170119164546693.jpg.chip.jpg","23","female","","","","28.8","female","5.80","18.254426956176758","female","-4.75"
"1_0_3_20161219230004880.jpg.chip.jpg","1","male","1.4736148118972778","male","0.47","4.1","female","3.10","3.266681432723999","female","2.27"
"18_1_1_20170114030334837.jpg.chip.jpg","18","female","","","","29.5","female","11.50","19.763296127319336","female","1.76"
"2_0_2_20161219222236983.jpg.chip.jpg","2","male","1.2424042224884033","female","-0.76","","female","","1.4650100469589233","female","-0.53"
"2_0_0_20170110211504184.jpg.chip.jpg","2","male","1.0088372230529785","female","-0.99","8.8","female","6.80","1.7934175729751587","female","-0.21"
"36_1_1_20170116014305365.jpg.chip.jpg","36","female","","","","29.2","","-6.80","35.542213439941406","female","-0.46"
"75_1_0_20170110181743217.jpg.chip.jpg","75","female","","","","29.1","male","-45.90","79.63094329833984","female","4.63"
"27_1_1_20170113000852746.jpg.chip.jpg","27","female","","","","28.8","female","1.80","28.80388832092285","female","1.80"
"32_1_4_20170103230317985.jpg.chip.jpg","32","female","40.72935104370117","female","8.73","29.2","male","-2.80","37.30560302734375","female","5.31"
"23_1_4_20170117144906730.jpg.chip.jpg","23","female","","","","28.8","female","5.80","20.85097885131836","female","-2.15"
"54_0_0_20170117191404331.jpg.chip.jpg","54","male","","","","48.5","male","-5.50","59.82327651977539","male","5.82"
"17_1_0_20170102234717403.jpg.chip.jpg","17","female","16.821523666381836","male","-0.18","29.3","male","12.30","19.883682250976562","male","2.88"
"68_1_0_20170110153021285.jpg.chip.jpg","68","female","","","","38.9","female","-29.10","49.43666076660156","female","-18.56"
"8_1_0_20170109202305645.jpg.chip.jpg","8","female","","","","8.1","female","0.10","6.755305767059326","female","-1.24"
"24_1_0_20170116220317125.jpg.chip.jpg","24","female","21.680339813232422","female","-2.32","23.5","female","-0.50","22.666088104248047","female","-1.33"
"46_0_2_20170104204450309.jpg.chip.jpg","46","male","40.997798919677734","male","-5.00","38.9","male","-7.10","38.038543701171875","male","-7.96"
"21_0_1_20170114031536421.jpg.chip.jpg","21","male","23.268877029418945","male","2.27","20.3","male","-0.70","23.75725555419922","male","2.76"
"26_0_4_20170103235258756.jpg.chip.jpg","26","male","","","","28.5","male","2.50","26.91999053955078","male","0.92"
"6_0_0_20170110221709278.jpg.chip.jpg","6","male","","","","8.8","female","2.80","4.9335479736328125","male","-1.07"
"65_0_0_20170104184609437.jpg.chip.jpg","65","male","","","","68.9","male","3.90","60.03435134887695","male","-4.97"
"42_0_3_20170113190642809.jpg.chip.jpg","42","male","","","","28.6","male","-13.40","34.35344314575195","male","-7.65"
"28_1_1_20170117022232281.jpg.chip.jpg","28","female","","","","29.4","female","1.40","21.32241439819336","female","-6.68"
"25_1_0_20170105183634552.jpg.chip.jpg","25","female","","","","29.4","female","4.40","23.03738784790039","female","-1.96"
"32_0_0_20170117182320245.jpg.chip.jpg","32","male","","","","44.4","male","12.40","48.69927215576172","male","16.70"
"29_0_0_20170103182336026.jpg.chip.jpg","29","male","32.36305618286133","male","3.36","33.7","male","4.70","31.104982376098633","male","2.10"
"2_0_4_20161221192937540.jpg.chip.jpg","2","male","1.7662066221237183","female","-0.23","8.9","male","6.90","1.5779138803482056","male","-0.42"
"29_1_0_20170105002624350.jpg.chip.jpg","29","female","","","","36.4","female","7.40","37.85686111450195","female","8.86"
"30_0_1_20170112215013928.jpg.chip.jpg","30","male","30.782615661621094","male","0.78","28.5","male","-1.50","28.029111862182617","male","-1.97"
"28_0_0_20170113132725104.jpg.chip.jpg","28","male","","","","39.3","male","11.30","30.713062286376953","male","2.71"
"30_1_0_20170117153443852.jpg.chip.jpg","30","female","","","","28.5","female","-1.50","29.419252395629883","female","-0.58"
"45_1_0_20170104205614347.jpg.chip.jpg","45","female","","","","39.3","female","-5.70","51.57223892211914","female","6.57"
"65_1_0_20170120133545325.jpg.chip.jpg","65","female","","","","49.1","female","-15.90","56.62330627441406","female","-8.38"
"90_1_0_20170110143355280.jpg.chip.jpg","90","female","84.55314636230469","female","-5.45","49.2","female","-40.80","84.123291015625","female","-5.88"
"72_0_2_20170112205233684.jpg.chip.jpg","72","male","","","","38.7","male","-33.30","63.27808380126953","male","-8.72"
"28_1_3_20170117141635345.jpg.chip.jpg","28","female","","","","29.3","female","1.30","27.130800247192383","female","-0.87"
"42_0_0_20170117171657481.jpg.chip.jpg","42","male","","","","38.5","male","-3.50","50.737144470214844","male","8.74"
"10_0_4_20170103200501766.jpg.chip.jpg","10","male","8.152674674987793","male","-1.85","8.8","","-1.20","7.794883728027344","male","-2.21"
"26_1_3_20170119193116354.jpg.chip.jpg","26","female","27.290847778320312","female","1.29","29.5","female","3.50","26.558536529541016","female","0.56"
"31_0_0_20170114031005703.jpg.chip.jpg","31","male","24.916471481323242","male","-6.08","39.4","male","8.40","23.101543426513672","male","-7.90"
"30_1_0_20170117000320312.jpg.chip.jpg","30","female","","","","28.8","female","-1.20","36.75126266479492","female","6.75"
"52_0_0_20170104212331895.jpg.chip.jpg","52","male","","","","48.5","male","-3.50","56.922306060791016","male","4.92"
"56_1_3_20170109142023203.jpg.chip.jpg","56","female","37.180381774902344","female","-18.82","29.2","female","-26.80","39.63620376586914","female","-16.36"
"12_1_2_20170116194059753.jpg.chip.jpg","12","female","","","","16","female","4.00","12.241415023803711","female","0.24"
"26_1_3_20170119150754793.jpg.chip.jpg","26","female","","","","28.7","female","2.70","20.194135665893555","female","-5.81"
"45_0_0_20170117180830778.jpg.chip.jpg","45","male","","","","39.4","male","-5.60","42.06911087036133","male","-2.93"
"25_1_4_20170119164406148.jpg.chip.jpg","25","female","","","","23.6","female","-1.40","24.770042419433594","female","-0.23"
"28_0_2_20170116170855714.jpg.chip.jpg","28","male","20.257699966430664","male","-7.74","28.6","male","0.60","23.476491928100586","male","-4.52"
"90_1_1_20170117194843274.jpg.chip.jpg","90","female","73.10551452636719","male","-16.89","34.8","male","-55.20","70.92766571044922","male","-19.07"
"49_1_3_20170109141810902.jpg.chip.jpg","49","female","43.702491760253906","female","-5.30","29.2","female","-19.80","44.69047164916992","female","-4.31"
"38_0_1_20170113173111601.jpg.chip.jpg","38","male","48.7277717590332","male","10.73","33.5","male","-4.50","45.406734466552734","male","7.41"
"36_1_1_20170115235824976.jpg.chip.jpg","36","female","30.097471237182617","female","-5.90","29.4","female","-6.60","32.53245162963867","female","-3.47"
"28_0_3_20170119194935947.jpg.chip.jpg","28","male","","","","28.7","male","0.70","34.19983673095703","male","6.20"
"38_1_1_20170112204552523.jpg.chip.jpg","38","female","","","","29.4","female","-8.60","34.08070755004883","female","-3.92"
"23_1_2_20170116172848833.jpg.chip.jpg","23","female","","","","16","female","-7.00","19.409744262695312","female","-3.59"
"12_0_3_20170104230255729.jpg.chip.jpg","12","male","13.974613189697266","male","1.97","28.8","male","16.80","13.783117294311523","male","1.78"
"30_1_4_20170117202935574.jpg.chip.jpg","30","female","","","","28.8","female","-1.20","28.585803985595703","female","-1.41"
"25_0_3_20170117151130075.jpg.chip.jpg","25","male","25.956079483032227","male","0.96","28.5","male","3.50","27.021047592163086","male","2.02"
"26_1_2_20170116180307033.jpg.chip.jpg","26","female","","","","29.2","female","3.20","20.763137817382812","female","-5.24"
"48_1_0_20170117160521447.jpg.chip.jpg","48","female","","","","28.9","female","-19.10","53.54926681518555","female","5.55"
"35_1_2_20170117135409365.jpg.chip.jpg","35","female","","","","29.3","female","-5.70","43.727046966552734","female","8.73"
"28_1_1_20170112220128599.jpg.chip.jpg","28","female","","","","29.4","female","1.40","19.14727783203125","female","-8.85"
"26_0_2_20170116183002811.jpg.chip.jpg","26","male","","","","29.2","male","3.20","33.2720947265625","male","7.27"
"24_0_2_20170116163904057.jpg.chip.jpg","24","male","19.95648193359375","male","-4.04","16.5","male","-7.50","18.85086441040039","male","-5.15"
"28_1_2_20170116161924643.jpg.chip.jpg","28","female","","","","16.1","female","-11.90","18.87862205505371","female","-9.12"
"35_0_0_20170117183007140.jpg.chip.jpg","35","male","","","","39.3","male","4.30","29.406909942626953","male","-5.59"
"29_0_0_20170117180900108.jpg.chip.jpg","29","male","29.084814071655273","male","0.08","33.8","male","4.80","30.157882690429688","male","1.16"
"34_1_1_20170113011657832.jpg.chip.jpg","34","female","27.177614212036133","female","-6.82","23.6","female","-10.40","26.857032775878906","female","-7.14"
"46_0_0_20170104203848115.jpg.chip.jpg","46","male","","","","39.4","male","-6.60","55.03242874145508","male","9.03"
"40_0_0_20170116224847395.jpg.chip.jpg","40","male","","","","39.3","male","-0.70","34.511322021484375","male","-5.49"
"10_1_0_20170103200654246.jpg.chip.jpg","10","female","6.901541233062744","female","-3.10","8.9","female","-1.10","8.18422794342041","female","-1.82"
"48_0_3_20170109142337247.jpg.chip.jpg","48","male","61.72595977783203","male","13.73","29.3","male","-18.70","60.09748077392578","male","12.10"
"54_0_0_20170117163731945.jpg.chip.jpg","54","male","54.01919174194336","male","0.02","39.1","male","-14.90","52.05873107910156","male","-1.94"
"28_0_2_20170116190025951.jpg.chip.jpg","28","male","22.238250732421875","male","-5.76","28.7","male","0.70","24.688915252685547","male","-3.31"
"26_0_3_20170119180345268.jpg.chip.jpg","26","male","","","","29.3","male","3.30","38.97600555419922","male","12.98"
"26_1_1_20170113011613638.jpg.chip.jpg","26","female","","","","23.4","male","-2.60","27.38115119934082","male","1.38"
"27_0_1_20170113183057766.jpg.chip.jpg","27","male","","","","28.5","male","1.50","28.655399322509766","male","1.66"
"70_0_1_20170120223446317.jpg.chip.jpg","70","male","","","","33.7","male","-36.30","66.55651092529297","male","-3.44"
"40_0_1_20170117134411786.jpg.chip.jpg","40","male","37.416221618652344","male","-2.58","38.6","male","-1.40","39.41267776489258","male","-0.59"
"34_0_0_20170117134918378.jpg.chip.jpg","34","male","","","","38.6","male","4.60","36.058597564697266","male","2.06"
"36_0_4_20170103230431017.jpg.chip.jpg","36","male","44.05317306518555","male","8.05","38.4","male","2.40","42.54068374633789","male","6.54"
"17_0_0_20170103201534007.jpg.chip.jpg","17","male","21.947961807250977","male","4.95","17.6","male","0.60","20.638595581054688","male","3.64"
"26_1_0_20170104235143076.jpg.chip.jpg","26","female","","","","28.6","female","2.60","25.9583740234375","female","-0.04"
"40_0_0_20170117185306458.jpg.chip.jpg","40","male","","","","39.3","male","-0.70","50.440757751464844","male","10.44"
"8_1_2_20170116194013325.jpg.chip.jpg","8","female","","","","9.1","female","1.10","3.9507088661193848","female","-4.05"
"42_0_0_20170117154804658.jpg.chip.jpg","42","male","","","","38.6","male","-3.40","46.6846923828125","male","4.68"
"28_1_0_20170104021158812.jpg.chip.jpg","28","female","","","","29.5","female","1.50","30.14492416381836","female","2.14"
"20_1_3_20170117141155272.jpg.chip.jpg","20","female","","","","16.4","female","-3.60","21.25312042236328","female","1.25"
"73_1_0_20170120225339921.jpg.chip.jpg","73","female","74.34490966796875","female","1.34","69.1","male","-3.90","75.95635986328125","female","2.96"
"26_1_1_20170112212028557.jpg.chip.jpg","26","female","24.5924015045166","female","-1.41","23.3","female","-2.70","26.352758407592773","female","0.35"
"39_1_0_20170109013531415.jpg.chip.jpg","39","female","","","","28.9","male","-10.10","44.31700134277344","male","5.32"
"27_1_0_20170119154437418.jpg.chip.jpg","27","female","","","","29.5","female","2.50","20.668907165527344","female","-6.33"
"27_1_4_20170103183838762.jpg.chip.jpg","27","female","","","","29.2","male","2.20","36.53966522216797","female","9.54"
"29_0_1_20170113151537906.jpg.chip.jpg","29","male","32.11492156982422","male","3.11","28.6","male","-0.40","34.845985412597656","male","5.85"
"65_0_3_20170119164246893.jpg.chip.jpg","65","male","","","","29.2","male","-35.80","60.82304382324219","male","-4.18"
"14_0_4_20170103200528094.jpg.chip.jpg","14","male","11.487974166870117","male","-2.51","8.6","female","-5.40","10.629660606384277","male","-3.37"
"90_1_0_20170110183452817.jpg.chip.jpg","90","female","72.56841278076172","female","-17.43","69.1","female","-20.90","81.07807922363281","female","-8.92"
"80_1_0_20170109142913604.jpg.chip.jpg","80","female","87.86541748046875","female","7.87","69.1","male","-10.90","87.59732055664062","female","7.60"
"32_1_0_20170103181859185.jpg.chip.jpg","32","female","44.329017639160156","female","12.33","48.7","female","16.70","43.519283294677734","female","11.52"
"26_0_4_20170117201113262.jpg.chip.jpg","26","male","","","","28.7","male","2.70","23.011367797851562","female","-2.99"
"80_1_0_20170110122234919.jpg.chip.jpg","80","female","66.1291275024414","female","-13.87","28.8","","-51.20","66.89171600341797","female","-13.11"
"32_0_0_20170117134728061.jpg.chip.jpg","32","male","","","","39.4","male","7.40","37.880130767822266","male","5.88"
"5_1_0_20170104202352685.jpg.chip.jpg","5","female","","","","28.9","male","23.90","55.73930358886719","female","50.74"
"56_0_3_20170109142154230.jpg.chip.jpg","56","male","","","","49.3","male","-6.70","57.0239143371582","male","1.02"
"2_0_1_20170110213721101.jpg.chip.jpg","2","male","2.811023235321045","male","0.81","8.5","","6.50","2.553980827331543","male","0.55"
"35_0_0_20170116182739852.jpg.chip.jpg","35","male","","","","33.6","male","-1.40","33.930755615234375","male","-1.07"
"37_1_1_20170116164005950.jpg.chip.jpg","37","female","50.689910888671875","female","13.69","29.1","male","-7.90","54.846168518066406","female","17.85"
"9_0_4_20170110215354740.jpg.chip.jpg","9","male","14.006308555603027","male","5.01","29.3","female","20.30","10.865825653076172","male","1.87"
"24_1_2_20170116171638407.jpg.chip.jpg","24","female","25.250736236572266","female","1.25","16.2","female","-7.80","25.375288009643555","female","1.38"
"63_0_0_20170111171747601.jpg.chip.jpg","63","male","57.23317337036133","male","-5.77","44.4","male","-18.60","54.70161056518555","male","-8.30"
"30_1_0_20170109141417666.jpg.chip.jpg","30","female","","","","29.3","female","-0.70","26.30282211303711","female","-3.70"
"1_0_3_20161219225958712.jpg.chip.jpg","1","male","1.4285966157913208","female","0.43","","female","","1.2208808660507202","female","0.22"
"56_1_0_20170110122147365.jpg.chip.jpg","56","female","","","","28.8","female","-27.20","43.84371566772461","female","-12.16"
"4_1_4_20161221195434215.jpg.chip.jpg","4","female","2.5041630268096924","female","-1.50","","female","","2.7963898181915283","female","-1.20"
"26_1_2_20170116180334106.jpg.chip.jpg","26","female","","","","29.4","female","3.40","29.449487686157227","female","3.45"
"55_0_1_20170120134315207.jpg.chip.jpg","55","male","","","","33.5","male","-21.50","52.078941345214844","male","-2.92"
"3_0_0_20170110212934843.jpg.chip.jpg","3","male","0.8899773359298706","male","-2.11","","female","","1.1960482597351074","female","-1.80"
"24_1_3_20170104222905601.jpg.chip.jpg","24","female","","","","29.2","female","5.20","23.859210968017578","female","-0.14"
"27_0_2_20170119193330242.jpg.chip.jpg","27","male","","","","28.5","male","1.50","33.91659164428711","male","6.92"
"35_1_1_20170117005839967.jpg.chip.jpg","35","female","36.233821868896484","female","1.23","28.6","female","-6.40","37.0595703125","female","2.06"
"48_1_1_20170117131013277.jpg.chip.jpg","48","female","52.15439224243164","male","4.15","39.1","male","-8.90","51.4193115234375","male","3.42"
"65_1_0_20170110182002744.jpg.chip.jpg","65","female","70.40299987792969","female","5.40","68.7","female","3.70","67.92267608642578","female","2.92"
"72_0_2_20170112003907566.jpg.chip.jpg","72","male","","","","29.2","male","-42.80","60.97305679321289","male","-11.03"
"25_0_1_20170113132617968.jpg.chip.jpg","25","male","20.91117286682129","male","-4.09","23.9","male","-1.10","24.328289031982422","male","-0.67"
"2_0_2_20161219140845808.jpg.chip.jpg","2","male","1.0899455547332764","female","-0.91","","female","","1.016193151473999","female","-0.98"
"26_1_0_20170117003314278.jpg.chip.jpg","26","female","","","","29.2","female","3.20","25.98023223876953","female","-0.02"
"38_1_0_20170117160605286.jpg.chip.jpg","38","female","","","","29.2","female","-8.80","40.92750549316406","female","2.93"
"20_1_1_20170112191323933.jpg.chip.jpg","20","female","","","","23.8","female","3.80","18.32340431213379","female","-1.68"
"41_0_0_20170120133745342.jpg.chip.jpg","41","male","","","","28.4","male","-12.60","35.713348388671875","male","-5.29"
"27_0_1_20170116001407357.jpg.chip.jpg","27","male","","","","28.6","male","1.60","18.26413917541504","male","-8.74"
"52_0_0_20170111195726274.jpg.chip.jpg","52","male","","","","39.4","male","-12.60","36.50275802612305","male","-15.50"
"85_1_0_20170110183935393.jpg.chip.jpg","85","female","","","","39.1","male","-45.90","79.72260284423828","female","-5.28"
"22_1_1_20170112203832467.jpg.chip.jpg","22","female","21.693330764770508","female","-0.31","23.8","female","1.80","18.582788467407227","female","-3.42"
"53_0_3_20170119202446453.jpg.chip.jpg","53","male","51.080970764160156","male","-1.92","28.6","male","-24.40","44.480892181396484","male","-8.52"
"21_1_3_20170119150704613.jpg.chip.jpg","21","female","","","","16.1","female","-4.90","17.151004791259766","male","-3.85"
"54_0_3_20170119183920621.jpg.chip.jpg","54","male","41.9408073425293","male","-12.06","39.1","male","-14.90","37.959205627441406","male","-16.04"
"44_1_3_20170119165329470.jpg.chip.jpg","44","female","","","","29.3","female","-14.70","20.074657440185547","female","-23.93"
"31_1_1_20170111204355636.jpg.chip.jpg","31","female","","","","29.4","male","-1.60","32.32418441772461","female","1.32"
"6_1_0_20170109201925765.jpg.chip.jpg","6","female","","","","8.8","female","2.80","6.913634777069092","female","0.91"
"72_0_3_20170105180648062.jpg.chip.jpg","72","male","65.48660278320312","male","-6.51","34.3","male","-37.70","63.26175308227539","male","-8.74"
"26_1_2_20170116184043483.jpg.chip.jpg","26","female","","","","16.1","female","-9.90","35.474613189697266","female","9.47"
"25_0_0_20170105163328603.jpg.chip.jpg","25","male","","","","28.8","male","3.80","29.84122085571289","male","4.84"
"30_1_1_20170112215102792.jpg.chip.jpg","30","female","35.78193664550781","female","5.78","29.6","female","-0.40","38.36225891113281","female","8.36"
"24_1_1_20170115235756393.jpg.chip.jpg","24","female","16.80045509338379","female","-7.20","29.4","","5.40","13.746713638305664","female","-10.25"
"39_0_0_20170104202134507.jpg.chip.jpg","39","male","","","","28.6","male","-10.40","31.47112464904785","male","-7.53"
"37_0_0_20170102233603627.jpg.chip.jpg","37","male","48.44092559814453","male","11.44","39.1","male","2.10","42.88979721069336","male","5.89"
"26_0_1_20170116183512340.jpg.chip.jpg","26","male","","","","23.6","male","-2.40","32.52405548095703","male","6.52"
"32_1_1_20170115235709297.jpg.chip.jpg","32","female","","","","29.3","female","-2.70","41.54803466796875","female","9.55"
"2_1_2_20161219154029060.jpg.chip.jpg","2","female","","","","","female","","0.9338188171386719","female","-1.07"
"15_0_0_20170116201253769.jpg.chip.jpg","15","male","","","","29.2","","14.20","26.54969024658203","male","11.55"
"1_0_3_20161220144835319.jpg.chip.jpg","1","male","1.8666083812713623","male","0.87","4.1","female","3.10","2.6802902221679688","male","1.68"
"34_0_0_20170117121730983.jpg.chip.jpg","34","male","","","","28.7","male","-5.30","37.621795654296875","male","3.62"
"35_1_4_20170117201052046.jpg.chip.jpg","35","female","","","","29.4","female","-5.60","45.079933166503906","female","10.08"
"34_0_3_20170119152328504.jpg.chip.jpg","34","male","","","","29.2","male","-4.80","45.88562774658203","male","11.89"
"19_1_0_20170103201812887.jpg.chip.jpg","19","female","15.172802925109863","female","-3.83","28.5","female","9.50","16.967844009399414","female","-2.03"
"21_0_0_20170117141435314.jpg.chip.jpg","21","male","","","","28.9","male","7.90","20.627687454223633","male","-0.37"
"70_0_0_20170117173655936.jpg.chip.jpg","70","male","","","","49.3","male","-20.70","53.51609802246094","male","-16.48"
"32_1_2_20170116191623170.jpg.chip.jpg","32","female","","","","29.4","","-2.60","22.48743438720703","female","-9.51"
"24_1_3_20161220221647314.jpg.chip.jpg","24","female","","","","28.5","female","4.50","20.447898864746094","female","-3.55"
"28_1_2_201701161846515488.jpg.chip.jpg","28","female","","","","28.9","female","0.90","35.353702545166016","female","7.35"
"24_1_2_20170116163049260.jpg.chip.jpg","24","female","23.520050048828125","female","-0.48","30.4","female","6.40","22.735986709594727","female","-1.26"
"30_1_0_20170117154828262.jpg.chip.jpg","30","female","","","","28.6","female","-1.40","31.130220413208008","female","1.13"
"35_0_0_20170104203145138.jpg.chip.jpg","35","male","33.779659271240234","male","-1.22","38.7","male","3.70","33.01605224609375","male","-1.98"
"30_0_1_20170117202813031.jpg.chip.jpg","30","male","","","","33.5","male","3.50","42.69152069091797","male","12.69"
"32_1_1_20170117182443477.jpg.chip.jpg","32","female","","","","28.7","female","-3.30","32.16649627685547","female","0.17"
"2_1_2_20161219161804134.jpg.chip.jpg","2","female","","","","29.2","male","27.20","1.7500208616256714","male","-0.25"
"21_0_1_20170120133302908.jpg.chip.jpg","21","male","22.685894012451172","male","1.69","28.7","male","7.70","32.26780319213867","male","11.27"
"1_1_3_20161220143404575.jpg.chip.jpg","1","female","","","","","female","","1.1505389213562012","female","0.15"
"24_1_3_20170104222352872.jpg.chip.jpg","24","female","","","","28.6","female","4.60","23.27794647216797","female","-0.72"
"25_1_3_20170117141103735.jpg.chip.jpg","25","female","","","","22.5","female","-2.50","16.400644302368164","female","-8.60"
"19_0_0_20170103201556447.jpg.chip.jpg","19","male","29.877763748168945","male","10.88","28.7","male","9.70","28.99485206604004","male","9.99"
"40_0_1_20170113190544049.jpg.chip.jpg","40","male","41.094730377197266","male","1.09","29.4","male","-10.60","39.22108840942383","male","-0.78"
"32_1_1_20170120220526706.jpg.chip.jpg","32","female","25.34372901916504","female","-6.66","23.5","female","-8.50","25.668115615844727","female","-6.33"
"61_1_0_20170117174758733.jpg.chip.jpg","61","female","","","","39","female","-22.00","61.24030303955078","female","0.24"
"60_1_0_20170110135918382.jpg.chip.jpg","60","female","","","","36.5","female","-23.50","54.278499603271484","female","-5.72"
"36_0_0_20170117153823071.jpg.chip.jpg","36","male","","","","39.3","male","3.30","48.22871017456055","male","12.23"
"91_1_2_20170105174644734.jpg.chip.jpg","91","female","","","","69","","-22.00","82.37310791015625","female","-8.63"
"78_1_0_20170120230523930.jpg.chip.jpg","78","female","84.81645965576172","female","6.82","69.3","male","-8.70","82.04671478271484","female","4.05"
"29_1_0_20170117174858696.jpg.chip.jpg","29","female","","","","23.5","female","-5.50","22.386014938354492","female","-6.61"
"78_0_2_20170112224456107.jpg.chip.jpg","78","male","79.43050384521484","male","1.43","69.1","male","-8.90","78.7743911743164","male","0.77"
"21_0_0_20170103234805676.jpg.chip.jpg","21","male","","","","16.5","male","-4.50","18.031299591064453","male","-2.97"
"23_1_0_20170116221827674.jpg.chip.jpg","23","female","","","","36.4","female","13.40","35.269405364990234","female","12.27"
"87_0_0_20170111222120006.jpg.chip.jpg","87","male","","","","68.9","male","-18.10","75.449951171875","male","-11.55"
"23_0_0_20170104004012222.jpg.chip.jpg","23","male","","","","28.8","male","5.80","22.6556453704834","male","-0.34"
"53_1_0_20170109012819625.jpg.chip.jpg","53","female","60.19932556152344","female","7.20","29","female","-24.00","59.237159729003906","female","6.24"
"42_0_3_20170117175439914.jpg.chip.jpg","42","male","57.94382858276367","male","15.94","69.1","male","27.10","59.684364318847656","male","17.68"
"34_1_1_20170113001015235.jpg.chip.jpg","34","female","","","","29.4","female","-4.60","19.223241806030273","female","-14.78"
"37_0_0_20170117120612576.jpg.chip.jpg","37","male","","","","28.7","male","-8.30","40.17250061035156","male","3.17"
"35_1_0_20170117184925681.jpg.chip.jpg","35","female","","","","29.5","female","-5.50","28.154539108276367","female","-6.85"
"49_1_0_20170109141328213.jpg.chip.jpg","49","female","","","","68.8","female","19.80","58.76993179321289","female","9.77"
"23_0_4_20170117194059597.jpg.chip.jpg","23","male","24.686342239379883","male","1.69","38.6","male","15.60","23.280353546142578","male","0.28"
"78_1_0_20170120230432160.jpg.chip.jpg","78","female","90.75655364990234","female","12.76","69.3","male","-8.70","87.6124496459961","female","9.61"
"47_0_2_20170104211734268.jpg.chip.jpg","47","male","","","","68.9","male","21.90","51.01719284057617","male","4.02"
"55_0_0_20170111202253255.jpg.chip.jpg","55","male","55.63473129272461","male","0.63","44.3","male","-10.70","54.494380950927734","male","-0.51"
"75_0_0_20170111205739880.jpg.chip.jpg","75","male","","","","29.3","male","-45.70","72.5030517578125","male","-2.50"
"51_1_1_20170120133936151.jpg.chip.jpg","51","female","","","","29.2","male","-21.80","54.344459533691406","female","3.34"
"58_0_0_20170105173628294.jpg.chip.jpg","58","male","","","","68.9","male","10.90","59.596961975097656","male","1.60"
"35_0_1_20170113155203994.jpg.chip.jpg","35","male","","","","22.6","male","-12.40","20.7885684967041","male","-14.21"
"37_0_1_20170116193931967.jpg.chip.jpg","37","male","","","","34.4","male","-2.60","49.6187629699707","male","12.62"
"40_0_0_20170116222105127.jpg.chip.jpg","40","male","","","","38.7","male","-1.30","28.16639518737793","male","-11.83"
"28_0_2_20170116162829960.jpg.chip.jpg","28","male","23.1868839263916","male","-4.81","16.2","male","-11.80","22.0805721282959","male","-5.92"
"25_1_4_20161220222242243.jpg.chip.jpg","25","female","","","","29.4","female","4.40","35.38623046875","female","10.39"
"2_0_2_20161219203047420.jpg.chip.jpg","2","male","1.080664038658142","male","-0.92","","","","0.9423977732658386","male","-1.06"
"55_1_3_20170119200044963.jpg.chip.jpg","55","female","","","","69","male","14.00","51.46890640258789","female","-3.53"
"32_1_2_20170105164147100.jpg.chip.jpg","32","female","","","","29.4","female","-2.60","44.09092330932617","female","12.09"
"30_0_0_20170117144022715.jpg.chip.jpg","30","male","","","","33.6","male","3.60","39.38033676147461","male","9.38"
"23_0_3_20170119153304574.jpg.chip.jpg","23","male","","","","28.7","male","5.70","23.171438217163086","male","0.17"
"26_0_0_20170117173443951.jpg.chip.jpg","26","male","","","","28.8","male","2.80","29.31546401977539","male","3.32"
"37_0_3_20170119180031371.jpg.chip.jpg","37","male","","","","28.6","male","-8.40","39.6239013671875","male","2.62"
"36_0_3_20170119175557380.jpg.chip.jpg","36","male","","","","29.2","male","-6.80","35.85499954223633","female","-0.15"
"1_0_2_20161219210754437.jpg.chip.jpg","1","male","1.0437382459640503","female","0.04","","male","","0.9512845277786255","female","-0.05"
"26_0_1_20170117173231271.jpg.chip.jpg","26","male","","","","28.7","male","2.70","33.320648193359375","male","7.32"
"24_1_0_20170104022030117.jpg.chip.jpg","24","female","","","","28.5","female","4.50","21.677825927734375","female","-2.32"
"16_1_0_20170117175202679.jpg.chip.jpg","16","female","","","","29.1","female","13.10","14.048569679260254","female","-1.95"
"65_0_0_20170117171101388.jpg.chip.jpg","65","male","","","","39.1","male","-25.90","61.56718063354492","male","-3.43"
"24_1_0_20170103163129280.jpg.chip.jpg","24","female","","","","28.8","female","4.80","25.593517303466797","female","1.59"
"28_0_1_20170117020416787.jpg.chip.jpg","28","male","","","","29.4","male","1.40","27.014265060424805","male","-0.99"
"20_1_3_20170104231456714.jpg.chip.jpg","20","female","","","","28.7","female","8.70","23.412094116210938","female","3.41"
"33_0_0_20170105165028532.jpg.chip.jpg","33","male","31.844064712524414","male","-1.16","28.6","male","-4.40","32.38214111328125","male","-0.62"
"17_0_0_20170116205554725.jpg.chip.jpg","17","male","","","","28.9","male","11.90","15.94805908203125","male","-1.05"
"20_0_4_20170117193454180.jpg.chip.jpg","20","male","","","","25.5","male","5.50","21.434709548950195","male","1.43"
"26_0_0_20170117195728500.jpg.chip.jpg","26","male","","","","39.3","male","13.30","28.930288314819336","male","2.93"
"12_0_0_20170110225540554.jpg.chip.jpg","12","male","","","","28.9","male","16.90","16.137300491333008","male","4.14"
"56_0_0_20170111202842202.jpg.chip.jpg","56","male","","","","39.3","male","-16.70","52.715576171875","male","-3.28"
"32_1_3_20170105003157142.jpg.chip.jpg","32","female","","","","23.6","female","-8.40","23.449384689331055","female","-8.55"
"35_0_1_20170117010039479.jpg.chip.jpg","35","male","30.815996170043945","male","-4.18","28.6","male","-6.40","30.30710792541504","male","-4.69"
"3_0_1_20170110213659314.jpg.chip.jpg","3","male","","","","","","","1.365238904953003","male","-1.63"
"75_0_0_20170111202241586.jpg.chip.jpg","75","male","","","","69.3","male","-5.70","72.24259185791016","male","-2.76"
"29_0_0_20170117180833219.jpg.chip.jpg","29","male","35.269874572753906","male","6.27","34.6","male","5.60","34.18937301635742","male","5.19"
"2_1_3_20161219225500961.jpg.chip.jpg","2","female","","","","4","","2.00","2.169114828109741","female","0.17"
"52_0_0_20170117154831559.jpg.chip.jpg","52","male","46.36899948120117","male","-5.63","39.3","male","-12.70","48.47906494140625","male","-3.52"
"30_0_0_20170119195542220.jpg.chip.jpg","30","male","","","","33.5","male","3.50","43.70537185668945","male","13.71"
"60_0_0_20170116235858675.jpg.chip.jpg","60","male","","","","29.2","","-30.80","56.52223205566406","male","-3.48"
"66_0_0_20170117191832603.jpg.chip.jpg","66","male","66.56218719482422","male","0.56","55.2","male","-10.80","65.08369445800781","male","-0.92"
"20_1_1_20170112231449708.jpg.chip.jpg","20","female","","","","29.4","female","9.40","27.981149673461914","female","7.98"
"25_1_0_20170109132220552.jpg.chip.jpg","25","female","","","","29.4","female","4.40","21.62335777282715","female","-3.38"
"66_1_0_20170117175408412.jpg.chip.jpg","66","female","","","","69.1","female","3.10","58.1665153503418","female","-7.83"
"45_0_0_20170116235729518.jpg.chip.jpg","45","male","51.08272171020508","male","6.08","48.3","male","3.30","51.08272171020508","male","6.08"
"90_1_0_20170110180516399.jpg.chip.jpg","90","female","","","","69.2","","-20.80","90.27239227294922","female","0.27"
"40_0_3_20170119211711001.jpg.chip.jpg","40","male","","","","34.5","male","-5.50","40.65444564819336","male","0.65"
"52_1_0_20170110122705423.jpg.chip.jpg","52","female","45.64729690551758","female","-6.35","36.4","female","-15.60","49.22319793701172","female","-2.78"
"26_1_2_20170116184051103.jpg.chip.jpg","26","female","","","","16","female","-10.00","34.33381652832031","female","8.33"
"32_0_3_20170117120702808.jpg.chip.jpg","32","male","27.500757217407227","male","-4.50","28.6","male","-3.40","25.346786499023438","male","-6.65"
"31_1_1_20170112210531485.jpg.chip.jpg","31","female","","","","28.6","female","-2.40","30.766063690185547","female","-0.23"
"30_1_2_20170116201553981.jpg.chip.jpg","30","female","","","","16","male","-14.00","13.19733715057373","female","-16.80"
"26_1_1_20170116232655628.jpg.chip.jpg","26","female","","","","28.6","female","2.60","29.47858428955078","female","3.48"
"26_1_2_20170116184831737.jpg.chip.jpg","26","female","","","","29.5","female","3.50","24.982202529907227","female","-1.02"
"95_1_2_20170110182531150.jpg.chip.jpg","95","female","85.9712142944336","female","-9.03","29.2","male","-65.80","83.40242767333984","female","-11.60"
"28_0_2_20170116162117606.jpg.chip.jpg","28","male","25.08579444885254","male","-2.91","20.4","male","-7.60","23.33542823791504","male","-4.66"
"30_1_3_20170117181342861.jpg.chip.jpg","30","female","","","","29.3","female","-0.70","27.091148376464844","female","-2.91"
"33_1_0_20170117174457343.jpg.chip.jpg","33","female","","","","29.4","female","-3.60","34.12662124633789","female","1.13"
"61_1_3_20170112231727406.jpg.chip.jpg","61","female","","","","39.1","female","-21.90","52.719417572021484","female","-8.28"
"26_1_0_20170117091659319.jpg.chip.jpg","26","female","","","","39.3","female","13.30","32.04096221923828","female","6.04"
"28_0_2_20170116164346840.jpg.chip.jpg","28","male","21.17038345336914","male","-6.83","34.5","male","6.50","21.48616600036621","male","-6.51"
"27_1_3_20170104223400455.jpg.chip.jpg","27","female","","","","28.7","female","1.70","25.304916381835938","female","-1.70"
"23_0_0_20170117144706803.jpg.chip.jpg","23","male","31.506202697753906","male","8.51","28.3","male","5.30","31.02996253967285","male","8.03"
"27_1_0_20170103163215342.jpg.chip.jpg","27","female","","","","29.2","female","2.20","40.87815856933594","female","13.88"
"40_0_0_20170117145138881.jpg.chip.jpg","40","male","","","","38.4","male","-1.60","37.50119400024414","male","-2.50"
"26_0_1_20170113134249474.jpg.chip.jpg","26","male","","","","28.7","male","2.70","19.638999938964844","male","-6.36"
"35_0_1_20170117191454763.jpg.chip.jpg","35","male","45.33980941772461","male","10.34","33.6","male","-1.40","47.54678726196289","male","12.55"
"5_0_3_20161220220253921.jpg.chip.jpg","5","male","5.8711676597595215","male","0.87","9.2","male","4.20","6.199211597442627","male","1.20"
"60_0_0_20170117192255540.jpg.chip.jpg","60","male","","","","39.2","male","-20.80","51.24074172973633","male","-8.76"
"1_1_2_20170117192827229.jpg.chip.jpg","1","female","","","","","female","","0.9796358942985535","female","-0.02"
"34_1_3_20170119155627753.jpg.chip.jpg","34","female","","","","29.5","female","-4.50","29.564186096191406","female","-4.44"
"56_0_1_20170113174020731.jpg.chip.jpg","56","male","","","","34.4","male","-21.60","49.434471130371094","male","-6.57"
"12_1_3_20161220222343139.jpg.chip.jpg","12","female","","","","29.2","female","17.20","14.511581420898438","female","2.51"
"10_0_4_20161221192738446.jpg.chip.jpg","10","male","13.105786323547363","male","3.11","16.5","male","6.50","12.661859512329102","male","2.66"
"35_1_0_20170117190350409.jpg.chip.jpg","35","female","","","","29.5","female","-5.50","25.83662986755371","female","-9.16"
"24_1_1_20170115235617909.jpg.chip.jpg","24","female","22.88359832763672","female","-1.12","23.4","female","-0.60","24.008010864257812","female","0.01"
"1_0_1_20170110213649083.jpg.chip.jpg","1","male","0.7946216464042664","male","-0.21","4.1","female","3.10","1.5588289499282837","male","0.56"
"28_1_1_20170112231943575.jpg.chip.jpg","28","female","33.24935531616211","female","5.25","28.6","female","0.60","32.75951385498047","female","4.76"
"53_0_0_20170111195238954.jpg.chip.jpg","53","male","","","","39.4","male","-13.60","41.110172271728516","male","-11.89"
"28_1_2_20170116162603184.jpg.chip.jpg","28","female","","","","16","female","-12.00","21.16910171508789","female","-6.83"
"1_0_2_20161219202752764.jpg.chip.jpg","1","male","1.1470410823822021","female","0.15","","female","","1.114067554473877","female","0.11"
"63_0_3_20170105180905510.jpg.chip.jpg","63","male","","","","68.9","male","5.90","66.48666381835938","male","3.49"
"45_1_1_20170116003204136.jpg.chip.jpg","45","female","25.471872329711914","female","-19.53","29.5","female","-15.50","25.491506576538086","female","-19.51"
"54_0_3_20170120134355574.jpg.chip.jpg","54","male","","","","39.2","male","-14.80","60.23896408081055","male","6.24"
"58_0_0_20170105173528685.jpg.chip.jpg","58","male","60.512657165527344","male","2.51","68.8","male","10.80","59.2588996887207","male","1.26"
"4_1_2_20170109192021720.jpg.chip.jpg","4","female","","","","","female","","2.4388177394866943","female","-1.56"
"24_1_4_20170115235433094.jpg.chip.jpg","24","female","","","","28.6","female","4.60","25.692733764648438","female","1.69"
"1_1_0_20170109191226882.jpg.chip.jpg","1","female","0.9766350388526917","female","-0.02","","female","","0.972274124622345","female","-0.03"
"2_1_3_20161219230145088.jpg.chip.jpg","2","female","0.8608331084251404","male","-1.14","4.1","female","2.10","0.9066977500915527","female","-1.09"
"72_1_0_20170110142532852.jpg.chip.jpg","72","female","","","","38.7","female","-33.30","59.94001770019531","female","-12.06"
"25_1_3_20170104232101034.jpg.chip.jpg","25","female","","","","29.5","female","4.50","31.80481719970703","female","6.80"
"23_1_1_20170112234139392.jpg.chip.jpg","23","female","","","","28.7","female","5.70","22.462404251098633","female","-0.54"
"26_0_0_20170117195939941.jpg.chip.jpg","26","male","","","","28.6","male","2.60","26.519847869873047","male","0.52"
"34_1_1_20170116225221273.jpg.chip.jpg","34","female","","","","29.4","","-4.60","27.194814682006836","female","-6.81"
"26_1_1_20170116160918398.jpg.chip.jpg","26","female","","","","28.8","male","2.80","27.987083435058594","female","1.99"
"90_0_0_20170117175416532.jpg.chip.jpg","90","male","94.64659118652344","male","4.65","75.4","male","-14.60","90.32174682617188","male","0.32"
"32_1_1_20170116164417371.jpg.chip.jpg","32","female","","","","29.3","male","-2.70","","",""
"24_1_3_20170119170926830.jpg.chip.jpg","24","female","","","","29.2","female","5.20","28.125343322753906","female","4.13"
"70_1_0_20170120134300289.jpg.chip.jpg","70","female","","","","39.1","female","-30.90","60.0638427734375","female","-9.94"
"43_0_2_20170116234843299.jpg.chip.jpg","43","male","","","","29.1","male","-13.90","47.00667953491211","male","4.01"
"44_0_3_20170119165428991.jpg.chip.jpg","44","male","","","","29.3","male","-14.70","37.25789260864258","male","-6.74"
"45_0_1_20170113180901829.jpg.chip.jpg","45","male","","","","29.4","female","-15.60","27.53026008605957","female","-17.47"
"73_1_0_20170117175559419.jpg.chip.jpg","73","female","","","","29.3","male","-43.70","58.94039535522461","female","-14.06"
"3_1_3_20161219230328993.jpg.chip.jpg","3","female","","","","29.2","male","26.20","3.5644989013671875","female","0.56"
"24_1_2_20170116165534569.jpg.chip.jpg","24","female","","","","29.3","female","5.30","21.358552932739258","female","-2.64"
"33_1_0_20170103175603141.jpg.chip.jpg","33","female","48.26582717895508","female","15.27","28.9","female","-4.10","43.96687316894531","female","10.97"
"34_0_3_20170119171715544.jpg.chip.jpg","34","male","","","","28.6","male","-5.40","28.351337432861328","male","-5.65"
"37_1_0_20170104172432171.jpg.chip.jpg","37","female","","","","29.2","female","-7.80","26.44829750061035","female","-10.55"
"26_1_0_20170117191528652.jpg.chip.jpg","26","female","","","","23.6","female","-2.40","30.051677703857422","female","4.05"
"18_1_0_20170109214106546.jpg.chip.jpg","18","female","","","","16.2","female","-1.80","18.78347396850586","female","0.78"
"30_0_0_20170117132539923.jpg.chip.jpg","30","male","","","","34.4","male","4.40","43.74077606201172","male","13.74"
"20_1_1_20170116214348718.jpg.chip.jpg","20","female","","","","28.7","female","8.70","22.435768127441406","female","2.44"
"2_0_4_20161221195155711.jpg.chip.jpg","2","male","1.2690119743347168","male","-0.73","4","female","2.00","1.1514384746551514","male","-0.85"
"41_0_4_20170104185252334.jpg.chip.jpg","41","male","","","","29.2","male","-11.80","49.95024871826172","male","8.95"
"8_0_3_20161220222825331.jpg.chip.jpg","8","male","8.689051628112793","male","0.69","8.7","","0.70","7.441240310668945","male","-0.56"
"32_0_3_20170119200340188.jpg.chip.jpg","32","male","32.573883056640625","male","0.57","28.6","male","-3.40","32.75003433227539","male","0.75"
"67_1_0_20170110140843433.jpg.chip.jpg","67","female","","","","36.3","female","-30.70","62.999656677246094","female","-4.00"
"90_0_0_20170111222613993.jpg.chip.jpg","90","male","79.65552520751953","male","-10.34","69.3","male","-20.70","76.067626953125","male","-13.93"
"21_1_3_20170117142617306.jpg.chip.jpg","21","female","","","","28.8","female","7.80","18.938966751098633","female","-2.06"
"51_0_0_20170104174529739.jpg.chip.jpg","51","male","56.661163330078125","male","5.66","39.1","male","-11.90","55.822723388671875","male","4.82"
"66_0_3_20170119160336443.jpg.chip.jpg","66","male","38.36808395385742","male","-27.63","28.8","male","-37.20","41.97805404663086","male","-24.02"
"28_1_0_20170117204457679.jpg.chip.jpg","28","female","","","","28.7","female","0.70","48.58723068237305","female","20.59"
"47_1_0_20170117160425905.jpg.chip.jpg","47","female","","","","49.2","female","2.20","67.45689392089844","female","20.46"
"35_0_0_20170117130944941.jpg.chip.jpg","35","male","","","","29.3","male","-5.70","34.951171875","male","-0.05"
"34_1_0_20170112203838660.jpg.chip.jpg","34","female","","","","29.3","female","-4.70","37.06818771362305","female","3.07"
"5_1_2_20161219203429011.jpg.chip.jpg","5","female","","","","16","female","11.00","4.092496871948242","female","-0.91"
"1_0_4_20161221192855037.jpg.chip.jpg","1","male","1.0377187728881836","male","0.04","","female","","1.3409557342529297","male","0.34"
"29_0_0_20170117120410064.jpg.chip.jpg","29","male","25.026044845581055","male","-3.97","28.6","male","-0.40","29.087570190429688","male","0.09"
"4_0_2_20161219153822276.jpg.chip.jpg","4","male","2.286008834838867","male","-1.71","","","","2.5153141021728516","male","-1.48"
"2_0_3_20161219225137296.jpg.chip.jpg","2","male","1.8633370399475098","female","-0.14","","female","","2.2498507499694824","female","0.25"
"65_0_1_20170113182137398.jpg.chip.jpg","65","male","","","","39.2","male","-25.80","49.75900650024414","male","-15.24"
"54_0_1_20170113185028970.jpg.chip.jpg","54","male","","","","38.6","male","-15.40","49.7978630065918","male","-4.20"
"1_1_3_20161219224951912.jpg.chip.jpg","1","female","1.6844627857208252","male","0.68","","male","","1.180663824081421","female","0.18"
"45_1_0_20170103183902347.jpg.chip.jpg","45","female","","","","29.2","female","-15.80","51.949058532714844","female","6.95"
"13_1_0_20170109204325267.jpg.chip.jpg","13","female","5.180247783660889","female","-7.82","23.4","female","10.40","5.137844562530518","female","-7.86"
"27_1_3_20170104223000127.jpg.chip.jpg","27","female","","","","28.9","female","1.90","23.498258590698242","female","-3.50"
"61_0_0_20170104185720734.jpg.chip.jpg","61","male","","","","29.3","male","-31.70","61.68000411987305","male","0.68"
"24_1_2_20170116171642861.jpg.chip.jpg","24","female","25.254802703857422","female","1.25","16.1","female","-7.90","23.050817489624023","female","-0.95"
"60_1_0_20170110141812183.jpg.chip.jpg","60","female","52.65480422973633","female","-7.35","39.2","female","-20.80","51.77003860473633","female","-8.23"
"26_0_2_20170116181154900.jpg.chip.jpg","26","male","","","","28.7","male","2.70","26.221784591674805","male","0.22"
"7_0_0_20170110215615139.jpg.chip.jpg","7","male","","","","9.3","male","2.30","8.988541603088379","male","1.99"
"76_0_0_20170111210148707.jpg.chip.jpg","76","male","","","","69.3","male","-6.70","75.7918930053711","male","-0.21"
"26_1_1_20170112213310815.jpg.chip.jpg","26","female","31.576833724975586","female","5.58","29.5","female","3.50","29.590662002563477","female","3.59"
"28_0_1_20170117121804732.jpg.chip.jpg","28","male","","","","28.7","male","0.70","23.316999435424805","male","-4.68"
"38_0_2_20170119193322618.jpg.chip.jpg","38","male","","","","28.6","male","-9.40","33.69983673095703","male","-4.30"
"70_1_0_20170120222024102.jpg.chip.jpg","70","female","","","","38.9","male","-31.10","70.56040954589844","female","0.56"
"16_1_0_20170109214652137.jpg.chip.jpg","16","female","21.84748077392578","female","5.85","28.6","female","12.60","20.151948928833008","female","4.15"
"69_0_0_20170111200511915.jpg.chip.jpg","69","male","66.13798522949219","male","-2.86","38.8","male","-30.20","70.08789825439453","male","1.09"
"24_0_0_20170117194524762.jpg.chip.jpg","24","male","","","","28.4","male","4.40","27.013938903808594","male","3.01"
"15_1_2_20170104012031136.jpg.chip.jpg","15","female","","","","16","female","1.00","21.203365325927734","female","6.20"
"22_1_1_20170112230530733.jpg.chip.jpg","22","female","","","","28.6","female","6.60","26.496305465698242","female","4.50"
"32_0_3_20170119171305632.jpg.chip.jpg","32","male","32.14908981323242","male","0.15","39.5","male","7.50","33.01813888549805","male","1.02"
"32_1_1_20170117134811472.jpg.chip.jpg","32","female","30.69468116760254","female","-1.31","29.4","female","-2.60","29.568037033081055","female","-2.43"
"27_0_3_20170119193231250.jpg.chip.jpg","27","male","","","","28.6","male","1.60","33.824005126953125","male","6.82"
"60_1_1_20170112230424534.jpg.chip.jpg","60","female","","","","68.9","female","8.90","59.12079620361328","female","-0.88"
"26_0_0_20170117195617829.jpg.chip.jpg","26","male","","","","28.5","male","2.50","29.051149368286133","male","3.05"
"50_0_0_20170111171747301.jpg.chip.jpg","50","male","46.90883255004883","male","-3.09","35.5","male","-14.50","48.57814025878906","male","-1.42"
"50_0_0_20170119205549384.jpg.chip.jpg","50","male","","","","43.6","male","-6.40","51.874691009521484","male","1.87"
"9_0_0_20170110215653284.jpg.chip.jpg","9","male","","","","28.9","female","19.90","14.16486644744873","male","5.16"
"26_1_3_20170117174439983.jpg.chip.jpg","26","female","","","","29.5","female","3.50","26.463031768798828","female","0.46"
"73_1_0_20170110182146582.jpg.chip.jpg","73","female","73.35997772216797","female","0.36","36.3","female","-36.70","74.74224853515625","female","1.74"
"28_1_2_20170116164519017.jpg.chip.jpg","28","female","19.851301193237305","female","-8.15","29.5","female","1.50","18.771102905273438","female","-9.23"
"28_1_0_20170117180704448.jpg.chip.jpg","28","female","","","","29.4","female","1.40","27.441875457763672","female","-0.56"
"10_0_4_20170103202338152.jpg.chip.jpg","10","male","","","","29.2","male","19.20","11.336441993713379","male","1.34"
"9_0_0_20170110225318820.jpg.chip.jpg","9","male","11.803192138671875","male","2.80","29.4","female","20.40","11.377180099487305","male","2.38"
"27_1_4_20170103175504767.jpg.chip.jpg","27","female","41.40510177612305","female","14.41","29.4","female","2.40","39.00387954711914","female","12.00"
"45_0_1_20170113152719963.jpg.chip.jpg","45","male","","","","28.8","male","-16.20","","",""
"35_0_0_20170120220510131.jpg.chip.jpg","35","male","30.549741744995117","male","-4.45","28.4","male","-6.60","31.40894889831543","male","-3.59"
"43_1_0_20170120222412663.jpg.chip.jpg","43","female","","","","29.2","male","-13.80","","",""
"60_1_0_20170110141334072.jpg.chip.jpg","60","female","54.71676254272461","female","-5.28","30.6","female","-29.40","52.84318161010742","female","-7.16"
"5_1_0_20170109193656512.jpg.chip.jpg","5","female","2.6184794902801514","female","-2.38","8.6","female","3.60","3.171586751937866","female","-1.83"
"55_0_0_20170120223715854.jpg.chip.jpg","55","male","","","","49.3","male","-5.70","59.11460494995117","male","4.11"
"15_1_1_20170112191212510.jpg.chip.jpg","15","female","","","","29.3","female","14.30","22.058488845825195","female","7.06"
"53_1_0_20170117191020179.jpg.chip.jpg","53","female","61.060184478759766","female","8.06","38.7","female","-14.30","52.97689437866211","female","-0.02"
"35_0_2_20170104201834738.jpg.chip.jpg","35","male","17.740509033203125","male","-17.26","28.7","male","-6.30","15.610280990600586","male","-19.39"
"75_0_3_20170111202756116.jpg.chip.jpg","75","male","69.48287963867188","male","-5.52","57.7","male","-17.30","67.79794311523438","male","-7.20"
"26_1_3_20170119193147306.jpg.chip.jpg","26","female","","","","29.3","female","3.30","25.249988555908203","female","-0.75"
"5_1_0_20170109194005140.jpg.chip.jpg","5","female","","","","4.1","female","-0.90","4.637965202331543","female","-0.36"
"25_0_3_20170117140644345.jpg.chip.jpg","25","male","","","","28.8","male","3.80","34.17657470703125","male","9.18"
"26_0_0_20170119175528635.jpg.chip.jpg","26","male","32.13432312011719","male","6.13","28.6","male","2.60","34.217166900634766","male","8.22"
"1_1_0_20170109190803637.jpg.chip.jpg","1","female","","","","","male","","0.9614375233650208","female","-0.04"
"26_1_1_20170113000455266.jpg.chip.jpg","26","female","","","","28.6","female","2.60","18.46159553527832","female","-7.54"
"65_1_0_20170110140804905.jpg.chip.jpg","65","female","","","","38.7","female","-26.30","53.75902557373047","female","-11.24"
"18_0_0_20170117140129888.jpg.chip.jpg","18","male","25.364032745361328","male","7.36","28.6","male","10.60","23.241601943969727","male","5.24"
"25_0_4_20170117155154894.jpg.chip.jpg","25","male","","","","28.6","male","3.60","21.077831268310547","male","-3.92"
"2_1_2_20161219142056888.jpg.chip.jpg","2","female","","","","","female","","1.0251624584197998","female","-0.97"
"38_1_1_20170116012120261.jpg.chip.jpg","38","female","","","","29.4","","-8.60","30.065534591674805","female","-7.93"
"28_1_0_20170117180322086.jpg.chip.jpg","28","female","27.636001586914062","female","-0.36","29.5","female","1.50","29.707778930664062","female","1.71"
"23_1_3_20170104223556664.jpg.chip.jpg","23","female","","","","29.3","female","6.30","21.86565399169922","female","-1.13"
"25_1_3_20170117143756281.jpg.chip.jpg","25","female","","","","28.5","female","3.50","22.238622665405273","female","-2.76"
"58_0_0_20170117160230063.jpg.chip.jpg","58","male","","","","49.4","male","-8.60","49.88291549682617","male","-8.12"
"38_1_4_20170103230647441.jpg.chip.jpg","38","female","","","","29.2","female","-8.80","38.81473922729492","female","0.81"
"25_0_3_20170119153348729.jpg.chip.jpg","25","male","","","","28.6","male","3.60","30.468250274658203","male","5.47"
"4_0_2_20161219194145563.jpg.chip.jpg","4","male","","","","16.2","female","12.20","12.316840171813965","male","8.32"
"26_0_3_20170119180327397.jpg.chip.jpg","26","male","28.077943801879883","male","2.08","28.6","male","2.60","29.453033447265625","male","3.45"
"52_0_1_20170120222921386.jpg.chip.jpg","52","male","58.587093353271484","male","6.59","48.6","male","-3.40","57.81888961791992","male","5.82"
"2_0_3_20161219224850392.jpg.chip.jpg","2","male","","","","4","female","2.00","1.8478437662124634","male","-0.15"
"68_0_3_20170117172823785.jpg.chip.jpg","68","male","64.50630950927734","male","-3.49","69.2","male","1.20","60.7998161315918","male","-7.20"
"26_0_2_20170116182459791.jpg.chip.jpg","26","male","","","","16","male","-10.00","22.487977981567383","male","-3.51"
"28_1_1_20170112220225407.jpg.chip.jpg","28","female","","","","29.3","female","1.30","23.647747039794922","female","-4.35"
"29_0_0_20170117094750881.jpg.chip.jpg","29","male","","","","28.6","male","-0.40","27.53708267211914","male","-1.46"
"30_0_0_20170117130634587.jpg.chip.jpg","30","male","","","","28.5","male","-1.50","34.711082458496094","male","4.71"
"75_1_0_20170120230123756.jpg.chip.jpg","75","female","","","","69.2","male","-5.80","76.41439056396484","female","1.41"
"78_0_0_20170111223832508.jpg.chip.jpg","78","male","79.30394744873047","male","1.30","68.9","","-9.10","85.20455169677734","male","7.20"
"27_1_1_20170112213549597.jpg.chip.jpg","27","female","","","","23.4","","-3.60","27.470928192138672","female","0.47"
"4_1_3_20161220222145586.jpg.chip.jpg","4","female","","","","9.1","female","5.10","4.619170188903809","male","0.62"
"24_1_2_20170116174409602.jpg.chip.jpg","24","female","14.397675514221191","female","-9.60","23.5","female","-0.50","11.14309024810791","female","-12.86"
"73_0_0_20170111221837125.jpg.chip.jpg","73","male","","","","48.7","male","-24.30","64.51213073730469","male","-8.49"
"2_1_2_20161219141047001.jpg.chip.jpg","2","female","1.0878064632415771","female","-0.91","","female","","1.1158061027526855","female","-0.88"
"35_0_1_20170114034617407.jpg.chip.jpg","35","male","","","","29.4","male","-5.60","32.91353988647461","male","-2.09"
"26_1_2_20170116184443484.jpg.chip.jpg","26","female","25.598358154296875","female","-0.40","29.8","female","3.80","28.571250915527344","female","2.57"
"56_1_0_20170110141114577.jpg.chip.jpg","56","female","","","","68.9","female","12.90","54.83620071411133","female","-1.16"
"58_0_2_20170104212958196.jpg.chip.jpg","58","male","59.4583854675293","male","1.46","69.2","male","11.20","56.67385482788086","male","-1.33"
"37_0_0_20170104205709259.jpg.chip.jpg","37","male","","","","29.2","male","-7.80","50.834903717041016","male","13.83"
"26_0_1_20170116205647025.jpg.chip.jpg","26","male","","","","28.7","male","2.70","22.444259643554688","male","-3.56"
"1_0_2_20161219194800523.jpg.chip.jpg","1","male","","","","16","female","15.00","1.285280704498291","female","0.29"
"26_0_3_20170119162933629.jpg.chip.jpg","26","male","","","","28.7","male","2.70","26.466787338256836","male","0.47"
"26_1_2_20170104015910819.jpg.chip.jpg","26","female","","","","16.1","female","-9.90","17.484481811523438","female","-8.52"
"58_0_0_20170117191805986.jpg.chip.jpg","58","male","","","","48.5","male","-9.50","58.05154037475586","male","0.05"
"24_0_0_20170117150006042.jpg.chip.jpg","24","male","","","","28.5","male","4.50","27.62236213684082","male","3.62"
"23_1_2_20170116173103304.jpg.chip.jpg","23","female","24.95794105529785","female","1.96","29.5","female","6.50","23.819700241088867","female","0.82"
"17_1_0_20170105183400255.jpg.chip.jpg","17","female","","","","28.7","female","11.70","26.823810577392578","female","9.82"
"35_1_3_20170117182841270.jpg.chip.jpg","35","female","","","","29.3","female","-5.70","33.468101501464844","female","-1.53"
"14_0_2_20170103201051263.jpg.chip.jpg","14","male","7.612985134124756","male","-6.39","9.3","","-4.70","8.843588829040527","male","-5.16"
"34_0_1_20170113173021417.jpg.chip.jpg","34","male","","","","28.7","male","-5.30","33.6823844909668","male","-0.32"
"28_1_3_20170104221016727.jpg.chip.jpg","28","female","","","","29.2","","1.20","23.576499938964844","female","-4.42"
"25_1_3_20170119171956657.jpg.chip.jpg","25","female","","","","28.7","female","3.70","22.762001037597656","female","-2.24"
"30_0_0_20170117000350509.jpg.chip.jpg","30","male","25.342466354370117","male","-4.66","28.7","male","-1.30","26.411283493041992","male","-3.59"
"78_0_0_20170111221840478.jpg.chip.jpg","78","male","","","","58.5","male","-19.50","69.60670471191406","male","-8.39"
"25_1_0_20170117140418545.jpg.chip.jpg","25","female","","","","35.6","female","10.60","24.319265365600586","female","-0.68"
"28_0_3_20170119194808322.jpg.chip.jpg","28","male","","","","28.7","male","0.70","27.87702751159668","male","-0.12"
"31_0_1_20170117135430980.jpg.chip.jpg","31","male","","","","29.3","male","-1.70","","",""
"24_0_1_20170113132717504.jpg.chip.jpg","24","male","","","","23.6","male","-0.40","26.757266998291016","male","2.76"
"48_1_0_20170109220544479.jpg.chip.jpg","48","female","53.468894958496094","female","5.47","29.2","female","-18.80","50.569740295410156","female","2.57"
"23_0_1_20170113133908465.jpg.chip.jpg","23","male","","","","28.6","male","5.60","18.699859619140625","male","-4.30"
"26_1_3_20170117174106166.jpg.chip.jpg","26","female","","","","29.5","female","3.50","22.955089569091797","female","-3.04"
"25_0_3_20170104214432805.jpg.chip.jpg","25","male","31.15879249572754","male","6.16","28.7","male","3.70","27.15562629699707","male","2.16"
"36_0_0_20170109003426572.jpg.chip.jpg","36","male","","","","28.5","male","-7.50","28.13836669921875","male","-7.86"
"28_0_0_20170117180236154.jpg.chip.jpg","28","male","33.08824157714844","male","5.09","28.5","male","0.50","35.32107162475586","male","7.32"
"36_1_1_20170113001658573.jpg.chip.jpg","36","female","","","","29.4","female","-6.60","31.01573944091797","female","-4.98"
"26_0_3_20170117153613636.jpg.chip.jpg","26","male","","","","28.6","male","2.60","29.07303810119629","male","3.07"
"11_0_3_20170104013250186.jpg.chip.jpg","11","male","","","","29.3","male","18.30","14.274056434631348","male","3.27"
"72_1_0_20170110184007710.jpg.chip.jpg","72","female","","","","29.2","female","-42.80","61.60226058959961","female","-10.40"
"18_0_4_20170103234736836.jpg.chip.jpg","18","male","","","","28.8","male","10.80","17.71314239501953","male","-0.29"
"28_1_3_20170119204506255.jpg.chip.jpg","28","female","","","","28.7","female","0.70","22.699562072753906","female","-5.30"
"14_0_2_20170104012412945.jpg.chip.jpg","14","male","","","","16.1","","2.10","13.24830436706543","male","-0.75"
"26_1_4_20170117201452666.jpg.chip.jpg","26","female","","","","29.2","female","3.20","39.137874603271484","female","13.14"
"27_1_2_20161219192627707.jpg.chip.jpg","27","female","16.398622512817383","female","-10.60","16.2","female","-10.80","14.02227783203125","female","-12.98"
"18_0_1_20170117140107728.jpg.chip.jpg","18","male","21.448392868041992","male","3.45","38.7","male","20.70","25.73044776916504","male","7.73"
"22_1_4_20170103223216583.jpg.chip.jpg","22","female","25.627714157104492","female","3.63","23.7","female","1.70","26.080564498901367","female","4.08"
"5_1_2_20161219204056708.jpg.chip.jpg","5","female","3.568678379058838","male","-1.43","","male","","3.1398396492004395","female","-1.86"
"35_0_2_20170116191758774.jpg.chip.jpg","35","male","","","","29.4","","-5.60","30.636133193969727","male","-4.36"
"1_1_0_20170109193726686.jpg.chip.jpg","1","female","0.8570685982704163","female","-0.14","","","","1.1295814514160156","female","0.13"
"46_0_3_20170104220249837.jpg.chip.jpg","46","male","","","","28.8","male","-17.20","28.739110946655273","male","-17.26"
"27_1_1_20170117193211345.jpg.chip.jpg","27","female","","","","28.8","female","1.80","28.61122703552246","female","1.61"
"6_1_0_20170109204600139.jpg.chip.jpg","6","female","5.146476745605469","female","-0.85","8.5","female","2.50","4.882035732269287","female","-1.12"
"47_1_1_20170116160640036.jpg.chip.jpg","47","female","","","","29.4","male","-17.60","44.46910095214844","female","-2.53"
"1_0_2_20161219205717701.jpg.chip.jpg","1","male","1.0256104469299316","male","0.03","","","","1.1176843643188477","male","0.12"
"26_0_0_20170117200152694.jpg.chip.jpg","26","male","","","","38.8","male","12.80","39.47044372558594","male","13.47"
"26_1_4_20170117153657309.jpg.chip.jpg","26","female","","","","28.6","female","2.60","26.099899291992188","female","0.10"
"37_1_0_20170104181525205.jpg.chip.jpg","37","female","","","","29.1","female","-7.90","28.398019790649414","female","-8.60"
"67_0_2_20170112224629884.jpg.chip.jpg","67","male","","","","39","male","-28.00","60.46565628051758","male","-6.53"
"47_0_0_20170117195457344.jpg.chip.jpg","47","male","","","","29.3","male","-17.70","41.567745208740234","male","-5.43"
"43_0_2_20170116192612780.jpg.chip.jpg","43","male","","","","38.8","male","-4.20","55.57777786254883","male","12.58"
"54_0_3_20170105173505798.jpg.chip.jpg","54","male","","","","29","","-25.00","64.9011459350586","male","10.90"
"24_1_1_20170116162121188.jpg.chip.jpg","24","female","","","","28.8","female","4.80","25.520193099975586","female","1.52"
"45_0_0_20170108235329396.jpg.chip.jpg","45","male","","","","28.7","male","-16.30","41.279380798339844","male","-3.72"
"1_1_4_20161221202050009.jpg.chip.jpg","1","female","0.7052788734436035","female","-0.29","","","","1.5272235870361328","female","0.53"
"47_0_0_20170109010730191.jpg.chip.jpg","47","male","","","","39.4","male","-7.60","44.832515716552734","male","-2.17"
"26_0_4_20170117153404221.jpg.chip.jpg","26","male","","","","28.7","male","2.70","41.100345611572266","male","15.10"
"7_1_1_20170116225209209.jpg.chip.jpg","7","female","11.525547981262207","male","4.53","28.8","male","21.80","8.952790260314941","male","1.95"
"32_0_1_20170116194843970.jpg.chip.jpg","32","male","30.991945266723633","male","-1.01","20.6","male","-11.40","24.883808135986328","male","-7.12"
"38_1_2_20170109132801338.jpg.chip.jpg","38","female","33.94144821166992","female","-4.06","28.9","female","-9.10","34.38357925415039","female","-3.62"
"24_1_3_20170117145627980.jpg.chip.jpg","24","female","","","","29.4","female","5.40","21.92396354675293","female","-2.08"
"26_1_2_20170116184702571.jpg.chip.jpg","26","female","","","","29.6","female","3.60","25.2911434173584","female","-0.71"
"19_0_4_20170103201854223.jpg.chip.jpg","19","male","21.826461791992188","male","2.83","28.5","male","9.50","22.159347534179688","male","3.16"
"21_0_4_20170114030756751.jpg.chip.jpg","21","male","21.82488250732422","male","0.82","20.5","male","-0.50","20.171173095703125","male","-0.83"
"54_0_0_20170117190339460.jpg.chip.jpg","54","male","57.23761749267578","male","3.24","48.7","male","-5.30","56.47124481201172","male","2.47"
"70_1_0_20170110141123329.jpg.chip.jpg","70","female","73.55023193359375","female","3.55","69.2","female","-0.80","70.09205627441406","female","0.09"
"55_0_3_20170119194918107.jpg.chip.jpg","55","male","","","","38.7","male","-16.30","38.83328628540039","male","-16.17"
"5_0_3_20161220223210595.jpg.chip.jpg","5","male","7.346424579620361","male","2.35","8.1","","3.10","6.701885223388672","male","1.70"
"32_0_4_20170105175534654.jpg.chip.jpg","32","male","","","","34.3","male","2.30","36.55434036254883","male","4.55"
"80_1_0_20170120223534893.jpg.chip.jpg","80","female","","","","69.1","male","-10.90","78.63882446289062","female","-1.36"
"70_1_0_20170117175535700.jpg.chip.jpg","70","female","","","","69.2","male","-0.80","67.7166748046875","female","-2.28"
"9_0_0_20170110220148443.jpg.chip.jpg","9","male","","","","8.6","male","-0.40","6.246496200561523","male","-2.75"
"27_0_1_20170117010204286.jpg.chip.jpg","27","male","","","","28.6","male","1.60","35.920841217041016","male","8.92"
"17_0_1_20170117103419741.jpg.chip.jpg","17","male","","","","28.8","male","11.80","23.61486053466797","male","6.61"
"25_0_1_20170116002246923.jpg.chip.jpg","25","male","","","","23.9","male","-1.10","26.296329498291016","male","1.30"
"28_1_2_20170116164649902.jpg.chip.jpg","28","female","","","","16.3","female","-11.70","19.309885025024414","female","-8.69"
"53_1_0_20170116184028385.jpg.chip.jpg","53","female","","","","39.2","female","-13.80","56.49524688720703","female","3.50"
"25_1_0_20170112235132967.jpg.chip.jpg","25","female","25.015380859375","female","0.02","28.6","female","3.60","25.179548263549805","female","0.18"
"1_0_2_20161219193938507.jpg.chip.jpg","1","male","","","","","female","","1.1332716941833496","male","0.13"
"41_0_1_20170117154304986.jpg.chip.jpg","41","male","45.40190887451172","male","4.40","34.4","male","-6.60","46.776512145996094","male","5.78"
"85_1_0_20170120225733929.jpg.chip.jpg","85","female","79.36389923095703","female","-5.64","69.1","female","-15.90","80.37074279785156","female","-4.63"
"38_0_4_20170104174520099.jpg.chip.jpg","38","male","","","","38.9","male","0.90","39.923858642578125","male","1.92"
"45_0_3_20170119171404704.jpg.chip.jpg","45","male","","","","39.2","male","-5.80","40.589481353759766","male","-4.41"
"7_1_2_20161219160327198.jpg.chip.jpg","7","female","5.2686896324157715","female","-1.73","16.2","female","9.20","6.2262492179870605","female","-0.77"
"41_0_2_20170104212909860.jpg.chip.jpg","41","male","42.2178840637207","male","1.22","39","male","-2.00","42.4294319152832","male","1.43"
"53_0_0_20170113184718824.jpg.chip.jpg","53","male","","","","39.3","male","-13.70","52.36942672729492","male","-0.63"
"68_0_0_20170105174949806.jpg.chip.jpg","68","male","","","","38.8","male","-29.20","64.37712860107422","male","-3.62"
"101_1_2_20170105174739309.jpg.chip.jpg","101","female","","","","29.1","male","-71.90","85.19969940185547","female","-15.80"
"32_0_4_20170117203105065.jpg.chip.jpg","32","male","38.60722732543945","male","6.61","28.7","male","-3.30","32.446922302246094","male","0.45"
"32_0_2_20170116164447916.jpg.chip.jpg","32","male","","","","28.9","male","-3.10","50.00188064575195","male","18.00"
"42_0_0_20170117154810113.jpg.chip.jpg","42","male","58.24840545654297","male","16.25","38.6","male","-3.40","55.82896041870117","male","13.83"
"26_0_3_20170119183830982.jpg.chip.jpg","26","male","","","","28.8","male","2.80","29.361539840698242","male","3.36"
"32_0_0_20170117133445162.jpg.chip.jpg","32","male","","","","38.7","male","6.70","38.4400520324707","male","6.44"
"48_0_0_20170117140153107.jpg.chip.jpg","48","male","","","","44.4","male","-3.60","52.37342834472656","male","4.37"
"29_1_4_20170104165318736.jpg.chip.jpg","29","female","32.54310989379883","female","3.54","29.3","female","0.30","32.500518798828125","female","3.50"
"21_0_1_20170114030009371.jpg.chip.jpg","21","male","32.4722785949707","male","11.47","28.7","male","7.70","30.017229080200195","male","9.02"
"80_0_2_20170111201008732.jpg.chip.jpg","80","male","83.87316131591797","male","3.87","69.2","male","-10.80","81.66321563720703","male","1.66"
"26_0_1_20170116143057934.jpg.chip.jpg","26","male","","","","38.7","male","12.70","29.66349220275879","male","3.66"
"28_0_4_20170109002937845.jpg.chip.jpg","28","male","","","","28.7","male","0.70","25.634634017944336","male","-2.37"
"26_0_3_20170117154505758.jpg.chip.jpg","26","male","","","","28.6","male","2.60","31.050466537475586","male","5.05"
"30_1_2_20170116163642750.jpg.chip.jpg","30","female","22.758392333984375","female","-7.24","16.2","female","-13.80","21.058265686035156","female","-8.94"
"58_1_0_20170109015222209.jpg.chip.jpg","58","female","","","","29","female","-29.00","51.96983337402344","female","-6.03"
"32_1_0_20170116222131069.jpg.chip.jpg","32","female","45.261470794677734","female","13.26","38.7","female","6.70","44.9597053527832","female","12.96"
"24_1_2_20170116173414881.jpg.chip.jpg","24","female","","","","28.9","female","4.90","23.681209564208984","female","-0.32"
"8_1_0_20170109202254541.jpg.chip.jpg","8","female","19.218477249145508","female","11.22","16.4","female","8.40","18.243789672851562","female","10.24"
"23_0_1_20170113133855489.jpg.chip.jpg","23","male","22.346342086791992","male","-0.65","28.6","male","5.60","23.429645538330078","male","0.43"
"38_1_0_20170117184900263.jpg.chip.jpg","38","female","","","","29.4","female","-8.60","38.46144485473633","female","0.46"
"28_0_3_20170119144359718.jpg.chip.jpg","28","male","22.457056045532227","female","-5.54","28.5","female","0.50","22.471954345703125","female","-5.53"
"56_1_0_20170110131907975.jpg.chip.jpg","56","female","55.27919006347656","female","-0.72","38.6","female","-17.40","56.85541534423828","female","0.86"
"41_0_0_20170104202153954.jpg.chip.jpg","41","male","","","","28.6","male","-12.40","40.188045501708984","male","-0.81"
"29_1_1_20170112235112993.jpg.chip.jpg","29","female","31.038000106811523","female","2.04","23.6","female","-5.40","30.251752853393555","female","1.25"
"24_1_1_20170115235712285.jpg.chip.jpg","24","female","","","","29.3","male","5.30","26.917911529541016","female","2.92"
"63_0_0_20170105180928702.jpg.chip.jpg","63","male","","","","69.3","male","6.30","77.00724029541016","male","14.01"
"62_0_1_20170113182604718.jpg.chip.jpg","62","male","","","","38.8","male","-23.20","49.68008041381836","male","-12.32"
"45_1_0_20170117135048155.jpg.chip.jpg","45","female","53.91659927368164","female","8.92","38.7","male","-6.30","49.81249237060547","male","4.81"
"9_0_0_20170110220016235.jpg.chip.jpg","9","male","","","","29.2","male","20.20","8.339125633239746","male","-0.66"
"2_1_2_20161219141042280.jpg.chip.jpg","2","female","1.339572787284851","male","-0.66","","female","","1.8396928310394287","male","-0.16"
"9_0_2_20170110220429818.jpg.chip.jpg","9","male","7.037099361419678","male","-1.96","16.1","","7.10","5.373189449310303","female","-3.63"
"30_1_2_20170116162557654.jpg.chip.jpg","30","female","","","","16.2","female","-13.80","29.279117584228516","female","-0.72"
"56_0_0_20170111201122422.jpg.chip.jpg","56","male","","","","38.8","male","-17.20","64.64773559570312","male","8.65"
"8_0_0_20170103201932624.jpg.chip.jpg","8","male","9.387275695800781","male","1.39","8.7","male","0.70","8.140236854553223","male","0.14"
"38_0_0_20170103183142330.jpg.chip.jpg","38","male","","","","38.7","male","0.70","45.7038688659668","male","7.70"
"43_0_0_20170104210618508.jpg.chip.jpg","43","male","","","","39.3","male","-3.70","46.76470184326172","male","3.76"
"30_0_0_20170117130615780.jpg.chip.jpg","30","male","","","","39.3","male","9.30","34.20914840698242","male","4.21"
"16_1_0_20170109214605824.jpg.chip.jpg","16","female","","","","16.3","female","0.30","18.127229690551758","female","2.13"
"8_1_0_20170109202748999.jpg.chip.jpg","8","female","8.598295211791992","female","0.60","28.7","female","20.70","7.44622278213501","female","-0.55"
"61_1_3_20170119211928409.jpg.chip.jpg","61","female","71.3272476196289","male","10.33","69.2","male","8.20","72.87876892089844","male","11.88"
"60_1_0_20170117174613438.jpg.chip.jpg","60","female","","","","44.4","male","-15.60","54.92847442626953","male","-5.07"
"14_1_0_20170109203638205.jpg.chip.jpg","14","female","","","","9","female","-5.00","10.39034366607666","female","-3.61"
"24_1_0_20170104021019292.jpg.chip.jpg","24","female","","","","30.4","female","6.40","26.161043167114258","female","2.16"
"17_1_0_20170109213559869.jpg.chip.jpg","17","female","","","","28.7","female","11.70","12.40636157989502","female","-4.59"
"26_1_0_20170117173557316.jpg.chip.jpg","26","female","","","","29.3","female","3.30","33.81324005126953","female","7.81"
"65_1_0_20170110122721426.jpg.chip.jpg","65","female","","","","48.8","female","-16.20","57.94686508178711","female","-7.05"
"25_0_0_20170117135059549.jpg.chip.jpg","25","male","","","","21.6","male","-3.40","20.424558639526367","male","-4.58"
"35_0_3_20170117152630820.jpg.chip.jpg","35","male","","","","38.7","male","3.70","32.42498779296875","male","-2.58"
"30_0_0_20170117130654291.jpg.chip.jpg","30","male","","","","29.3","male","-0.70","33.47911071777344","male","3.48"
"8_1_0_20170109203241741.jpg.chip.jpg","8","female","","","","8.6","female","0.60","5.661086559295654","female","-2.34"
"22_1_3_20170104222612607.jpg.chip.jpg","22","female","","","","29.3","","7.30","25.309629440307617","female","3.31"
"26_0_0_20170117003329930.jpg.chip.jpg","26","male","","","","29.3","male","3.30","20.86707305908203","male","-5.13"
"54_1_0_20170104184901670.jpg.chip.jpg","54","female","","","","29.2","male","-24.80","56.48169708251953","male","2.48"
"40_0_2_20170104192449111.jpg.chip.jpg","40","male","","","","39.1","male","-0.90","37.164302825927734","male","-2.84"
"66_0_1_20170117195116702.jpg.chip.jpg","66","male","","","","58.7","male","-7.30","68.18693542480469","male","2.19"
"32_0_2_20170116221122729.jpg.chip.jpg","32","male","30.969322204589844","male","-1.03","29.3","male","-2.70","31.682552337646484","male","-0.32"
"40_0_3_20170119205959119.jpg.chip.jpg","40","male","","","","28.5","male","-11.50","33.40631866455078","male","-6.59"
"16_0_0_20170110231533988.jpg.chip.jpg","16","male","18.450775146484375","male","2.45","20.5","male","4.50","18.107624053955078","male","2.11"
"28_0_0_20170117180529832.jpg.chip.jpg","28","male","28.365652084350586","male","0.37","28.5","male","0.50","32.343441009521484","male","4.34"
"78_1_0_20170110181616162.jpg.chip.jpg","78","female","81.52671813964844","female","3.53","69.1","female","-8.90","78.81293487548828","female","0.81"
"40_1_0_20170108234357077.jpg.chip.jpg","40","female","","","","38.9","male","-1.10","37.564544677734375","female","-2.44"
"30_1_0_20170117171346533.jpg.chip.jpg","30","female","","","","29.5","female","-0.50","33.823936462402344","female","3.82"
"34_0_0_20170105183623375.jpg.chip.jpg","34","male","","","","39.3","male","5.30","37.6177978515625","male","3.62"
"46_0_1_20170111200735373.jpg.chip.jpg","46","male","","","","44.4","male","-1.60","56.376220703125","male","10.38"
"26_0_0_20170104170627658.jpg.chip.jpg","26","male","","","","29.2","male","3.20","54.69989776611328","male","28.70"
"26_1_4_20170117200341157.jpg.chip.jpg","26","female","","","","29.3","female","3.30","28.610063552856445","female","2.61"
"1_0_2_20161219161941534.jpg.chip.jpg","1","male","","","","29.2","male","28.20","","",""
"36_0_1_20170113184204256.jpg.chip.jpg","36","male","39.621543884277344","male","3.62","39.3","male","3.30","44.311527252197266","male","8.31"
"28_1_1_20170112233537928.jpg.chip.jpg","28","female","26.348859786987305","female","-1.65","28.8","female","0.80","25.449251174926758","female","-2.55"
"15_1_1_20170109214142778.jpg.chip.jpg","15","female","30.877243041992188","male","15.88","29.3","male","14.30","30.851360321044922","male","15.85"
"31_1_1_20170117171933533.jpg.chip.jpg","31","female","","","","29.4","female","-1.60","25.240018844604492","female","-5.76"
"35_0_1_20170117173329389.jpg.chip.jpg","35","male","37.920230865478516","male","2.92","23.8","male","-11.20","37.30130386352539","male","2.30"
"27_0_1_20170117010459432.jpg.chip.jpg","27","male","","","","23.6","male","-3.40","28.80832862854004","male","1.81"
"25_1_0_20170117134403373.jpg.chip.jpg","25","female","","","","29.5","female","4.50","24.397748947143555","female","-0.60"
"8_0_3_20170104230740713.jpg.chip.jpg","8","male","5.781810283660889","female","-2.22","8.5","male","0.50","6.778754234313965","male","-1.22"
"99_1_0_20170113013141679.jpg.chip.jpg","99","female","","","","69.2","female","-29.80","80.59988403320312","female","-18.40"
"26_0_0_20170117172928270.jpg.chip.jpg","26","male","","","","28.5","male","2.50","23.013721466064453","male","-2.99"
"27_1_0_20170117175942220.jpg.chip.jpg","27","female","46.90241241455078","female","19.90","48.7","female","21.70","44.25621032714844","female","17.26"
"1_0_3_20161219230224536.jpg.chip.jpg","1","male","","","","","female","","1.131693720817566","female","0.13"
"57_0_1_20170117164415527.jpg.chip.jpg","57","male","","","","34.3","male","-22.70","","",""
"28_1_1_20170117022248705.jpg.chip.jpg","28","female","33.19795227050781","female","5.20","28.7","female","0.70","31.764307022094727","female","3.76"
"60_0_1_20170111171747543.jpg.chip.jpg","60","male","","","","39.2","male","-20.80","41.74778366088867","male","-18.25"
"30_0_1_20170117130035831.jpg.chip.jpg","30","male","33.30858612060547","male","3.31","28.5","male","-1.50","32.22319030761719","male","2.22"
"40_1_0_20170104192805191.jpg.chip.jpg","40","female","","","","39","female","-1.00","48.49229049682617","female","8.49"
"24_0_2_20170116162912973.jpg.chip.jpg","24","male","","","","16.5","male","-7.50","17.42487144470215","male","-6.58"
"4_1_0_20170109192308345.jpg.chip.jpg","4","female","2.0143728256225586","male","-1.99","","","","2.5945065021514893","male","-1.41"
"18_1_2_20170105183417710.jpg.chip.jpg","18","female","19.23146629333496","female","1.23","29","female","11.00","18.875694274902344","female","0.88"
"24_1_0_20170117191400699.jpg.chip.jpg","24","female","","","","29.2","female","5.20","38.17963409423828","female","14.18"
"2_0_2_20161219151420756.jpg.chip.jpg","2","male","","","","","","","1.3111196756362915","male","-0.69"
"43_0_0_20170104181239741.jpg.chip.jpg","43","male","","","","38.8","male","-4.20","42.50246047973633","male","-0.50"
"32_1_3_20170109134440488.jpg.chip.jpg","32","female","17.05838966369629","male","-14.94","28.9","male","-3.10","19.647472381591797","male","-12.35"
"62_1_0_20170110173800240.jpg.chip.jpg","62","female","64.35511016845703","female","2.36","69.1","female","7.10","62.61666488647461","female","0.62"
"5_0_1_20170103205158426.jpg.chip.jpg","5","male","","","","4","","-1.00","5.881094932556152","male","0.88"
"46_1_0_20170105172747597.jpg.chip.jpg","46","female","","","","29.2","","-16.80","49.9028205871582","female","3.90"
"28_1_2_20170116162611736.jpg.chip.jpg","28","female","","","","28.7","female","0.70","24.270824432373047","female","-3.73"
"54_1_0_20170103180708902.jpg.chip.jpg","54","female","","","","29.1","female","-24.90","56.66788864135742","female","2.67"
"50_1_1_20170114030118769.jpg.chip.jpg","50","female","","","","28.9","female","-21.10","33.34935760498047","female","-16.65"
"28_1_2_20170116170001611.jpg.chip.jpg","28","female","","","","29.4","female","1.40","26.331796646118164","female","-1.67"
"26_1_1_20170116153221266.jpg.chip.jpg","26","female","","","","28.8","female","2.80","28.2554931640625","female","2.26"
"38_1_0_20170104192820567.jpg.chip.jpg","38","female","43.37417984008789","female","5.37","29.4","female","-8.60","44.29948425292969","female","6.30"
"36_0_0_20170117163349597.jpg.chip.jpg","36","male","","","","29.2","male","-6.80","42.595218658447266","male","6.60"
"54_0_0_20170104002216792.jpg.chip.jpg","54","male","","","","38.8","male","-15.20","58.602508544921875","male","4.60"
"29_0_0_20170114033106398.jpg.chip.jpg","29","male","22.973493576049805","male","-6.03","28.4","male","-0.60","23.601043701171875","male","-5.40"
"26_0_1_20170116025854980.jpg.chip.jpg","26","male","29.43754768371582","male","3.44","33.6","male","7.60","36.328922271728516","male","10.33"
"65_0_1_20170111171747640.jpg.chip.jpg","65","male","","","","29.3","male","-35.70","63.31801223754883","male","-1.68"
"43_0_0_20170117204018328.jpg.chip.jpg","43","male","","","","43.7","male","0.70","48.49226379394531","male","5.49"
"42_1_1_20170113135411027.jpg.chip.jpg","42","female","","","","29.3","male","-12.70","30.863157272338867","male","-11.14"
"30_0_3_20170117130930922.jpg.chip.jpg","30","male","30.276453018188477","male","0.28","38.7","male","8.70","29.966073989868164","male","-0.03"
"58_0_0_20170109012537557.jpg.chip.jpg","58","male","","","","39.1","male","-18.90","56.932823181152344","male","-1.07"
"24_1_2_20170116172739067.jpg.chip.jpg","24","female","","","","29.4","female","5.40","29.394187927246094","female","5.39"
"35_0_1_20170117151527396.jpg.chip.jpg","35","male","33.529014587402344","male","-1.47","23.5","male","-11.50","33.00050354003906","male","-2.00"
"39_0_0_20170117154233939.jpg.chip.jpg","39","male","","","","38.9","male","-0.10","54.74408721923828","male","15.74"
"32_1_0_20170117022346459.jpg.chip.jpg","32","female","","","","29.6","female","-2.40","31.661540985107422","female","-0.34"
"1_0_3_20161219225032897.jpg.chip.jpg","1","male","","","","","female","","2.590880870819092","female","1.59"
"24_0_0_20170117194602044.jpg.chip.jpg","24","male","","","","28.7","male","4.70","23.15675926208496","male","-0.84"
"39_0_3_20170119203757237.jpg.chip.jpg","39","male","","","","38.8","male","-0.20","49.527801513671875","male","10.53"
"24_0_3_20170119165712654.jpg.chip.jpg","24","male","","","","29.2","male","5.20","32.559967041015625","male","8.56"
"26_0_1_20170113134812602.jpg.chip.jpg","26","male","","","","28.6","male","2.60","27.78239631652832","male","1.78"
"1_1_4_20170117192625477.jpg.chip.jpg","1","female","","","","","female","","0.7916906476020813","female","-0.21"
"29_0_0_20170104170138033.jpg.chip.jpg","29","male","","","","38.8","male","9.80","33.89307403564453","male","4.89"
"35_0_0_20170117182945085.jpg.chip.jpg","35","male","","","","33.7","male","-1.30","36.75022506713867","male","1.75"
"30_0_3_20170117123905973.jpg.chip.jpg","30","male","35.00882339477539","male","5.01","28.5","male","-1.50","33.70982360839844","male","3.71"
"28_0_0_20170117202525511.jpg.chip.jpg","28","male","","","","38.6","male","10.60","34.160762786865234","male","6.16"
"1_0_1_20170110213700642.jpg.chip.jpg","1","male","1.177211880683899","male","0.18","","","","1.0871992111206055","female","0.09"
"28_1_0_20170116211818606.jpg.chip.jpg","28","female","","","","29.1","female","1.10","33.92332077026367","female","5.92"
"26_0_0_20170117171750643.jpg.chip.jpg","26","male","","","","28.4","male","2.40","27.123798370361328","male","1.12"
"25_0_0_20170117133936015.jpg.chip.jpg","25","male","","","","28.3","male","3.30","26.750614166259766","male","1.75"
"25_1_2_20170116175248545.jpg.chip.jpg","25","female","","","","29.3","male","4.30","22.94740104675293","female","-2.05"
"25_1_1_20170116001921217.jpg.chip.jpg","25","female","","","","29.4","female","4.40","28.488128662109375","female","3.49"
"35_1_2_20170116184621951.jpg.chip.jpg","35","female","","","","29.3","female","-5.70","27.866735458374023","female","-7.13"
"56_0_3_20170119211644664.jpg.chip.jpg","56","male","","","","29.2","male","-26.80","62.24131774902344","male","6.24"
"11_0_0_20170110224340941.jpg.chip.jpg","11","male","15.292010307312012","male","4.29","29.2","male","18.20","13.22439193725586","male","2.22"
"31_1_1_20170116170019856.jpg.chip.jpg","31","female","","","","29.4","female","-1.60","27.804052352905273","female","-3.20"
"56_0_3_20170105180722614.jpg.chip.jpg","56","male","","","","29.1","male","-26.90","","",""
"62_1_0_20170110180546671.jpg.chip.jpg","62","female","76.08201599121094","female","14.08","48.7","female","-13.30","77.56913757324219","female","15.57"
"14_0_0_20170110232541244.jpg.chip.jpg","14","male","17.991954803466797","male","3.99","9.3","male","-4.70","16.01295280456543","male","2.01"
"26_1_3_20170119192110658.jpg.chip.jpg","26","female","","","","29.4","female","3.40","26.880599975585938","female","0.88"
"86_1_0_20170120134855602.jpg.chip.jpg","86","female","","","","69.1","female","-16.90","80.12396240234375","female","-5.88"
"24_1_1_20170116000700293.jpg.chip.jpg","24","female","","","","28.8","female","4.80","24.43608283996582","female","0.44"
"26_0_1_20170116200945526.jpg.chip.jpg","26","male","","","","33.6","male","7.60","","",""
"90_0_1_20170117195102223.jpg.chip.jpg","90","male","","","","58.3","male","-31.70","79.72023010253906","male","-10.28"
"15_1_0_20170103200925950.jpg.chip.jpg","15","female","10.262822151184082","female","-4.74","22.4","female","7.40","10.50398063659668","female","-4.50"
"40_1_0_20170117001103881.jpg.chip.jpg","40","female","","","","36.3","female","-3.70","28.571056365966797","female","-11.43"
"35_1_0_20170117170527907.jpg.chip.jpg","35","female","","","","28.8","female","-6.20","37.962745666503906","female","2.96"
"30_0_4_20170117194418932.jpg.chip.jpg","30","male","","","","29.3","female","-0.70","32.26668930053711","female","2.27"
"40_1_1_20170112234224866.jpg.chip.jpg","40","female","","","","29.4","female","-10.60","33.694252014160156","female","-6.31"
"40_1_2_20170116183042122.jpg.chip.jpg","40","female","","","","29.1","female","-10.90","56.06828308105469","female","16.07"
"28_0_3_20170119165902487.jpg.chip.jpg","28","male","","","","39.4","male","11.40","44.767024993896484","male","16.77"
"7_1_0_20170109192242639.jpg.chip.jpg","7","female","5.450852394104004","female","-1.55","8.8","female","1.80","4.3521728515625","female","-2.65"
"1_0_3_20161219225845336.jpg.chip.jpg","1","male","1.4445708990097046","female","0.44","","female","","1.3653004169464111","female","0.37"
"8_1_0_20170109205020218.jpg.chip.jpg","8","female","4.617441177368164","female","-3.38","","female","","5.860089302062988","female","-2.14"
"1_1_2_20161219193320219.jpg.chip.jpg","1","female","1.0807580947875977","male","0.08","","female","","1.3693733215332031","female","0.37"
"2_1_2_20161219161912078.jpg.chip.jpg","2","female","0.7466760277748108","female","-1.25","","","","0.9349399209022522","female","-1.07"
"35_1_0_20170105173525804.jpg.chip.jpg","35","female","","","","28.9","female","-6.10","29.914047241210938","female","-5.09"
"26_0_0_20170117173206140.jpg.chip.jpg","26","male","","","","28.5","male","2.50","31.119028091430664","male","5.12"
"28_1_2_20170104021739676.jpg.chip.jpg","28","female","24.711469650268555","female","-3.29","28.5","female","0.50","22.94933319091797","female","-5.05"
"24_1_3_20170104222402975.jpg.chip.jpg","24","female","","","","28.7","female","4.70","26.421876907348633","female","2.42"
"36_0_3_20170104204425324.jpg.chip.jpg","36","male","","","","39.2","male","3.20","41.86071014404297","male","5.86"
"30_0_0_20170117180449799.jpg.chip.jpg","30","male","","","","33.5","male","3.50","32.129215240478516","male","2.13"
"27_1_0_20170117120644558.jpg.chip.jpg","27","female","29.101551055908203","female","2.10","28.5","female","1.50","22.70561981201172","female","-4.29"
"74_0_0_20170111222222432.jpg.chip.jpg","74","male","76.74467468261719","male","2.74","58.6","male","-15.40","73.83979797363281","male","-0.16"
"1_1_0_20161219154506229.jpg.chip.jpg","1","female","","","","","male","","1.0775936841964722","female","0.08"
"28_0_0_20170117180153864.jpg.chip.jpg","28","male","","","","39.3","male","11.30","27.39495277404785","male","-0.61"
"35_0_0_20170120221029196.jpg.chip.jpg","35","male","","","","28.6","male","-6.40","38.10869216918945","male","3.11"
"40_0_0_20170116222342864.jpg.chip.jpg","40","male","42.74808120727539","male","2.75","38.6","male","-1.40","38.442020416259766","male","-1.56"
"28_0_0_20170117202358254.jpg.chip.jpg","28","male","","","","29.4","male","1.40","33.30610656738281","male","5.31"
"26_1_3_20170109134452703.jpg.chip.jpg","26","female","20.04627799987793","female","-5.95","28.5","female","2.50","20.54151725769043","female","-5.46"
"50_0_3_20170119203626302.jpg.chip.jpg","50","male","","","","38.8","male","-11.20","55.689796447753906","male","5.69"
"65_1_0_20170116220142214.jpg.chip.jpg","65","female","","","","29.1","female","-35.90","55.384010314941406","female","-9.62"
"19_1_3_20170119145633822.jpg.chip.jpg","19","female","","","","29","female","10.00","7.450385570526123","female","-11.55"
"25_1_0_20170117143952249.jpg.chip.jpg","25","female","","","","28.5","female","3.50","21.241729736328125","female","-3.76"
"28_0_0_20170103225936561.jpg.chip.jpg","28","male","","","","28.3","male","0.30","31.203947067260742","male","3.20"
"42_0_1_20170116193736397.jpg.chip.jpg","42","male","","","","34.3","male","-7.70","38.92451858520508","male","-3.08"
"18_1_0_20170109213414723.jpg.chip.jpg","18","female","20.44709587097168","female","2.45","23.5","female","5.50","19.903404235839844","female","1.90"
"30_1_0_20170117120237417.jpg.chip.jpg","30","female","","","","28.9","female","-1.10","41.021610260009766","female","11.02"
"36_0_4_20170117203502182.jpg.chip.jpg","36","male","","","","35.3","male","-0.70","55.35609436035156","male","19.36"
"25_1_2_20170104022753590.jpg.chip.jpg","25","female","","","","16.1","female","-8.90","21.011281967163086","female","-3.99"
"27_0_3_20170119193214716.jpg.chip.jpg","27","male","","","","38.8","male","11.80","45.67405319213867","male","18.67"
"28_1_0_20170119194946890.jpg.chip.jpg","28","female","","","","29.5","female","1.50","27.1820011138916","female","-0.82"
"2_0_2_20161219142335801.jpg.chip.jpg","2","male","","","","","female","","2.361175775527954","male","0.36"
"1_0_2_20170109191453449.jpg.chip.jpg","1","male","0.6875209808349609","female","-0.31","","female","","0.8889977335929871","female","-0.11"
"61_0_0_20170113185456409.jpg.chip.jpg","61","male","","","","69.1","male","8.10","66.0323257446289","male","5.03"
"85_1_0_20170110184040927.jpg.chip.jpg","85","female","80.09738159179688","female","-4.90","68.9","female","-16.10","78.53404235839844","male","-6.47"
"30_0_0_20170116221939722.jpg.chip.jpg","30","male","","","","38.6","male","8.60","36.25924301147461","male","6.26"
"23_1_2_20170105162514564.jpg.chip.jpg","23","female","","","","28.7","female","5.70","20.096960067749023","female","-2.90"
"35_1_0_20170117121555358.jpg.chip.jpg","35","female","15.494504928588867","female","-19.51","28.7","male","-6.30","27.30568504333496","female","-7.69"
"3_1_0_20170109192805549.jpg.chip.jpg","3","female","2.3070991039276123","female","-0.69","4","female","1.00","2.3070991039276123","female","-0.69"
"1_1_4_20161221201729160.jpg.chip.jpg","1","female","","","","","","","1.854844331741333","female","0.85"
"34_1_0_20170104235402171.jpg.chip.jpg","34","female","","","","28.7","female","-5.30","30.95981216430664","female","-3.04"
"25_0_0_20170116223144178.jpg.chip.jpg","25","male","","","","28.7","male","3.70","40.144004821777344","male","15.14"
"35_0_4_20170117121605150.jpg.chip.jpg","35","male","","","","28.8","male","-6.20","22.625564575195312","male","-12.37"
"25_1_1_20170116003309994.jpg.chip.jpg","25","female","21.9162540435791","female","-3.08","28.6","female","3.60","22.643373489379883","female","-2.36"
"28_0_3_20170119162759516.jpg.chip.jpg","28","male","28.50536346435547","male","0.51","28.7","male","0.70","26.17375373840332","male","-1.83"
"12_1_0_20170109214435512.jpg.chip.jpg","12","female","12.774771690368652","female","0.77","23.7","female","11.70","16.664758682250977","female","4.66"
"53_0_3_20170119201406708.jpg.chip.jpg","53","male","","","","29.3","male","-23.70","52.312313079833984","male","-0.69"
"9_0_0_20170110220232058.jpg.chip.jpg","9","male","12.06434154510498","female","3.06","9.2","female","0.20","10.858682632446289","female","1.86"
"25_0_0_20170116205006744.jpg.chip.jpg","25","male","26.425195693969727","male","1.43","28.7","male","3.70","30.342714309692383","male","5.34"
"26_1_4_20170116154322277.jpg.chip.jpg","26","female","","","","29.2","female","3.20","23.28763198852539","female","-2.71"
"31_0_2_20170116191320975.jpg.chip.jpg","31","male","","","","29.3","male","-1.70","21.023292541503906","male","-9.98"
"45_1_0_20170117170556859.jpg.chip.jpg","45","female","","","","36.4","female","-8.60","43.73173904418945","female","-1.27"
"65_0_3_20170105180657742.jpg.chip.jpg","65","male","","","","28.7","male","-36.30","64.61238861083984","male","-0.39"
"4_0_0_20170110213151504.jpg.chip.jpg","4","male","","","","8.8","female","4.80","4.251812934875488","male","0.25"
"21_1_0_20170117141734034.jpg.chip.jpg","21","female","","","","29.5","female","8.50","17.443096160888672","female","-3.56"
"4_0_0_20170110213547600.jpg.chip.jpg","4","male","","","","4","female","0.00","2.5274648666381836","male","-1.47"
"39_1_4_20170117203758344.jpg.chip.jpg","39","female","","","","39.3","male","0.30","42.63808822631836","male","3.64"
"9_1_2_20170104020210475.jpg.chip.jpg","9","female","","","","16","female","7.00","9.408284187316895","female","0.41"
"80_1_0_20170110141751087.jpg.chip.jpg","80","female","","","","38.7","female","-41.30","72.2480697631836","female","-7.75"
"26_1_1_20170116231832606.jpg.chip.jpg","26","female","","","","28.5","female","2.50","28.089990615844727","female","2.09"
"46_1_1_20170112211415996.jpg.chip.jpg","46","female","","","","29","female","-17.00","54.776084899902344","female","8.78"
"39_1_0_20170105003308781.jpg.chip.jpg","39","female","","","","29.3","female","-9.70","46.43059539794922","female","7.43"
"85_1_0_20170110184001159.jpg.chip.jpg","85","female","76.78337097167969","female","-8.22","63.3","female","-21.70","70.067626953125","female","-14.93"
"44_0_1_20170113142045653.jpg.chip.jpg","44","male","37.296390533447266","male","-6.70","33.6","male","-10.40","37.49502182006836","male","-6.50"
"56_0_0_20170113185507062.jpg.chip.jpg","56","male","","","","39.2","male","-16.80","63.15642166137695","male","7.16"
"66_0_0_20170109013237361.jpg.chip.jpg","66","male","","","","68.9","male","2.90","60.653350830078125","male","-5.35"
"61_0_0_20170120225230386.jpg.chip.jpg","61","male","","","","48.7","male","-12.30","55.069915771484375","male","-5.93"
"2_0_0_20170110211457583.jpg.chip.jpg","2","male","1.2938052415847778","male","-0.71","","","","1.442452073097229","male","-0.56"
"40_0_0_20170117152411165.jpg.chip.jpg","40","male","","","","38.6","male","-1.40","41.35688400268555","male","1.36"
"42_0_3_20170117154758183.jpg.chip.jpg","42","male","","","","38.8","male","-3.20","49.910457611083984","male","7.91"
"30_1_0_20170117143843323.jpg.chip.jpg","30","female","","","","23.7","female","-6.30","29.75212287902832","female","-0.25"
"17_1_3_20170104221840229.jpg.chip.jpg","17","female","","","","28.6","female","11.60","24.254745483398438","female","7.25"
"80_0_0_20170111211441005.jpg.chip.jpg","80","male","","","","59.3","male","-20.70","79.42656707763672","male","-0.57"
"35_1_1_20170117190443525.jpg.chip.jpg","35","female","","","","29.3","male","-5.70","","",""
"45_0_0_20170104205654636.jpg.chip.jpg","45","male","","","","39.2","male","-5.80","51.7898063659668","male","6.79"
"35_0_0_20170117134935863.jpg.chip.jpg","35","male","","","","39","male","4.00","44.413272857666016","male","9.41"
"59_0_1_20170117192104465.jpg.chip.jpg","59","male","","","","58.3","male","-0.70","67.64904022216797","male","8.65"
"45_1_0_20170117200902766.jpg.chip.jpg","45","female","","","","29.1","female","-15.90","53.86385726928711","female","8.86"
"24_1_4_20170103224705429.jpg.chip.jpg","24","female","","","","29.5","female","5.50","26.69059944152832","female","2.69"
"28_1_3_20170104232946267.jpg.chip.jpg","28","female","","","","28.6","female","0.60","25.583251953125","female","-2.42"
"34_0_1_20170117141355339.jpg.chip.jpg","34","male","40.67958068847656","male","6.68","39.3","male","5.30","42.12991714477539","male","8.13"
"38_1_0_20170104171602219.jpg.chip.jpg","38","female","","","","29.2","male","-8.80","72.39336395263672","female","34.39"
"18_1_2_20170109214034666.jpg.chip.jpg","18","female","","","","16.1","female","-1.90","16.62427520751953","female","-1.38"
"26_1_2_20170116233134701.jpg.chip.jpg","26","female","","","","29.1","","3.10","25.485780715942383","male","-0.51"
"53_0_0_20170104212413221.jpg.chip.jpg","53","male","59.39653015136719","male","6.40","39.1","male","-13.90","57.518558502197266","male","4.52"
"30_1_1_20170113000134250.jpg.chip.jpg","30","female","","","","28.7","female","-1.30","27.897836685180664","female","-2.10"
"5_0_4_20170103212624758.jpg.chip.jpg","5","male","","","","8.8","female","3.80","7.695288181304932","male","2.70"
"1_0_0_20161219162630727.jpg.chip.jpg","1","male","1.6195834875106812","male","0.62","","male","","2.223219871520996","male","1.22"
"35_0_1_20170113142523669.jpg.chip.jpg","35","male","","","","28.6","male","-6.40","28.232221603393555","male","-6.77"
"48_0_0_20170104184236333.jpg.chip.jpg","48","male","","","","39.2","male","-8.80","56.60971450805664","male","8.61"
"34_1_1_20170113001409411.jpg.chip.jpg","34","female","","","","16.2","female","-17.80","38.787925720214844","female","4.79"
"33_1_0_20170112211922374.jpg.chip.jpg","33","female","33.487548828125","female","0.49","28.8","female","-4.20","32.90585708618164","female","-0.09"
"26_1_0_20170117175240971.jpg.chip.jpg","26","female","","","","23.6","female","-2.40","22.635786056518555","female","-3.36"
"54_1_3_20170105001159796.jpg.chip.jpg","54","female","52.43039321899414","female","-1.57","39.2","female","-14.80","53.22464370727539","female","-0.78"
"37_0_2_20170119193342866.jpg.chip.jpg","37","male","","","","39.4","male","2.40","48.99339294433594","male","11.99"
"27_0_1_20170113133402529.jpg.chip.jpg","27","male","24.11585235595703","male","-2.88","28.6","male","1.60","24.463163375854492","male","-2.54"
"26_0_1_20170113133847367.jpg.chip.jpg","26","male","","","","28.9","male","2.90","26.130800247192383","male","0.13"
"12_1_2_20170103201240488.jpg.chip.jpg","12","female","10.295809745788574","female","-1.70","16.3","female","4.30","8.795082092285156","female","-3.20"
"73_0_1_20170117195325010.jpg.chip.jpg","73","male","61.58458709716797","male","-11.42","39.1","male","-33.90","61.43941116333008","male","-11.56"
"6_1_1_20170109192734062.jpg.chip.jpg","6","female","7.639472484588623","female","1.64","8.4","female","2.40","7.930296897888184","female","1.93"
"6_1_1_20170114031419410.jpg.chip.jpg","6","female","","","","8.9","male","2.90","5.914923191070557","female","-0.09"
"26_1_0_20170117154103821.jpg.chip.jpg","26","female","","","","29.4","female","3.40","30.13544273376465","female","4.14"
"1_0_2_20161219153457308.jpg.chip.jpg","1","male","1.1074128150939941","male","0.11","","","","0.9479566216468811","male","-0.05"
"24_1_2_20170104015713028.jpg.chip.jpg","24","female","16.810678482055664","female","-7.19","16.2","female","-7.80","16.693920135498047","female","-7.31"
"3_1_2_20161219141251896.jpg.chip.jpg","3","female","","","","","female","","1.7521451711654663","female","-1.25"
"6_0_0_20170110224828816.jpg.chip.jpg","6","male","","","","4","female","-2.00","2.1475439071655273","female","-3.85"
"75_1_0_20170120225350768.jpg.chip.jpg","75","female","","","","29.2","male","-45.80","72.6552505493164","female","-2.34"
"46_1_1_20170112211410525.jpg.chip.jpg","46","female","","","","29.2","female","-16.80","46.791290283203125","female","0.79"
"40_1_1_20170113012546137.jpg.chip.jpg","40","female","31.380512237548828","female","-8.62","29.5","female","-10.50","32.60028839111328","female","-7.40"
"1_0_2_20161219161831390.jpg.chip.jpg","1","male","","","","","male","","1.2813884019851685","female","0.28"
"84_1_4_20170105001517613.jpg.chip.jpg","84","female","73.16275024414062","female","-10.84","29.2","male","-54.80","66.25877380371094","female","-17.74"
"6_1_2_20161219151445563.jpg.chip.jpg","6","female","","","","16.1","female","10.10","5.569858551025391","female","-0.43"
"17_1_0_20170109213916364.jpg.chip.jpg","17","female","13.432391166687012","female","-3.57","16.5","female","-0.50","13.809603691101074","female","-3.19"
"28_0_0_20170116212026440.jpg.chip.jpg","28","male","","","","28.8","male","0.80","36.051513671875","male","8.05"
"32_0_1_20170113151546423.jpg.chip.jpg","32","male","24.324464797973633","male","-7.68","28.6","male","-3.40","28.005647659301758","male","-3.99"
"42_1_0_20170103182957410.jpg.chip.jpg","42","female","","","","38.8","male","-3.20","53.1187858581543","female","11.12"
"35_0_3_20170119201304861.jpg.chip.jpg","35","male","","","","38.6","male","3.60","41.03227996826172","male","6.03"
"34_1_1_20170116233652892.jpg.chip.jpg","34","female","","","","29.4","female","-4.60","31.359548568725586","female","-2.64"
"52_0_0_20170117161010863.jpg.chip.jpg","52","male","","","","58.3","male","6.30","67.20867156982422","male","15.21"
"23_0_3_20170119164006043.jpg.chip.jpg","23","male","25.65597915649414","male","2.66","28.6","male","5.60","22.302690505981445","male","-0.70"
"56_1_0_20170110131719553.jpg.chip.jpg","56","female","","","","29.2","female","-26.80","49.39830780029297","female","-6.60"
"36_0_1_20170117135812577.jpg.chip.jpg","36","male","38.90938949584961","male","2.91","39.3","male","3.30","41.27296829223633","male","5.27"
"40_0_1_20170113152055344.jpg.chip.jpg","40","male","","","","23.7","male","-16.30","30.958633422851562","male","-9.04"
"18_0_0_20170110232624418.jpg.chip.jpg","18","male","16.7166748046875","male","-1.28","16.5","female","-1.50","16.579914093017578","male","-1.42"
"70_1_0_20170120221601317.jpg.chip.jpg","70","female","78.63011932373047","female","8.63","69","male","-1.00","80.39659118652344","female","10.40"
"27_1_3_20170116200945357.jpg.chip.jpg","27","female","","","","28.9","female","1.90","23.44209861755371","female","-3.56"
"28_1_0_20170103182242233.jpg.chip.jpg","28","female","","","","36.4","female","8.40","39.24542236328125","female","11.25"
"35_0_1_20170116193834444.jpg.chip.jpg","35","male","","","","34.5","male","-0.50","44.68097686767578","male","9.68"
"2_1_0_20170109191548450.jpg.chip.jpg","2","female","1.697540044784546","female","-0.30","","female","","1.8871268033981323","female","-0.11"
"58_1_0_20170117154253562.jpg.chip.jpg","58","female","","","","49.3","male","-8.70","61.22140884399414","male","3.22"
"55_0_0_20170104212851085.jpg.chip.jpg","55","male","57.0439453125","male","2.04","39.2","male","-15.80","56.8955192565918","male","1.90"
"46_1_1_20170113012227505.jpg.chip.jpg","46","female","","","","29.4","female","-16.60","27.31998062133789","female","-18.68"
"29_0_4_20170104200625561.jpg.chip.jpg","29","male","","","","28.8","male","-0.20","33.981876373291016","male","4.98"
"28_1_0_20170104165233241.jpg.chip.jpg","28","female","","","","29.3","female","1.30","35.97795867919922","female","7.98"
"43_0_1_20170116205314288.jpg.chip.jpg","43","male","58.24247360229492","male","15.24","29.2","male","-13.80","54.363441467285156","male","11.36"
"26_1_0_20170103182456297.jpg.chip.jpg","26","female","","","","29.2","female","3.20","30.323116302490234","female","4.32"
"31_1_0_20170104181343268.jpg.chip.jpg","31","female","","","","38.7","female","7.70","46.477840423583984","female","15.48"
"34_0_3_20170119164614317.jpg.chip.jpg","34","male","","","","33.5","male","-0.50","39.23136901855469","male","5.23"
"23_0_1_20170113195548821.jpg.chip.jpg","23","male","52.64514923095703","male","29.65","34.4","male","11.40","54.1408576965332","male","31.14"
"22_0_1_20170113150443999.jpg.chip.jpg","22","male","24.643030166625977","male","2.64","20.4","male","-1.60","25.258222579956055","male","3.26"
"3_1_0_20170109190740324.jpg.chip.jpg","3","female","1.7166436910629272","female","-1.28","16.2","female","13.20","1.6568431854248047","female","-1.34"
"10_0_0_20170104013211746.jpg.chip.jpg","10","male","","","","9","male","-1.00","10.651933670043945","male","0.65"
"20_1_0_20170103175634288.jpg.chip.jpg","20","female","","","","23.7","female","3.70","24.777830123901367","female","4.78"
"24_0_1_20170116000614713.jpg.chip.jpg","24","male","21.166259765625","male","-2.83","28.5","male","4.50","19.892168045043945","male","-4.11"
"1_0_0_20161219222101551.jpg.chip.jpg","1","male","","","","","","","1.219423770904541","male","0.22"
"25_1_2_20170104015651372.jpg.chip.jpg","25","female","","","","29.6","female","4.60","23.18889617919922","female","-1.81"
"52_0_3_20170117190840617.jpg.chip.jpg","52","male","","","","44.3","male","-7.70","58.849143981933594","male","6.85"
"45_0_3_20170119201309141.jpg.chip.jpg","45","male","","","","29.3","male","-15.70","39.45355987548828","male","-5.55"
"54_1_0_20170103183742275.jpg.chip.jpg","54","female","","","","68.9","female","14.90","63.65294647216797","female","9.65"
"80_1_0_20170110155128293.jpg.chip.jpg","80","female","81.47313690185547","male","1.47","69.3","female","-10.70","84.49504089355469","female","4.50"
"26_0_3_20170119155839538.jpg.chip.jpg","26","male","26.229616165161133","male","0.23","28.8","male","2.80","29.293277740478516","male","3.29"
"36_0_0_20170117162925765.jpg.chip.jpg","36","male","31.573474884033203","male","-4.43","28.6","male","-7.40","32.808013916015625","male","-3.19"
"2_0_2_20161219141147608.jpg.chip.jpg","2","male","","","","16","female","14.00","1.290763020515442","male","-0.71"
"56_0_1_20170120222838627.jpg.chip.jpg","56","male","","","","29.3","","-26.70","65.19569396972656","male","9.20"
"24_0_0_20170116201407910.jpg.chip.jpg","24","male","","","","28.8","male","4.80","22.801298141479492","male","-1.20"
"26_0_3_20170117153919644.jpg.chip.jpg","26","male","","","","28.7","male","2.70","23.47408103942871","male","-2.53"
"26_0_2_20170104201313859.jpg.chip.jpg","26","male","","","","29","male","3.00","29.164505004882812","male","3.16"
"71_0_0_20170120225501322.jpg.chip.jpg","71","male","","","","69.2","female","-1.80","68.73036193847656","male","-2.27"
"1_0_3_20161220220358441.jpg.chip.jpg","1","male","","","","","","","0.9013002514839172","male","-0.10"
"69_1_0_20170110152957666.jpg.chip.jpg","69","female","65.44854736328125","female","-3.55","69.1","female","0.10","65.0671157836914","female","-3.93"
"53_1_0_20170109220402884.jpg.chip.jpg","53","female","","","","29.4","female","-23.60","45.94778823852539","female","-7.05"
"40_0_0_20170117135204149.jpg.chip.jpg","40","male","","","","39.3","male","-0.70","38.29937744140625","male","-1.70"
"70_1_0_20170110152919778.jpg.chip.jpg","70","female","","","","29.1","female","-40.90","56.536476135253906","female","-13.46"
"29_0_0_20170117180918673.jpg.chip.jpg","29","male","","","","32.5","male","3.50","31.459606170654297","male","2.46"
"54_0_3_20170119210125311.jpg.chip.jpg","54","male","","","","69.2","male","15.20","62.06394958496094","male","8.06"
"26_0_3_20170119180445972.jpg.chip.jpg","26","male","","","","29.3","male","3.30","","",""
"20_1_0_20170112231826743.jpg.chip.jpg","20","female","22.789918899536133","female","2.79","16.4","female","-3.60","22.120943069458008","female","2.12"
"24_1_2_20170116171531024.jpg.chip.jpg","24","female","","","","16.2","female","-7.80","22.682558059692383","female","-1.32"
"24_0_1_20170113134010217.jpg.chip.jpg","24","male","","","","28.8","male","4.80","18.44988250732422","male","-5.55"
"65_0_0_20170117161049678.jpg.chip.jpg","65","male","","","","38.9","male","-26.10","64.6304931640625","male","-0.37"
"32_0_0_20170116182638639.jpg.chip.jpg","32","male","","","","38.7","male","6.70","40.20017623901367","male","8.20"
"26_0_1_20170116231231576.jpg.chip.jpg","26","male","","","","28.5","male","2.50","22.47027015686035","male","-3.53"
"16_1_3_20170104223040239.jpg.chip.jpg","16","female","","","","9","female","-7.00","19.32695770263672","female","3.33"
"57_1_0_20170109015631419.jpg.chip.jpg","57","female","","","","68.9","male","11.90","60.45802688598633","female","3.46"
"36_0_3_20170119201743421.jpg.chip.jpg","36","male","","","","34.5","male","-1.50","46.76313400268555","male","10.76"
"56_1_0_20170109220504650.jpg.chip.jpg","56","female","","","","29.3","female","-26.70","52.67520523071289","female","-3.32"
"26_1_2_20170116175508654.jpg.chip.jpg","26","female","","","","16.2","female","-9.80","23.619152069091797","female","-2.38"
"50_0_3_20170119204422855.jpg.chip.jpg","50","male","","","","39.3","male","-10.70","51.62800216674805","male","1.63"
"5_0_0_20170110212757355.jpg.chip.jpg","5","male","3.166874885559082","male","-1.83","4","female","-1.00","3.837134838104248","male","-1.16"
"42_0_0_20170104205834299.jpg.chip.jpg","42","male","","","","29.2","male","-12.80","45.20355224609375","male","3.20"
"50_0_2_20170116175209803.jpg.chip.jpg","50","male","","","","69.1","male","19.10","61.587059020996094","male","11.59"
"49_1_3_20170113190751369.jpg.chip.jpg","49","female","","","","39.1","female","-9.90","50.200927734375","female","1.20"
"50_0_0_20170120222246032.jpg.chip.jpg","50","male","","","","34.4","male","-15.60","44.393558502197266","male","-5.61"
"40_0_2_20170116193717434.jpg.chip.jpg","40","male","","","","38.8","male","-1.20","56.30123519897461","male","16.30"
"37_0_0_20170105172649108.jpg.chip.jpg","37","male","","","","38.9","male","1.90","49.994083404541016","male","12.99"
"36_1_3_20170109141235854.jpg.chip.jpg","36","female","44.671817779541016","female","8.67","29.3","male","-6.70","42.40037536621094","female","6.40"
"31_0_1_20170116192548730.jpg.chip.jpg","31","male","","","","29.2","male","-1.80","37.83161544799805","male","6.83"
"1_1_4_20170103204831032.jpg.chip.jpg","1","female","","","","4","female","3.00","0.9063209295272827","male","-0.09"
"26_1_1_20170113135610650.jpg.chip.jpg","26","female","","","","23.6","male","-2.40","24.827259063720703","male","-1.17"
"9_0_0_20170110225101384.jpg.chip.jpg","9","male","6.261593341827393","male","-2.74","4","male","-5.00","5.037504196166992","male","-3.96"
"27_1_0_20170117144358667.jpg.chip.jpg","27","female","","","","30.4","female","3.40","37.32148742675781","female","10.32"
"1_1_0_20170109190852630.jpg.chip.jpg","1","female","","","","29.3","male","28.30","","",""
"26_0_2_20170116182451477.jpg.chip.jpg","26","male","","","","28.8","male","2.80","27.698434829711914","male","1.70"
"79_1_0_20170110141543912.jpg.chip.jpg","79","female","","","","39.4","female","-39.60","80.42500305175781","female","1.43"
"1_0_2_20161219194716652.jpg.chip.jpg","1","male","","","","","female","","0.9973068237304688","male","-0.00"
"53_0_3_20170119164018532.jpg.chip.jpg","53","male","","","","45.3","male","-7.70","50.878639221191406","male","-2.12"
"50_0_0_20170120222013757.jpg.chip.jpg","50","male","59.44548416137695","male","9.45","39.3","male","-10.70","59.47760772705078","male","9.48"
"61_0_0_20170120225132849.jpg.chip.jpg","61","male","","","","48.7","male","-12.30","58.98183822631836","male","-2.02"
"33_1_0_20170107213730053.jpg.chip.jpg","33","female","","","","29.1","","-3.90","22.849660873413086","female","-10.15"
"37_0_3_20170119193258657.jpg.chip.jpg","37","male","","","","28.6","male","-8.40","41.02341079711914","male","4.02"
"22_0_0_20170116205550916.jpg.chip.jpg","22","male","18.78881072998047","male","-3.21","16.4","male","-5.60","17.188100814819336","male","-4.81"
"37_0_3_20170119202500878.jpg.chip.jpg","37","male","","","","29.3","male","-7.70","35.04918670654297","male","-1.95"
"27_1_2_20170116163118798.jpg.chip.jpg","27","female","26.130815505981445","female","-0.87","29.5","female","2.50","23.780052185058594","female","-3.22"
"14_0_0_20170104011738192.jpg.chip.jpg","14","male","","","","16","female","2.00","13.192108154296875","male","-0.81"
"27_1_0_20170105000743720.jpg.chip.jpg","27","female","","","","29.5","female","2.50","23.276264190673828","female","-3.72"
"72_1_0_20170110120829664.jpg.chip.jpg","72","female","76.75476837158203","female","4.75","52.5","female","-19.50","76.35233306884766","female","4.35"
"18_1_3_20170109213214718.jpg.chip.jpg","18","female","19.887466430664062","female","1.89","28.7","female","10.70","21.33538246154785","female","3.34"
"39_1_1_20170116224200976.jpg.chip.jpg","39","female","32.61731719970703","female","-6.38","28.7","female","-10.30","30.017709732055664","female","-8.98"
"62_1_0_20170110122436007.jpg.chip.jpg","62","female","","","","29.1","female","-32.90","57.724849700927734","female","-4.28"
"28_1_0_20170109003005024.jpg.chip.jpg","28","female","","","","28.7","male","0.70","26.623483657836914","female","-1.38"
"60_1_0_20170110152939871.jpg.chip.jpg","60","female","","","","39","female","-21.00","55.70185470581055","female","-4.30"
"18_1_0_20170109214610454.jpg.chip.jpg","18","female","21.78263282775879","female","3.78","28.6","female","10.60","21.56463050842285","female","3.56"
"50_0_0_20170104211514100.jpg.chip.jpg","50","male","44.1615104675293","male","-5.84","39.2","male","-10.80","41.21986770629883","male","-8.78"
"30_1_0_20170117171117386.jpg.chip.jpg","30","female","","","","29.6","female","-0.40","32.84134292602539","female","2.84"
"24_0_0_20170102233329675.jpg.chip.jpg","24","male","","","","20.5","male","-3.50","20.465347290039062","male","-3.53"
"28_1_3_20170109132749602.jpg.chip.jpg","28","female","","","","29.2","male","1.20","37.79560089111328","male","9.80"
"37_0_3_20170119193226433.jpg.chip.jpg","37","male","","","","29.4","male","-7.60","","",""
"28_0_1_20170113142237196.jpg.chip.jpg","28","male","","","","23.8","male","-4.20","26.51859474182129","male","-1.48"
"40_0_0_20170117135440354.jpg.chip.jpg","40","male","","","","39.4","male","-0.60","49.167518615722656","male","9.17"
"21_1_2_20161219221949111.jpg.chip.jpg","21","female","","","","16.4","female","-4.60","16.296340942382812","female","-4.70"
"65_0_1_20170113184830231.jpg.chip.jpg","65","male","","","","29.3","","-35.70","53.08355712890625","male","-11.92"
"40_0_0_20170117182908711.jpg.chip.jpg","40","male","","","","48.4","male","8.40","50.37651824951172","male","10.38"
"40_1_0_20170117201542095.jpg.chip.jpg","40","female","","","","38.7","female","-1.30","42.51104736328125","female","2.51"
"20_0_4_20170117203144623.jpg.chip.jpg","20","male","","","","29.1","male","9.10","19.56590461730957","male","-0.43"
"26_0_2_20170116181343246.jpg.chip.jpg","26","male","17.673383712768555","male","-8.33","16.2","male","-9.80","18.029865264892578","male","-7.97"
"1_0_0_20161219154556757.jpg.chip.jpg","1","male","1.0362486839294434","female","0.04","","female","","0.8683496713638306","female","-0.13"
"26_0_1_20170116235022816.jpg.chip.jpg","26","male","","","","38.8","male","12.80","28.897199630737305","male","2.90"
"22_1_3_20170104231709097.jpg.chip.jpg","22","female","25.137739181518555","female","3.14","23.6","female","1.60","25.726640701293945","female","3.73"
"28_1_2_20170116164703724.jpg.chip.jpg","28","female","","","","29.3","male","1.30","","",""
"30_0_0_20170117190708466.jpg.chip.jpg","30","male","28.25261878967285","male","-1.75","28.6","male","-1.40","27.50046730041504","male","-2.50"
"16_0_0_20170102234641453.jpg.chip.jpg","16","male","","","","8.2","female","-7.80","9.902485847473145","male","-6.10"
"40_0_0_20170113184131287.jpg.chip.jpg","40","male","43.97854995727539","male","3.98","38.8","male","-1.20","39.389373779296875","male","-0.61"
"31_1_4_20170103230221721.jpg.chip.jpg","31","female","","","","28.6","female","-2.40","35.881988525390625","female","4.88"
"3_0_0_20161219154520213.jpg.chip.jpg","3","male","","","","","male","","1.8740381002426147","female","-1.13"
"18_1_1_20170109214355606.jpg.chip.jpg","18","female","","","","28.7","","10.70","22.39895248413086","female","4.40"
"85_1_0_20170110181324285.jpg.chip.jpg","85","female","","","","69.4","male","-15.60","84.70471954345703","female","-0.30"
"46_0_1_20170113152154248.jpg.chip.jpg","46","male","","","","29.2","male","-16.80","42.23732376098633","male","-3.76"
"40_0_0_20170116225108936.jpg.chip.jpg","40","male","","","","69","male","29.00","48.22179412841797","male","8.22"
"76_1_2_20170110182935621.jpg.chip.jpg","76","female","77.56031799316406","male","1.56","44.3","male","-31.70","72.43769836425781","male","-3.56"
"10_0_0_20170110221714752.jpg.chip.jpg","10","male","","","","29.1","female","19.10","8.167106628417969","male","-1.83"
"58_0_1_20170117193000518.jpg.chip.jpg","58","male","61.61130142211914","male","3.61","69.1","male","11.10","61.50801086425781","male","3.51"
"49_1_0_20170104192623743.jpg.chip.jpg","49","female","","","","29.3","male","-19.70","58.45191955566406","female","9.45"
"62_0_0_20170105164057133.jpg.chip.jpg","62","male","","","","68.9","male","6.90","62.897972106933594","male","0.90"
"20_1_0_20170117193616027.jpg.chip.jpg","20","female","24.464580535888672","female","4.46","30.4","female","10.40","21.405689239501953","female","1.41"
"8_1_2_20170109201847910.jpg.chip.jpg","8","female","7.356203079223633","male","-0.64","16.2","female","8.20","10.172073364257812","male","2.17"
"24_1_2_20170116170616076.jpg.chip.jpg","24","female","","","","29.1","female","5.10","23.02103042602539","female","-0.98"
"36_0_1_20170113134421145.jpg.chip.jpg","36","male","","","","28.7","male","-7.30","30.046459197998047","male","-5.95"
"41_1_0_20170104183215660.jpg.chip.jpg","41","female","56.8978157043457","female","15.90","39.1","female","-1.90","50.15559005737305","female","9.16"
"22_0_3_20170119160226043.jpg.chip.jpg","22","male","31.3384952545166","male","9.34","23.5","male","1.50","27.092269897460938","male","5.09"
"30_0_2_20170117141818577.jpg.chip.jpg","30","male","32.8033561706543","male","2.80","28.7","male","-1.30","28.856966018676758","male","-1.14"
"31_0_2_20170116191334762.jpg.chip.jpg","31","male","","","","39.1","male","8.10","39.355438232421875","male","8.36"
"15_1_0_20170109214447621.jpg.chip.jpg","15","female","","","","16.3","female","1.30","18.421302795410156","female","3.42"
"24_1_0_20170117150315450.jpg.chip.jpg","24","female","","","","28.6","female","4.60","16.426528930664062","female","-7.57"
"30_1_2_20170116162552501.jpg.chip.jpg","30","female","","","","29.5","female","-0.50","22.524869918823242","female","-7.48"
"3_0_0_20170110220527929.jpg.chip.jpg","3","male","","","","","female","","2.4847559928894043","male","-0.52"
"4_0_2_20161219141202384.jpg.chip.jpg","4","male","1.6666557788848877","female","-2.33","16.1","female","12.10","","",""
"35_0_2_20170117135233576.jpg.chip.jpg","35","male","","","","29","male","-6.00","37.81052780151367","male","2.81"
"29_0_0_20170117122015236.jpg.chip.jpg","29","male","","","","28.5","male","-0.50","38.98828125","male","9.99"
"57_0_4_20170105171850037.jpg.chip.jpg","57","male","","","","29.2","male","-27.80","50.86304473876953","male","-6.14"
"61_1_3_20170105001450436.jpg.chip.jpg","61","female","","","","29.2","female","-31.80","47.61294174194336","female","-13.39"
"20_1_0_20170120140127200.jpg.chip.jpg","20","female","","","","29.1","female","9.10","24.264781951904297","female","4.26"
"61_0_1_20170111203344701.jpg.chip.jpg","61","male","","","","58.7","male","-2.30","60.08066177368164","male","-0.92"
"26_1_2_20170116171202584.jpg.chip.jpg","26","female","","","","16","female","-10.00","40.15465545654297","female","14.15"
"53_0_0_20170111202320442.jpg.chip.jpg","53","male","","","","39.2","male","-13.80","55.39738464355469","male","2.40"
"24_0_2_20170116165033311.jpg.chip.jpg","24","male","","","","16.1","female","-7.90","19.52713966369629","female","-4.47"
"35_1_0_20170117175625946.jpg.chip.jpg","35","female","","","","28.7","female","-6.30","42.134033203125","female","7.13"
"22_1_3_20170117183653190.jpg.chip.jpg","22","female","","","","28.9","male","6.90","14.674928665161133","female","-7.33"
"6_1_0_20170103212206588.jpg.chip.jpg","6","female","","","","8.8","female","2.80","5.629785060882568","female","-0.37"
"9_1_0_20170104013159819.jpg.chip.jpg","9","female","","","","8.7","female","-0.30","6.693916320800781","female","-2.31"
"1_1_3_20161220145401126.jpg.chip.jpg","1","female","1.1590795516967773","male","0.16","4","female","3.00","1.000218391418457","female","0.00"
"17_0_3_20170104225710543.jpg.chip.jpg","17","male","24.791181564331055","male","7.79","28.6","male","11.60","20.256317138671875","male","3.26"
"2_1_4_20170103212103556.jpg.chip.jpg","2","female","","","","","female","","1.3370121717453003","male","-0.66"
"65_0_0_20170120224023991.jpg.chip.jpg","65","male","","","","44.3","male","-20.70","62.062313079833984","male","-2.94"
"9_0_0_20170110220311291.jpg.chip.jpg","9","male","9.364317893981934","male","0.36","8.8","","-0.20","9.481005668640137","male","0.48"
"25_1_2_20170116175247157.jpg.chip.jpg","25","female","","","","16.1","female","-8.90","25.076099395751953","female","0.08"
"32_1_0_20170117203118672.jpg.chip.jpg","32","female","32.46139907836914","female","0.46","29.4","female","-2.60","32.703121185302734","female","0.70"
"28_0_1_20170112211810813.jpg.chip.jpg","28","male","","","","23.6","male","-4.40","24.021203994750977","male","-3.98"
"1_1_0_20170109191640395.jpg.chip.jpg","1","female","","","","","female","","1.1566460132598877","male","0.16"
"26_1_2_20170117174716222.jpg.chip.jpg","26","female","","","","28.8","female","2.80","18.444387435913086","female","-7.56"
"2_1_0_20170109190758562.jpg.chip.jpg","2","female","1.042533040046692","female","-0.96","","female","","1.0139706134796143","male","-0.99"
"23_1_1_20170117175615774.jpg.chip.jpg","23","female","","","","28.6","female","5.60","31.990720748901367","female","8.99"
"17_0_1_20170113132545264.jpg.chip.jpg","17","male","20.565425872802734","male","3.57","23.7","male","6.70","19.095542907714844","male","2.10"
"26_1_0_20170117091649819.jpg.chip.jpg","26","female","","","","16","female","-10.00","17.83429527282715","female","-8.17"
"30_1_3_20170119195840428.jpg.chip.jpg","30","female","29.333209991455078","male","-0.67","29.3","","-0.70","28.98494529724121","female","-1.02"
"4_0_0_20170110224617729.jpg.chip.jpg","4","male","","","","","male","","2.274106502532959","male","-1.73"
"27_0_1_20170117005912432.jpg.chip.jpg","27","male","","","","33.6","male","6.60","36.09425354003906","male","9.09"
"25_1_0_20170116002343174.jpg.chip.jpg","25","female","21.457073211669922","female","-3.54","29.4","female","4.40","24.729280471801758","female","-0.27"
"23_1_2_20170116164541818.jpg.chip.jpg","23","female","","","","16.1","female","-6.90","20.295738220214844","female","-2.70"
"61_1_2_20170117123801917.jpg.chip.jpg","61","female","","","","34.4","male","-26.60","61.05292510986328","female","0.05"
"50_0_3_20170119205125927.jpg.chip.jpg","50","male","56.55367660522461","male","6.55","39.2","male","-10.80","56.5816650390625","male","6.58"
"30_1_2_20170104020408339.jpg.chip.jpg","30","female","24.174283981323242","female","-5.83","28.8","female","-1.20","24.376344680786133","female","-5.62"
"65_1_0_20170117173915503.jpg.chip.jpg","65","female","","","","29.1","female","-35.90","61.502140045166016","female","-3.50"
"26_1_1_20170116164838750.jpg.chip.jpg","26","female","","","","29","","3.00","32.00762939453125","female","6.01"
"2_0_3_20161219230609241.jpg.chip.jpg","2","male","","","","8.9","female","6.90","1.2833137512207031","female","-0.72"
"29_0_0_20170116225141614.jpg.chip.jpg","29","male","","","","29.2","male","0.20","32.964141845703125","male","3.96"
"22_1_4_20170103223351703.jpg.chip.jpg","22","female","22.62710189819336","female","0.63","23.6","female","1.60","21.309694290161133","female","-0.69"
"76_0_1_20170117165148098.jpg.chip.jpg","76","male","","","","58.7","male","-17.30","73.47735595703125","male","-2.52"
"37_1_0_20170117140123763.jpg.chip.jpg","37","female","","","","69","female","32.00","58.914710998535156","female","21.91"
"7_0_1_20170110224720024.jpg.chip.jpg","7","male","7.22960090637207","male","0.23","8.6","female","1.60","8.618562698364258","male","1.62"
"10_1_3_20170104221633430.jpg.chip.jpg","10","female","3.5458102226257324","female","-6.45","8.9","","-1.10","4.460178375244141","female","-5.54"
"26_0_1_20170113154903732.jpg.chip.jpg","26","male","22.35133171081543","male","-3.65","28.6","male","2.60","21.7543888092041","male","-4.25"
"35_1_0_20170103182733994.jpg.chip.jpg","35","female","","","","29.1","female","-5.90","46.09983444213867","female","11.10"
"5_1_2_20161219194248395.jpg.chip.jpg","5","female","5.517158508300781","male","0.52","9","female","4.00","7.052168369293213","male","2.05"
"2_1_2_20161219192142308.jpg.chip.jpg","2","female","","","","","female","","1.2556638717651367","female","-0.74"
"7_1_2_20161219160329535.jpg.chip.jpg","7","female","","","","9.2","female","2.20","1.2890866994857788","female","-5.71"
"40_0_4_20170117145400915.jpg.chip.jpg","40","male","38.736392974853516","male","-1.26","34.4","male","-5.60","34.39399719238281","male","-5.61"
"24_1_3_20170104214534021.jpg.chip.jpg","24","female","","","","29.5","female","5.50","22.609018325805664","female","-1.39"
"25_1_3_20170109132228225.jpg.chip.jpg","25","female","22.42675018310547","female","-2.57","28.8","female","3.80","20.02994155883789","female","-4.97"
"30_1_2_20170116162446989.jpg.chip.jpg","30","female","","","","16.1","female","-13.90","23.9921875","female","-6.01"
"31_1_1_20170114031015215.jpg.chip.jpg","31","female","23.697635650634766","female","-7.30","29.4","female","-1.60","21.683019638061523","female","-9.32"
"32_1_3_20170104223515310.jpg.chip.jpg","32","female","","","","29.3","male","-2.70","20.090682983398438","female","-11.91"
"24_1_2_20170117194935363.jpg.chip.jpg","24","female","","","","29.4","female","5.40","37.94758987426758","female","13.95"
"47_1_0_20170104184430669.jpg.chip.jpg","47","female","","","","38.7","female","-8.30","50.188602447509766","female","3.19"
"35_0_0_20170104201742041.jpg.chip.jpg","35","male","","","","28.6","male","-6.40","41.0574836730957","male","6.06"
"5_1_0_20170109191338616.jpg.chip.jpg","5","female","3.9076919555664062","female","-1.09","","female","","4.877861499786377","female","-0.12"
"4_1_4_20161221201507280.jpg.chip.jpg","4","female","","","","4","female","0.00","4.924609661102295","male","0.92"
"27_0_0_20170117175631490.jpg.chip.jpg","27","male","24.562105178833008","male","-2.44","28.7","male","1.70","27.998811721801758","male","1.00"
"25_1_1_20170117171908418.jpg.chip.jpg","25","female","","","","28.6","female","3.60","29.32227897644043","female","4.32"
"45_0_0_20170117182811973.jpg.chip.jpg","45","male","","","","48.6","male","3.60","51.46189880371094","male","6.46"
"42_0_1_20170113174159700.jpg.chip.jpg","42","male","","","","28.6","male","-13.40","36.78813552856445","male","-5.21"
"41_0_0_20170113184511343.jpg.chip.jpg","41","male","","","","29.2","male","-11.80","26.301774978637695","male","-14.70"
"35_1_0_20170113001111066.jpg.chip.jpg","35","female","","","","29.5","female","-5.50","36.03899002075195","female","1.04"
"28_0_2_20170116162328748.jpg.chip.jpg","28","male","19.831645965576172","male","-8.17","28.6","male","0.60","20.05124855041504","male","-7.95"
"53_0_0_20170117161102128.jpg.chip.jpg","53","male","","","","39.1","male","-13.90","56.9077033996582","male","3.91"
"45_1_2_20170116001025936.jpg.chip.jpg","45","female","45.17185592651367","female","0.17","29.4","female","-15.60","46.27073669433594","female","1.27"
"16_1_0_20170109213608540.jpg.chip.jpg","16","female","","","","16.5","female","0.50","13.317107200622559","female","-2.68"
"48_1_3_20170109132358247.jpg.chip.jpg","48","female","","","","28.9","female","-19.10","36.25200653076172","female","-11.75"
"23_0_0_20170117144618155.jpg.chip.jpg","23","male","17.85746192932129","male","-5.14","20.4","male","-2.60","19.847272872924805","male","-3.15"
"65_0_3_20170117191735066.jpg.chip.jpg","65","male","","","","69.3","male","4.30","72.82148742675781","female","7.82"
"45_0_3_20170117165700077.jpg.chip.jpg","45","male","","","","28.6","male","-16.40","40.54208755493164","male","-4.46"
"7_1_3_20170104222541621.jpg.chip.jpg","7","female","","","","29","female","22.00","9.545866966247559","female","2.55"
"5_0_3_20161220220601498.jpg.chip.jpg","5","male","3.0233466625213623","male","-1.98","9.2","male","4.20","2.4458353519439697","male","-2.55"
"28_1_0_20170108225857948.jpg.chip.jpg","28","female","","","","29","female","1.00","21.53650665283203","female","-6.46"
"8_0_1_20170113132601079.jpg.chip.jpg","8","male","11.662659645080566","male","3.66","9.5","male","1.50","12.844669342041016","male","4.84"
"52_1_0_20170103163641032.jpg.chip.jpg","52","female","","","","69.2","female","17.20","63.38645935058594","female","11.39"
"54_1_0_20170117171658965.jpg.chip.jpg","54","female","45.075401306152344","female","-8.92","29.4","female","-24.60","44.340789794921875","female","-9.66"
"37_1_2_20170105162546659.jpg.chip.jpg","37","female","37.80390930175781","female","0.80","29.1","female","-7.90","40.99614334106445","female","4.00"
"54_1_1_20170112222302265.jpg.chip.jpg","54","female","63.937774658203125","female","9.94","28.8","female","-25.20","65.54261779785156","female","11.54"
"70_0_0_20170119205821287.jpg.chip.jpg","70","male","","","","48.7","male","-21.30","63.03750991821289","male","-6.96"
"30_1_0_20170116214239576.jpg.chip.jpg","30","female","","","","30.4","female","0.40","29.004220962524414","female","-1.00"
"90_0_0_20170111224014347.jpg.chip.jpg","90","male","83.36103057861328","male","-6.64","29.2","male","-60.80","84.35426330566406","male","-5.65"
"63_0_3_20170119211951488.jpg.chip.jpg","63","male","","","","38.9","male","-24.10","59.02385330200195","male","-3.98"
"26_1_2_20170105163925349.jpg.chip.jpg","26","female","","","","16","female","-10.00","40.741432189941406","female","14.74"
"1_0_2_20161219201319628.jpg.chip.jpg","1","male","0.813926100730896","male","-0.19","","male","","0.7579175233840942","male","-0.24"
"32_1_1_20170112213704768.jpg.chip.jpg","32","female","","","","29.1","female","-2.90","34.82732391357422","female","2.83"
"28_0_0_20170117020856429.jpg.chip.jpg","28","male","33.507659912109375","male","5.51","34.5","male","6.50","33.30259323120117","male","5.30"
"45_0_3_20170119195808299.jpg.chip.jpg","45","male","39.44569778442383","male","-5.55","38.5","male","-6.50","39.66558837890625","male","-5.33"
"28_0_3_20170119194436435.jpg.chip.jpg","28","male","33.26262283325195","male","5.26","28.4","male","0.40","36.54783248901367","male","8.55"
"53_1_1_20170113013025665.jpg.chip.jpg","53","female","","","","29.3","","-23.70","46.251991271972656","female","-6.75"
"6_0_4_20161221200807209.jpg.chip.jpg","6","male","","","","9.4","male","3.40","13.708358764648438","male","7.71"
"30_1_2_20170116161408096.jpg.chip.jpg","30","female","","","","16","female","-14.00","30.222877502441406","female","0.22"
"29_1_3_20170119195529348.jpg.chip.jpg","29","female","23.817766189575195","female","-5.18","29.5","female","0.50","26.943361282348633","female","-2.06"
"35_0_0_20170116232636326.jpg.chip.jpg","35","male","","","","28.9","male","-6.10","46.49806594848633","male","11.50"
"45_0_0_20170117185742546.jpg.chip.jpg","45","male","","","","39.3","male","-5.70","53.41592788696289","male","8.42"
"26_1_1_20170117200948582.jpg.chip.jpg","26","female","30.30604362487793","female","4.31","29.5","female","3.50","31.073780059814453","female","5.07"
"34_0_3_20170119200753235.jpg.chip.jpg","34","male","","","","28.7","male","-5.30","31.815990447998047","male","-2.18"
"1_1_0_20170109191212799.jpg.chip.jpg","1","female","0.9941454529762268","female","-0.01","","female","","1.4809677600860596","female","0.48"
"39_0_4_20170105172836893.jpg.chip.jpg","39","male","","","","38.8","male","-0.20","35.64044189453125","male","-3.36"
"60_0_3_20170119205318975.jpg.chip.jpg","60","male","","","","29.2","male","-30.80","57.7813606262207","male","-2.22"
"35_1_0_20170113005254692.jpg.chip.jpg","35","female","19.828405380249023","female","-15.17","28.7","female","-6.30","19.628257751464844","female","-15.37"
"48_0_0_20170113183724399.jpg.chip.jpg","48","male","44.009796142578125","male","-3.99","34.4","male","-13.60","43.0821647644043","male","-4.92"
"70_1_0_20170110122851852.jpg.chip.jpg","70","female","69.88591003417969","female","-0.11","49.2","female","-20.80","62.802825927734375","female","-7.20"
"49_1_3_20170104231642491.jpg.chip.jpg","49","female","","","","29.3","female","-19.70","36.20197677612305","female","-12.80"
"56_1_1_20170110141650039.jpg.chip.jpg","56","female","","","","29.2","female","-26.80","35.4386100769043","female","-20.56"
"27_1_0_20170117120649662.jpg.chip.jpg","27","female","30.073841094970703","female","3.07","29.5","female","2.50","35.990020751953125","female","8.99"
"38_0_3_20170119202607101.jpg.chip.jpg","38","male","","","","29.2","female","-8.80","28.317893981933594","female","-9.68"
"62_1_0_20170110141039449.jpg.chip.jpg","62","female","56.89796447753906","female","-5.10","39.3","female","-22.70","56.84648895263672","female","-5.15"
"28_1_0_20170117180659169.jpg.chip.jpg","28","female","","","","29.5","female","1.50","23.57050323486328","female","-4.43"
"26_1_0_20170117174948312.jpg.chip.jpg","26","female","","","","29.4","female","3.40","22.24549102783203","female","-3.75"
"42_0_2_20170112192928782.jpg.chip.jpg","42","male","48.416316986083984","male","6.42","29.1","male","-12.90","45.33894729614258","female","3.34"
"32_1_1_20170113012739969.jpg.chip.jpg","32","female","","","","29.3","female","-2.70","32.02263641357422","female","0.02"
"3_1_4_20161221192909421.jpg.chip.jpg","3","female","5.139554500579834","female","2.14","9.3","female","6.30","3.2879652976989746","female","0.29"
"48_1_0_20170117133139314.jpg.chip.jpg","48","female","46.346622467041016","female","-1.65","29.1","female","-18.90","44.270748138427734","female","-3.73"
"78_0_1_20170116204857697.jpg.chip.jpg","78","male","","","","48.8","male","-29.20","80.1762924194336","male","2.18"
"32_1_1_20170112213321285.jpg.chip.jpg","32","female","","","","23.5","female","-8.50","25.75103187561035","female","-6.25"
"22_1_0_20170113182819149.jpg.chip.jpg","22","female","","","","29.3","male","7.30","19.162683486938477","female","-2.84"
"35_1_0_20170104181325301.jpg.chip.jpg","35","female","","","","28.8","female","-6.20","35.13312911987305","female","0.13"
"30_1_3_20170117132700450.jpg.chip.jpg","30","female","","","","29.2","female","-0.80","24.602642059326172","female","-5.40"
"23_1_2_20170116173128603.jpg.chip.jpg","23","female","","","","29.4","female","6.40","26.68105125427246","female","3.68"
"38_1_1_20170112235946602.jpg.chip.jpg","38","female","","","","29.4","female","-8.60","30.588266372680664","female","-7.41"
"32_1_0_20170117134822038.jpg.chip.jpg","32","female","","","","29.5","female","-2.50","22.296985626220703","female","-9.70"
"30_0_2_20170117202816104.jpg.chip.jpg","30","male","","","","28.7","male","-1.30","33.34796905517578","male","3.35"
"44_0_3_20170119171650408.jpg.chip.jpg","44","male","36.58289337158203","male","-7.42","34.5","male","-9.50","33.453426361083984","male","-10.55"
"26_1_2_20170104022829221.jpg.chip.jpg","26","female","","","","28.8","female","2.80","25.547380447387695","female","-0.45"
"43_1_1_20170117193944155.jpg.chip.jpg","43","female","52.037445068359375","male","9.04","38.7","male","-4.30","47.19464874267578","male","4.19"
"36_0_0_20170117135445816.jpg.chip.jpg","36","male","","","","38.4","male","2.40","34.74454879760742","male","-1.26"
"30_1_2_20170117142525729.jpg.chip.jpg","30","female","","","","29.5","female","-0.50","26.127506256103516","female","-3.87"
"2_0_3_20161219225453639.jpg.chip.jpg","2","male","","","","4","female","2.00","1.6635894775390625","female","-0.34"
"39_1_4_20170105001146812.jpg.chip.jpg","39","female","","","","36.4","female","-2.60","34.801368713378906","female","-4.20"
"51_0_0_20170111171747345.jpg.chip.jpg","51","male","","","","39.4","male","-11.60","37.246734619140625","male","-13.75"
"54_0_0_20170111195806193.jpg.chip.jpg","54","male","","","","58.6","male","4.60","65.52059936523438","male","11.52"
"1_0_1_20170110213647161.jpg.chip.jpg","1","male","3.3916282653808594","female","2.39","4.1","female","3.10","1.8070964813232422","male","0.81"
"61_0_2_20170105180829158.jpg.chip.jpg","61","male","","","","38.9","male","-22.10","61.046852111816406","male","0.05"
"56_0_0_20170111203109091.jpg.chip.jpg","56","male","","","","39.2","male","-16.80","55.01651382446289","male","-0.98"
"1_1_3_20161220143335948.jpg.chip.jpg","1","female","0.8510026931762695","male","-0.15","","","","0.9650011658668518","male","-0.03"
"38_1_0_20170117130939679.jpg.chip.jpg","38","female","","","","28.9","","-9.10","57.68185806274414","female","19.68"
"44_0_3_20170119204716767.jpg.chip.jpg","44","male","","","","38.8","male","-5.20","50.13534927368164","male","6.14"
"36_0_3_20170119150422534.jpg.chip.jpg","36","male","","","","28.6","male","-7.40","26.786418914794922","male","-9.21"
"22_0_1_20170113132532656.jpg.chip.jpg","22","male","","","","28.9","male","6.90","25.538450241088867","male","3.54"
"23_0_4_20170117194045437.jpg.chip.jpg","23","male","","","","28.8","male","5.80","21.246885299682617","male","-1.75"
"34_1_1_20170116224909263.jpg.chip.jpg","34","female","","","","29.5","female","-4.50","28.81035614013672","female","-5.19"
"18_1_0_20170117140751537.jpg.chip.jpg","18","female","","","","9","female","-9.00","11.136974334716797","female","-6.86"
"12_1_3_20170104223643593.jpg.chip.jpg","12","female","","","","29","female","17.00","14.318119049072266","female","2.32"
"17_1_0_20170104013458371.jpg.chip.jpg","17","female","","","","28.9","female","11.90","16.8598690032959","male","-0.14"
"60_0_3_20170119203925892.jpg.chip.jpg","60","male","","","","34.3","male","-25.70","56.53562545776367","male","-3.46"
"2_0_1_20170113175826133.jpg.chip.jpg","2","male","","","","4","female","2.00","2.004354953765869","male","0.00"
"26_0_4_20170117195406973.jpg.chip.jpg","26","male","","","","28.7","male","2.70","32.2277946472168","male","6.23"
"75_0_0_20170111205052872.jpg.chip.jpg","75","male","72.67953491210938","male","-2.32","69.1","male","-5.90","69.96819305419922","male","-5.03"
"13_1_3_20170109205242338.jpg.chip.jpg","13","female","","","","9.1","female","-3.90","9.726996421813965","female","-3.27"
"35_1_3_20170117154659552.jpg.chip.jpg","35","female","","","","29.2","female","-5.80","38.3520622253418","female","3.35"
"26_1_3_20170119180533644.jpg.chip.jpg","26","female","","","","29.2","","3.20","","",""
"36_0_3_20170117135513053.jpg.chip.jpg","36","male","","","","38.5","male","2.50","40.379913330078125","male","4.38"
"27_0_0_20170114033204410.jpg.chip.jpg","27","male","25.1798152923584","male","-1.82","20.4","male","-6.60","24.29631805419922","male","-2.70"
"5_0_2_20161219202809316.jpg.chip.jpg","5","male","","","","8.9","female","3.90","1.4883660078048706","male","-3.51"
"25_1_2_20170104021935245.jpg.chip.jpg","25","female","","","","29.6","female","4.60","23.414154052734375","female","-1.59"
"24_1_0_20170116215712426.jpg.chip.jpg","24","female","","","","38.9","female","14.90","24.45086669921875","female","0.45"
"49_1_0_20170110125307207.jpg.chip.jpg","49","female","46.892276763916016","female","-2.11","36.3","female","-12.70","45.61494064331055","female","-3.39"
"47_0_3_20170119175043787.jpg.chip.jpg","47","male","","","","39.1","male","-7.90","36.296871185302734","male","-10.70"
"4_0_0_20170110213500051.jpg.chip.jpg","4","male","","","","9.2","male","5.20","5.010942459106445","male","1.01"
"7_1_0_20170109205404516.jpg.chip.jpg","7","female","10.074408531188965","female","3.07","22.5","female","15.50","7.9784932136535645","female","0.98"
"35_0_2_20170117190149081.jpg.chip.jpg","35","male","","","","29.2","female","-5.80","26.442630767822266","male","-8.56"
"54_1_0_20170117171412187.jpg.chip.jpg","54","female","","","","29.1","female","-24.90","62.24152755737305","female","8.24"
"31_0_3_20170119195949283.jpg.chip.jpg","31","male","","","","28.7","male","-2.30","39.27035903930664","male","8.27"
"22_1_0_20170105184130182.jpg.chip.jpg","22","female","","","","29.2","female","7.20","39.05935287475586","female","17.06"
"25_0_2_20170116174836155.jpg.chip.jpg","25","male","24.736404418945312","female","-0.26","29.1","female","4.10","22.952686309814453","female","-2.05"
"16_1_0_20170104013358122.jpg.chip.jpg","16","female","","","","29.2","female","13.20","17.58898162841797","female","1.59"
"46_1_0_20170110151342799.jpg.chip.jpg","46","female","37.82159423828125","female","-8.18","29.4","female","-16.60","37.42234802246094","female","-8.58"
"38_0_0_20170104203131804.jpg.chip.jpg","38","male","","","","39.2","male","1.20","45.903072357177734","male","7.90"
"8_1_0_20170109202802966.jpg.chip.jpg","8","female","5.74542236328125","female","-2.25","4.1","female","-3.90","5.035477638244629","female","-2.96"
"47_1_3_20170119200858036.jpg.chip.jpg","47","female","","","","38.8","male","-8.20","49.3288459777832","female","2.33"
"25_0_4_20170117193004258.jpg.chip.jpg","25","male","","","","20.4","male","-4.60","17.79492950439453","male","-7.21"
"17_0_1_20170116182122450.jpg.chip.jpg","17","male","","","","29.3","male","12.30","22.058467864990234","male","5.06"
"54_1_1_20170117171656445.jpg.chip.jpg","54","female","58.072967529296875","female","4.07","68.9","female","14.90","57.17094039916992","female","3.17"
"55_1_4_20170117203853447.jpg.chip.jpg","55","female","","","","68.9","female","13.90","70.3887710571289","female","15.39"
"68_1_0_20170110183835271.jpg.chip.jpg","68","female","68.45353698730469","female","0.45","69.2","female","1.20","63.20703887939453","female","-4.79"
"31_1_2_20170116191358099.jpg.chip.jpg","31","female","","","","28.8","female","-2.20","20.519451141357422","female","-10.48"
"2_1_3_20161219224731392.jpg.chip.jpg","2","female","1.0316733121871948","female","-0.97","","","","1.0485644340515137","female","-0.95"
"32_1_0_20170117121846946.jpg.chip.jpg","32","female","","","","39","male","7.00","46.61275100708008","male","14.61"
"13_1_0_20170109204128684.jpg.chip.jpg","13","female","","","","8.9","female","-4.10","8.210103988647461","female","-4.79"
"30_1_2_20170116191207397.jpg.chip.jpg","30","female","","","","29.6","female","-0.40","28.2042236328125","female","-1.80"
"8_0_3_20170104225230063.jpg.chip.jpg","8","male","","","","9.5","male","1.50","9.372466087341309","male","1.37"
"16_1_4_20170103233818803.jpg.chip.jpg","16","female","","","","28.9","","12.90","11.098441123962402","female","-4.90"
"34_0_3_20170119151259742.jpg.chip.jpg","34","male","","","","29.4","male","-4.60","40.078857421875","male","6.08"
"58_1_0_20170117154125683.jpg.chip.jpg","58","female","","","","29","female","-29.00","60.22123336791992","female","2.22"
"29_1_0_20170103182353753.jpg.chip.jpg","29","female","","","","29.2","female","0.20","41.1067008972168","female","12.11"
"33_1_4_20170103181754609.jpg.chip.jpg","33","female","","","","28.9","male","-4.10","44.35734176635742","female","11.36"
"58_0_3_20170119211702050.jpg.chip.jpg","58","male","","","","39.2","male","-18.80","63.017635345458984","male","5.02"
"15_0_0_20170104225947233.jpg.chip.jpg","15","male","14.949864387512207","male","-0.05","28.6","male","13.60","13.658839225769043","male","-1.34"
"47_1_0_20170109220523042.jpg.chip.jpg","47","female","","","","29.4","female","-17.60","40.74981689453125","female","-6.25"
"26_1_3_20170117154601686.jpg.chip.jpg","26","female","","","","28.6","female","2.60","27.25312614440918","female","1.25"
"49_0_0_20170109003418343.jpg.chip.jpg","49","male","","","","38.9","male","-10.10","47.61008834838867","male","-1.39"
"26_1_2_20170116184143860.jpg.chip.jpg","26","female","","","","16","female","-10.00","20.820571899414062","female","-5.18"
"23_1_3_20170119164537949.jpg.chip.jpg","23","female","","","","28.6","female","5.60","22.656978607177734","female","-0.34"
"33_1_3_20170109132139583.jpg.chip.jpg","33","female","22.25335693359375","female","-10.75","23.5","female","-9.50","23.044218063354492","female","-9.96"
"25_1_2_20170104021412148.jpg.chip.jpg","25","female","","","","16.2","female","-8.80","24.144004821777344","female","-0.86"
"31_0_0_20170113183712471.jpg.chip.jpg","31","male","","","","28.7","male","-2.30","40.186988830566406","male","9.19"
"69_0_0_20170111203934092.jpg.chip.jpg","69","male","62.78022766113281","male","-6.22","48.5","male","-20.50","62.957481384277344","male","-6.04"
"37_1_0_20170117135946239.jpg.chip.jpg","37","female","","","","29.1","female","-7.90","49.11205291748047","female","12.11"
"33_0_4_20170117202448894.jpg.chip.jpg","33","male","","","","29.5","female","-3.50","35.16149139404297","female","2.16"
"13_1_0_20170109204923296.jpg.chip.jpg","13","female","11.344992637634277","female","-1.66","28.7","female","15.70","12.239323616027832","female","-0.76"
"30_1_2_20170116162102874.jpg.chip.jpg","30","female","","","","16.3","female","-13.70","25.16221809387207","female","-4.84"
"28_0_1_20170116194234082.jpg.chip.jpg","28","male","","","","28.6","male","0.60","30.991500854492188","male","2.99"
"10_1_0_20170109201728056.jpg.chip.jpg","10","female","17.441177368164062","female","7.44","28.7","female","18.70","19.467453002929688","female","9.47"
"26_1_2_20170116163914678.jpg.chip.jpg","26","female","18.729249954223633","female","-7.27","29.6","female","3.60","17.269161224365234","female","-8.73"
"11_1_3_20170104223632543.jpg.chip.jpg","11","female","","","","8.7","female","-2.30","21.489891052246094","female","10.49"
"55_0_0_20170120221404877.jpg.chip.jpg","55","male","55.55585479736328","male","0.56","44.3","male","-10.70","51.468597412109375","male","-3.53"
"75_0_0_20170120225925506.jpg.chip.jpg","75","male","","","","69.2","male","-5.80","75.54352569580078","male","0.54"
"80_0_0_20170110183557670.jpg.chip.jpg","80","male","","","","69.3","male","-10.70","72.32442474365234","male","-7.68"
"25_1_4_20170103210241074.jpg.chip.jpg","25","female","","","","28.7","female","3.70","26.515644073486328","female","1.52"
"8_0_4_20170103201939191.jpg.chip.jpg","8","male","4.36570930480957","male","-3.63","8.5","female","0.50","5.815785884857178","male","-2.18"
"4_0_4_20161221193320742.jpg.chip.jpg","4","male","1.9493540525436401","male","-2.05","4","female","0.00","2.4335341453552246","male","-1.57"
"22_1_4_20170103223405215.jpg.chip.jpg","22","female","","","","29.4","female","7.40","28.992183685302734","female","6.99"
"35_1_0_20170104171655778.jpg.chip.jpg","35","female","","","","29","female","-6.00","43.93712615966797","female","8.94"
"34_0_3_20170117182805214.jpg.chip.jpg","34","male","","","","28.6","male","-5.40","22.46689796447754","male","-11.53"
"36_0_0_20170109131941102.jpg.chip.jpg","36","male","","","","28.6","male","-7.40","42.05022048950195","male","6.05"
"4_0_1_20170104010848776.jpg.chip.jpg","4","male","","","","4.2","female","0.20","3.6513257026672363","male","-0.35"
"70_1_0_20170110122949483.jpg.chip.jpg","70","female","63.47802734375","female","-6.52","29.2","female","-40.80","66.28726196289062","female","-3.71"
"24_1_2_20170116165442037.jpg.chip.jpg","24","female","","","","16.1","female","-7.90","16.543481826782227","female","-7.46"
"60_0_1_20170117163534458.jpg.chip.jpg","60","male","","","","29.2","male","-30.80","58.44867706298828","male","-1.55"
"26_0_3_20170119181302068.jpg.chip.jpg","26","male","","","","29.3","male","3.30","30.62134552001953","female","4.62"
"28_1_0_20170112235158504.jpg.chip.jpg","28","female","","","","29.5","female","1.50","28.63787269592285","female","0.64"
"26_1_3_20170104235421282.jpg.chip.jpg","26","female","","","","28.6","female","2.60","21.905065536499023","female","-4.09"
"40_0_0_20170117155031358.jpg.chip.jpg","40","male","39.390689849853516","male","-0.61","28.8","male","-11.20","37.61743927001953","male","-2.38"
"30_1_0_20170117154634082.jpg.chip.jpg","30","female","","","","28.7","female","-1.30","28.806076049804688","female","-1.19"
"30_0_1_20170113134217498.jpg.chip.jpg","30","male","23.2572078704834","male","-6.74","16.2","male","-13.80","27.792560577392578","male","-2.21"
"4_1_4_20161221193356438.jpg.chip.jpg","4","female","","","","","female","","3.298305034637451","female","-0.70"
"90_0_2_20170111210435708.jpg.chip.jpg","90","male","","","","38.8","male","-51.20","74.70671081542969","male","-15.29"
"65_0_0_20170111200004259.jpg.chip.jpg","65","male","64.85857391357422","male","-0.14","69.2","male","4.20","67.5582275390625","male","2.56"
"26_1_0_20170104233850235.jpg.chip.jpg","26","female","","","","38.6","female","12.60","35.856239318847656","female","9.86"
"22_0_0_20170103180152583.jpg.chip.jpg","22","male","18.34685707092285","male","-3.65","16.8","male","-5.20","17.235469818115234","male","-4.76"
"28_0_1_20170117022129599.jpg.chip.jpg","28","male","","","","28.7","male","0.70","29.566818237304688","male","1.57"
"26_0_3_20170119180445229.jpg.chip.jpg","26","male","","","","29.2","male","3.20","","",""
"28_1_0_20170117180423496.jpg.chip.jpg","28","female","","","","36.5","female","8.50","32.223289489746094","female","4.22"
"65_0_2_20170112220433521.jpg.chip.jpg","65","male","","","","38.8","male","-26.20","63.18984603881836","male","-1.81"
"30_1_0_20170117122000135.jpg.chip.jpg","30","female","","","","29.2","female","-0.80","35.45650863647461","female","5.46"
"54_1_1_20170110120122138.jpg.chip.jpg","54","female","","","","48.8","female","-5.20","67.60640716552734","female","13.61"
"31_1_2_20170104234746818.jpg.chip.jpg","31","female","","","","29.7","female","-1.30","32.2792854309082","female","1.28"
"27_0_1_20170117010123108.jpg.chip.jpg","27","male","","","","29.3","male","2.30","24.52555274963379","male","-2.47"
"26_0_1_20170103235317796.jpg.chip.jpg","26","male","25.370323181152344","male","-0.63","28.6","male","2.60","25.71614646911621","male","-0.28"
"20_0_0_20170113184350758.jpg.chip.jpg","20","male","","","","20.4","male","0.40","20.015087127685547","male","0.02"
"49_1_0_20170104184001972.jpg.chip.jpg","49","female","50.8890380859375","female","1.89","39.1","male","-9.90","48.597965240478516","female","-0.40"
"30_1_0_20170117114647665.jpg.chip.jpg","30","female","","","","38.7","female","8.70","39.642303466796875","female","9.64"
"27_0_0_20170117010049965.jpg.chip.jpg","27","male","","","","34.6","male","7.60","31.619266510009766","male","4.62"
"68_0_2_20170111205006920.jpg.chip.jpg","68","male","","","","68.9","male","0.90","60.26730728149414","male","-7.73"
"65_0_1_20170113174052843.jpg.chip.jpg","65","male","60.95687484741211","male","-4.04","39.2","male","-25.80","54.937164306640625","male","-10.06"
"4_1_0_20170103181119880.jpg.chip.jpg","4","female","","","","","","","1.389988660812378","female","-2.61"
"31_1_1_20170112211518637.jpg.chip.jpg","31","female","","","","28.7","female","-2.30","23.469575881958008","female","-7.53"
"31_1_1_20170116002105934.jpg.chip.jpg","31","female","38.738067626953125","male","7.74","28.8","female","-2.20","34.15446090698242","female","3.15"
"3_0_2_20161219212426998.jpg.chip.jpg","3","male","","","","","male","","1.4832887649536133","female","-1.52"
"54_1_0_20170117171505517.jpg.chip.jpg","54","female","","","","29.2","","-24.80","24.656118392944336","female","-29.34"
"42_1_1_20170113012041287.jpg.chip.jpg","42","female","31.811668395996094","female","-10.19","29.3","female","-12.70","30.380836486816406","female","-11.62"
"26_1_1_20170112212030764.jpg.chip.jpg","26","female","22.153499603271484","female","-3.85","23.6","female","-2.40","20.81026268005371","female","-5.19"
"64_0_0_20170104185416238.jpg.chip.jpg","64","male","","","","69","male","5.00","67.12074279785156","male","3.12"
"14_1_0_20170104005937407.jpg.chip.jpg","14","female","","","","16.5","female","2.50","10.569241523742676","female","-3.43"
"22_0_1_20170114033114683.jpg.chip.jpg","22","male","17.407005310058594","male","-4.59","23.1","male","1.10","20.131290435791016","male","-1.87"
"34_0_3_20170119200547004.jpg.chip.jpg","34","male","","","","34.5","male","0.50","46.326595306396484","male","12.33"
"35_0_3_20170119201417013.jpg.chip.jpg","35","male","","","","38.6","male","3.60","56.40010070800781","male","21.40"
"1_0_2_20161219194859803.jpg.chip.jpg","1","male","0.8201661109924316","female","-0.18","","female","","1.047685146331787","female","0.05"
"32_1_1_20170112210316260.jpg.chip.jpg","32","female","","","","29.3","female","-2.70","50.03505325317383","female","18.04"
"47_0_0_20170104184157446.jpg.chip.jpg","47","male","49.56366729736328","male","2.56","38.7","male","-8.30","43.94831848144531","male","-3.05"
"36_1_1_20170113013001026.jpg.chip.jpg","36","female","38.45423889160156","female","2.45","28.7","female","-7.30","32.57514572143555","female","-3.42"
"57_0_0_20170120222949154.jpg.chip.jpg","57","male","","","","38.8","male","-18.20","55.806583404541016","male","-1.19"
"35_0_2_20170116165347849.jpg.chip.jpg","35","male","29.7794189453125","male","-5.22","38.7","male","3.70","31.968711853027344","male","-3.03"
"49_0_0_20170117170554905.jpg.chip.jpg","49","male","","","","28.8","male","-20.20","42.723140716552734","male","-6.28"
"30_1_2_20170116164357135.jpg.chip.jpg","30","female","","","","29.5","female","-0.50","22.31769561767578","female","-7.68"
"26_1_1_20170117200437960.jpg.chip.jpg","26","female","","","","29.1","male","3.10","40.084495544433594","female","14.08"
"80_0_0_20170117174755679.jpg.chip.jpg","80","male","","","","29.2","male","-50.80","70.80172729492188","male","-9.20"
"5_1_4_20161219185942044.jpg.chip.jpg","5","female","","","","","female","","11.261327743530273","female","6.26"
"1_1_2_20161219162843079.jpg.chip.jpg","1","female","","","","","","","1.0796865224838257","male","0.08"
"30_1_1_20170112210433845.jpg.chip.jpg","30","female","","","","29.4","male","-0.60","26.55209732055664","female","-3.45"
"29_1_4_20170103235218684.jpg.chip.jpg","29","female","","","","29.5","female","0.50","33.4649658203125","female","4.46"
"60_0_0_20170113210127405.jpg.chip.jpg","60","male","","","","68.8","male","8.80","62.34493637084961","male","2.34"
"24_1_2_20170116174413898.jpg.chip.jpg","24","female","","","","29.6","female","5.60","26.110626220703125","female","2.11"
"18_1_0_20170109214646809.jpg.chip.jpg","18","female","21.9531307220459","female","3.95","22.3","female","4.30","20.68561553955078","female","2.69"
"20_1_0_20170105184054896.jpg.chip.jpg","20","female","","","","28.9","female","8.90","16.44537353515625","female","-3.55"
"26_1_0_20170112203844509.jpg.chip.jpg","26","female","","","","29.4","female","3.40","32.202449798583984","female","6.20"
"50_0_1_20170113173649243.jpg.chip.jpg","50","male","33.14303970336914","male","-16.86","34.5","male","-15.50","34.05635452270508","male","-15.94"
"26_1_3_20170104235406507.jpg.chip.jpg","26","female","","","","28.8","female","2.80","23.591352462768555","female","-2.41"
"18_1_0_20170117140252214.jpg.chip.jpg","18","female","","","","28.5","female","10.50","21.12135124206543","female","3.12"
"22_0_1_20170113195511076.jpg.chip.jpg","22","male","","","","23.5","male","1.50","26.830469131469727","male","4.83"
"1_0_3_20161220220317465.jpg.chip.jpg","1","male","1.0128800868988037","male","0.01","","male","","1.1167274713516235","male","0.12"
"24_0_1_20170113151005343.jpg.chip.jpg","24","male","18.52566146850586","male","-5.47","23.8","male","-0.20","21.773040771484375","male","-2.23"
"3_1_0_20170109191833465.jpg.chip.jpg","3","female","2.3823249340057373","female","-0.62","","","","2.6758852005004883","female","-0.32"
"53_0_3_20170109132854337.jpg.chip.jpg","53","male","","","","29.2","male","-23.80","51.144309997558594","male","-1.86"
"25_1_3_20170117140714944.jpg.chip.jpg","25","female","","","","29.1","female","4.10","25.64131736755371","female","0.64"
"35_0_3_20170119175248164.jpg.chip.jpg","35","male","","","","29.3","male","-5.70","49.216453552246094","male","14.22"
"29_1_2_20170116164937910.jpg.chip.jpg","29","female","24.898914337158203","female","-4.10","29.5","female","0.50","24.814062118530273","female","-4.19"
"66_0_1_20170111195703017.jpg.chip.jpg","66","male","59.17981719970703","male","-6.82","57.5","male","-8.50","57.047157287597656","male","-8.95"
"54_0_0_20170120223246116.jpg.chip.jpg","54","male","","","","39.2","male","-14.80","51.03376770019531","male","-2.97"
"64_0_0_20170109015151096.jpg.chip.jpg","64","male","","","","69.1","male","5.10","58.53976821899414","male","-5.46"
"3_0_0_20170110213445289.jpg.chip.jpg","3","male","1.37544584274292","male","-1.62","","female","","1.6075844764709473","male","-1.39"
"1_0_0_20170110212907649.jpg.chip.jpg","1","male","3.236396312713623","male","2.24","","female","","5.214378356933594","male","4.21"
"80_0_0_20170111201430389.jpg.chip.jpg","80","male","","","","69.2","male","-10.80","77.92667388916016","male","-2.07"
"1_1_2_20161219142156353.jpg.chip.jpg","1","female","","","","28.8","female","27.80","1.8331918716430664","female","0.83"
"30_1_2_20170119150857103.jpg.chip.jpg","30","female","26.308635711669922","female","-3.69","29.5","female","-0.50","25.517908096313477","female","-4.48"
"28_1_3_20170117184127794.jpg.chip.jpg","28","female","","","","29.4","male","1.40","30.557992935180664","female","2.56"
"63_0_0_20170120225710313.jpg.chip.jpg","63","male","","","","58.5","male","-4.50","75.0849838256836","male","12.08"
"48_0_0_20170119205302120.jpg.chip.jpg","48","male","48.508567810058594","male","0.51","39.3","male","-8.70","47.16452407836914","male","-0.84"
"21_0_0_20170117193733557.jpg.chip.jpg","21","male","28.868101119995117","male","7.87","26.5","male","5.50","28.269378662109375","male","7.27"
"1_0_4_20161221193531198.jpg.chip.jpg","1","male","0.7257596254348755","male","-0.27","","male","","0.9352695941925049","male","-0.06"
"22_0_4_20170103234615652.jpg.chip.jpg","22","male","","","","28.7","male","6.70","31.867944717407227","male","9.87"
"50_0_0_20170120222751913.jpg.chip.jpg","50","male","","","","39.1","male","-10.90","57.707271575927734","male","7.71"
"1_1_2_20161219212720270.jpg.chip.jpg","1","female","1.006967544555664","male","0.01","","male","","1.1529209613800049","female","0.15"
"36_1_0_20170117135848980.jpg.chip.jpg","36","female","","","","36.3","female","0.30","48.487571716308594","female","12.49"
"26_1_0_20170117170417131.jpg.chip.jpg","26","female","30.662761688232422","female","4.66","28.8","female","2.80","30.00282096862793","female","4.00"
"25_0_3_20170104214558568.jpg.chip.jpg","25","male","25.564746856689453","male","0.56","28.7","male","3.70","24.59502410888672","female","-0.40"
"58_0_2_20170116193610463.jpg.chip.jpg","58","male","","","","69.3","male","11.30","69.59646606445312","male","11.60"
"23_0_3_20170119163841604.jpg.chip.jpg","23","male","27.320270538330078","male","4.32","28.7","male","5.70","32.42668533325195","male","9.43"
"23_0_1_20170113133833362.jpg.chip.jpg","23","male","28.7484130859375","male","5.75","23.6","male","0.60","31.50102424621582","male","8.50"
"72_0_0_20170111222541402.jpg.chip.jpg","72","male","","","","69.3","male","-2.70","73.20442962646484","male","1.20"
"58_1_0_20170117204753192.jpg.chip.jpg","58","female","64.09697723388672","male","6.10","29.3","male","-28.70","62.39741516113281","male","4.40"
"41_0_1_20170116183322571.jpg.chip.jpg","41","male","","","","23.7","male","-17.30","33.54630661010742","male","-7.45"
"41_0_4_20170117022116049.jpg.chip.jpg","41","male","","","","38.7","male","-2.30","43.642642974853516","male","2.64"
"35_0_4_20170116191747403.jpg.chip.jpg","35","male","29.627643585205078","male","-5.37","33.4","male","-1.60","30.384374618530273","male","-4.62"
"24_1_0_20170116205900085.jpg.chip.jpg","24","female","","","","28.9","female","4.90","19.020896911621094","female","-4.98"
"1_1_2_20161219141709601.jpg.chip.jpg","1","female","1.2079579830169678","female","0.21","","male","","1.1802561283111572","female","0.18"
"21_0_4_20161223214821265.jpg.chip.jpg","21","male","","","","4","female","-17.00","1.162591576576233","female","-19.84"
"10_0_0_20170103233459275.jpg.chip.jpg","10","male","","","","9.1","male","-0.90","10.437800407409668","male","0.44"
"34_0_3_20170119162817677.jpg.chip.jpg","34","male","","","","28.9","male","-5.10","27.125579833984375","male","-6.87"
"17_1_3_20170104222027959.jpg.chip.jpg","17","female","","","","29.4","female","12.40","17.84937286376953","female","0.85"
"12_0_0_20170103200900511.jpg.chip.jpg","12","male","11.731945991516113","female","-0.27","28.5","female","16.50","11.624446868896484","female","-0.38"
"54_0_0_20170104212537133.jpg.chip.jpg","54","male","","","","39.2","male","-14.80","49.96274185180664","male","-4.04"
"26_1_1_20170116225003486.jpg.chip.jpg","26","female","","","","28.6","female","2.60","15.31245231628418","female","-10.69"
"52_0_0_20170111195826832.jpg.chip.jpg","52","male","","","","54.7","male","2.70","60.644718170166016","male","8.64"
"3_1_2_20161219190200060.jpg.chip.jpg","3","female","","","","","female","","1.0323638916015625","female","-1.97"
"18_0_0_20170110231723682.jpg.chip.jpg","18","male","","","","28.6","male","10.60","22.92428207397461","male","4.92"
"45_1_0_20170109221130179.jpg.chip.jpg","45","female","31.129674911499023","female","-13.87","36.4","female","-8.60","29.061933517456055","female","-15.94"
"26_1_1_20170116153240337.jpg.chip.jpg","26","female","","","","29.3","","3.30","15.465431213378906","female","-10.53"
"1_1_4_20161221201512713.jpg.chip.jpg","1","female","","","","","female","","1.438002586364746","female","0.44"
"63_0_0_20170113210318902.jpg.chip.jpg","63","male","","","","44.2","male","-18.80","74.25819396972656","male","11.26"
"26_1_1_20170117174033437.jpg.chip.jpg","26","female","","","","29.3","male","3.30","36.03561782836914","female","10.04"
"55_0_0_20170117190545195.jpg.chip.jpg","55","male","65.53185272216797","male","10.53","38.8","male","-16.20","65.36536407470703","male","10.37"
"35_0_1_20170113155220675.jpg.chip.jpg","35","male","35.17218780517578","male","0.17","28.5","male","-6.50","34.676761627197266","male","-0.32"
"26_0_0_20170117172222445.jpg.chip.jpg","26","male","","","","28.6","male","2.60","27.17477798461914","male","1.17"
"40_0_3_20170104201852330.jpg.chip.jpg","40","male","","","","28.7","male","-11.30","38.273441314697266","male","-1.73"
"29_1_0_20170104023227077.jpg.chip.jpg","29","female","","","","36.4","female","7.40","38.76625442504883","female","9.77"
"64_0_0_20170111171747624.jpg.chip.jpg","64","male","","","","69.2","male","5.20","65.24665069580078","male","1.25"
"70_1_0_20170120221625677.jpg.chip.jpg","70","female","","","","69.1","female","-0.90","61.04423904418945","female","-8.96"
"96_1_2_20170110183528193.jpg.chip.jpg","96","female","","","","34.3","male","-61.70","92.39078521728516","female","-3.61"
"32_0_1_20170113134029255.jpg.chip.jpg","32","male","","","","28.6","male","-3.40","31.283832550048828","male","-0.72"
"50_0_0_20170116235445244.jpg.chip.jpg","50","male","","","","38.7","male","-11.30","47.962669372558594","male","-2.04"
"5_0_2_20161220145611447.jpg.chip.jpg","5","male","","","","9","female","4.00","2.1144320964813232","male","-2.89"
"26_0_2_20170116180219752.jpg.chip.jpg","26","male","","","","28.8","male","2.80","37.19609451293945","male","11.20"
"23_1_2_20170116173253789.jpg.chip.jpg","23","female","","","","16.2","","-6.80","16.809144973754883","female","-6.19"
"1_1_0_20170109190516994.jpg.chip.jpg","1","female","1.336778998374939","female","0.34","","female","","1.1492947340011597","female","0.15"
"26_0_2_20170116181230382.jpg.chip.jpg","26","male","25.20035743713379","male","-0.80","29.4","male","3.40","26.264949798583984","male","0.26"
"28_0_1_20170117020658579.jpg.chip.jpg","28","male","","","","29.4","male","1.40","25.95905876159668","male","-2.04"
"60_0_2_20170116191403867.jpg.chip.jpg","60","male","","","","68.8","male","8.80","","",""
"55_0_3_20170119184209837.jpg.chip.jpg","55","male","","","","29.2","male","-25.80","50.835426330566406","male","-4.16"
"24_1_2_20170116171627787.jpg.chip.jpg","24","female","","","","28.9","female","4.90","20.14822006225586","female","-3.85"
"34_0_3_20170119160235323.jpg.chip.jpg","34","male","","","","28.7","male","-5.30","17.2996768951416","male","-16.70"
"78_0_0_20170111210105923.jpg.chip.jpg","78","male","74.32422637939453","male","-3.68","59.3","male","-18.70","76.85848999023438","male","-1.14"
"2_0_0_20170110212710755.jpg.chip.jpg","2","male","1.7050457000732422","male","-0.29","","male","","1.7751954793930054","male","-0.22"
"40_1_2_20170117175140261.jpg.chip.jpg","40","female","41.94259262084961","female","1.94","28.9","female","-11.10","40.73064422607422","female","0.73"
"67_0_0_20170108235729190.jpg.chip.jpg","67","male","","","","39.2","male","-27.80","66.77052307128906","male","-0.23"
"29_1_1_20170117190506301.jpg.chip.jpg","29","female","","","","28.6","female","-0.40","38.13673400878906","female","9.14"
"24_1_2_20170116165445234.jpg.chip.jpg","24","female","19.43467140197754","female","-4.57","29.5","female","5.50","19.452260971069336","female","-4.55"
"20_0_0_20170117151603012.jpg.chip.jpg","20","male","","","","28.6","male","8.60","18.102182388305664","male","-1.90"
"80_0_0_20170111210305500.jpg.chip.jpg","80","male","","","","69.3","male","-10.70","76.29795837402344","male","-3.70"
"1_0_1_20170117130048013.jpg.chip.jpg","1","male","","","","4.1","female","3.10","2.881673812866211","female","1.88"
"36_0_3_20170119201708181.jpg.chip.jpg","36","male","","","","28.7","male","-7.30","48.22911071777344","male","12.23"
"26_1_0_20170117174852519.jpg.chip.jpg","26","female","","","","28.5","female","2.50","22.63605308532715","female","-3.36"
"48_0_0_20170104201250552.jpg.chip.jpg","48","male","","","","38.8","male","-9.20","39.00929641723633","male","-8.99"
"61_1_0_20170117174639693.jpg.chip.jpg","61","female","","","","28.9","female","-32.10","54.25930404663086","female","-6.74"
"39_1_1_20170117165529710.jpg.chip.jpg","39","female","","","","28.8","male","-10.20","33.49293899536133","male","-5.51"
"4_0_0_20170110211454141.jpg.chip.jpg","4","male","2.5352864265441895","female","-1.46","4.1","female","0.10","2.611239194869995","female","-1.39"
"26_1_1_20170116153211138.jpg.chip.jpg","26","female","","","","28.7","female","2.70","30.02547836303711","female","4.03"
"37_0_3_20170119175010298.jpg.chip.jpg","37","male","","","","39.3","male","2.30","40.484413146972656","male","3.48"
"21_1_4_20170103223244111.jpg.chip.jpg","21","female","","","","16.2","female","-4.80","19.1505184173584","female","-1.85"
"4_1_3_20161219225056888.jpg.chip.jpg","4","female","4.999880790710449","female","1.00","9.4","female","5.40","4.673125743865967","female","0.67"
"22_0_2_20170116165407686.jpg.chip.jpg","22","male","20.28376579284668","male","-1.72","16.2","male","-5.80","22.777450561523438","male","0.78"
"70_0_1_20170109150936134.jpg.chip.jpg","70","male","","","","58.7","male","-11.30","70.74085998535156","male","0.74"
"28_0_2_20170116164225550.jpg.chip.jpg","28","male","","","","28.6","male","0.60","27.12120246887207","male","-0.88"
"52_1_0_20170113184714320.jpg.chip.jpg","52","female","","","","29.2","female","-22.80","62.45002365112305","female","10.45"
"44_0_0_20170116222018302.jpg.chip.jpg","44","male","","","","29.2","male","-14.80","57.56210708618164","male","13.56"
"21_0_0_20170110232137372.jpg.chip.jpg","21","male","25.214664459228516","male","4.21","28.5","male","7.50","24.959192276000977","male","3.96"
"27_1_2_20170116171540755.jpg.chip.jpg","27","female","","","","16.1","female","-10.90","21.686077117919922","female","-5.31"
"31_1_2_20170105161436755.jpg.chip.jpg","31","female","8.795097351074219","female","-22.20","29.1","female","-1.90","12.598965644836426","female","-18.40"
"41_1_0_20170104171619994.jpg.chip.jpg","41","female","","","","39.2","female","-1.80","49.36508560180664","female","8.37"
"96_1_2_20170110182526540.jpg.chip.jpg","96","female","87.26940155029297","female","-8.73","69.1","male","-26.90","86.83421325683594","female","-9.17"
"23_1_3_20170117144716562.jpg.chip.jpg","23","female","20.054319381713867","male","-2.95","26.5","male","3.50","23.13322639465332","male","0.13"
"26_1_2_20170116184821778.jpg.chip.jpg","26","female","","","","29.4","female","3.40","24.001689910888672","female","-2.00"
"23_0_0_20170112203926171.jpg.chip.jpg","23","male","27.52223014831543","male","4.52","28.6","male","5.60","27.49517250061035","male","4.50"
"28_0_3_20170119194514838.jpg.chip.jpg","28","male","","","","28.5","male","0.50","26.17986297607422","male","-1.82"
"43_0_1_20170104184132454.jpg.chip.jpg","43","male","51.984317779541016","male","8.98","39.2","male","-3.80","50.65073013305664","male","7.65"
"1_1_3_20161219225027497.jpg.chip.jpg","1","female","1.575010061264038","female","0.58","4","female","3.00","1.1523807048797607","female","0.15"
"2_1_2_20161219141220720.jpg.chip.jpg","2","female","3.332664966583252","male","1.33","","","","2.253246784210205","female","0.25"
"38_1_0_20170109002805707.jpg.chip.jpg","38","female","31.86197280883789","female","-6.14","36.3","female","-1.70","28.897287368774414","female","-9.10"
"79_0_2_20170105174927254.jpg.chip.jpg","79","male","","","","48.8","male","-30.20","72.64482879638672","male","-6.36"
"27_1_1_20170113001019472.jpg.chip.jpg","27","female","","","","28.5","female","1.50","27.711341857910156","female","0.71"
"45_1_0_20170120221126908.jpg.chip.jpg","45","female","","","","36.4","female","-8.60","37.96091842651367","female","-7.04"
"14_1_0_20170109214635943.jpg.chip.jpg","14","female","","","","29.4","female","15.40","19.139263153076172","female","5.14"
"26_1_1_20170116232330694.jpg.chip.jpg","26","female","","","","23.7","female","-2.30","23.666662216186523","female","-2.33"
"35_0_1_20170117135116141.jpg.chip.jpg","35","male","","","","38.7","female","3.70","41.76219177246094","female","6.76"
"24_1_0_20170105000615467.jpg.chip.jpg","24","female","","","","28.6","female","4.60","24.26133155822754","female","0.26"
"18_1_3_20170109212742369.jpg.chip.jpg","18","female","","","","28.7","female","10.70","10.916922569274902","female","-7.08"
"35_0_1_20170116225124900.jpg.chip.jpg","35","male","","","","29.3","male","-5.70","30.657873153686523","male","-4.34"
"52_0_0_20170104205721803.jpg.chip.jpg","52","male","","","","34.3","male","-17.70","51.62173843383789","male","-0.38"
"28_1_4_20170117170432153.jpg.chip.jpg","28","female","","","","29.4","female","1.40","36.40211868286133","female","8.40"
"44_0_0_20170113210319338.jpg.chip.jpg","44","male","56.36760711669922","male","12.37","38.6","male","-5.40","54.94625473022461","male","10.95"
"54_0_3_20170119210115904.jpg.chip.jpg","54","male","","","","39.2","male","-14.80","54.02077865600586","male","0.02"
"38_1_0_20170109142047234.jpg.chip.jpg","38","female","","","","37.2","male","-0.80","37.97539138793945","female","-0.02"
"32_1_3_20170104232241306.jpg.chip.jpg","32","female","","","","29.2","female","-2.80","29.071075439453125","female","-2.93"
"29_1_0_20170105165153564.jpg.chip.jpg","29","female","","","","29.4","female","0.40","30.73287582397461","female","1.73"
"30_0_0_20170117151438712.jpg.chip.jpg","30","male","","","","16.7","male","-13.30","26.590152740478516","male","-3.41"
"26_1_2_20170116184827669.jpg.chip.jpg","26","female","","","","16.3","female","-9.70","24.839475631713867","female","-1.16"
"24_1_3_20170117150320420.jpg.chip.jpg","24","female","24.109092712402344","female","0.11","23.5","female","-0.50","25.103612899780273","female","1.10"
"16_0_0_20170104012305505.jpg.chip.jpg","16","male","11.093693733215332","male","-4.91","9.6","male","-6.40","11.5958251953125","male","-4.40"
"14_0_0_2017011022340900.jpg.chip.jpg","14","male","","","","4","","-10.00","7.817721366882324","male","-6.18"
"58_0_0_20170117153829116.jpg.chip.jpg","58","male","","","","58.6","male","0.60","71.67203521728516","male","13.67"
"21_0_1_20170105002506437.jpg.chip.jpg","21","male","26.37071418762207","male","5.37","28.6","male","7.60","24.404199600219727","male","3.40"
"75_0_1_20170111210115928.jpg.chip.jpg","75","male","","","","69.2","male","-5.80","75.7942123413086","male","0.79"
"25_1_3_20170116200907622.jpg.chip.jpg","25","female","","","","28.9","male","3.90","12.38564682006836","female","-12.61"
"35_0_3_20170119144837604.jpg.chip.jpg","35","male","28.46609115600586","male","-6.53","38.7","male","3.70","27.68259048461914","male","-7.32"
"47_0_4_20170104002132109.jpg.chip.jpg","47","male","55.605979919433594","male","8.61","39.1","male","-7.90","56.90312194824219","male","9.90"
"12_1_0_20170117181943783.jpg.chip.jpg","12","female","","","","8.9","female","-3.10","14.666681289672852","female","2.67"
"2_1_4_20161221200558048.jpg.chip.jpg","2","female","1.255570411682129","male","-0.74","","female","","1.4111089706420898","male","-0.59"
"52_0_3_20170104202143258.jpg.chip.jpg","52","male","47.21196365356445","male","-4.79","38.6","male","-13.40","45.29893112182617","male","-6.70"
"3_1_2_20161219152946212.jpg.chip.jpg","3","female","","","","","female","","0.9801620841026306","female","-2.02"
"1_0_3_20161220142926159.jpg.chip.jpg","1","male","","","","","female","","1.2017202377319336","male","0.20"
"37_1_2_20170105172724340.jpg.chip.jpg","37","female","","","","28.9","female","-8.10","33.671321868896484","female","-3.33"
"30_0_1_20170116011020977.jpg.chip.jpg","30","male","","","","33.5","male","3.50","31.03857421875","male","1.04"
"1_0_2_20161219195959395.jpg.chip.jpg","1","male","","","","","female","","1.1616592407226562","female","0.16"
"30_1_2_20170116192527784.jpg.chip.jpg","30","female","","","","16.2","female","-13.80","19.791015625","female","-10.21"
"40_1_1_20170117170159680.jpg.chip.jpg","40","female","","","","28.8","female","-11.20","28.180910110473633","female","-11.82"
"31_1_0_20170117133435466.jpg.chip.jpg","31","female","","","","30.4","female","-0.60","36.104862213134766","female","5.10"
"90_1_0_20170110182008441.jpg.chip.jpg","90","female","","","","68.8","female","-21.20","99.43736267089844","female","9.44"
"35_0_0_20170113183145134.jpg.chip.jpg","35","male","28.71649932861328","male","-6.28","28.5","male","-6.50","31.325698852539062","male","-3.67"
"26_1_0_20170116234619701.jpg.chip.jpg","26","female","","","","29.3","female","3.30","27.185121536254883","female","1.19"
"75_1_0_20170120230326690.jpg.chip.jpg","75","female","","","","69.3","male","-5.70","81.36717987060547","female","6.37"
"22_1_2_20170116172137259.jpg.chip.jpg","22","female","","","","28.7","female","6.70","24.93856430053711","female","2.94"
"6_1_2_20161219140554092.jpg.chip.jpg","6","female","","","","16.1","male","10.10","5.072049140930176","male","-0.93"
"25_1_1_20170112205216610.jpg.chip.jpg","25","female","","","","28.9","female","3.90","20.93975067138672","female","-4.06"
"33_1_3_20170104235051234.jpg.chip.jpg","33","female","","","","29.5","female","-3.50","30.923885345458984","female","-2.08"
"33_0_1_20170116215201422.jpg.chip.jpg","33","male","41.24374771118164","male","8.24","38.7","male","5.70","42.28876876831055","male","9.29"
"22_1_0_20170112192312350.jpg.chip.jpg","22","female","","","","29","female","7.00","27.74716567993164","female","5.75"
"56_0_0_20170113185156200.jpg.chip.jpg","56","male","","","","48.6","male","-7.40","62.62645721435547","male","6.63"
"26_0_3_20170119145951982.jpg.chip.jpg","26","male","","","","28.6","male","2.60","24.504581451416016","male","-1.50"
"28_1_0_20170117122007867.jpg.chip.jpg","28","female","","","","36.4","female","8.40","34.89269256591797","female","6.89"
"19_1_0_20170109213247084.jpg.chip.jpg","19","female","20.89312171936035","female","1.89","23.6","female","4.60","21.430309295654297","female","2.43"
"7_1_0_20170109201632806.jpg.chip.jpg","7","female","4.2603278160095215","female","-2.74","9","female","2.00","4.311385631561279","female","-2.69"
"68_0_0_20170117172643040.jpg.chip.jpg","68","male","","","","58.5","male","-9.50","58.629356384277344","male","-9.37"
"29_1_1_20170116171310427.jpg.chip.jpg","29","female","","","","29.3","female","0.30","30.19536781311035","female","1.20"
"60_1_0_20170110151441645.jpg.chip.jpg","60","female","50.4770393371582","female","-9.52","28.7","female","-31.30","46.82173538208008","female","-13.18"
"26_0_0_20170117171705044.jpg.chip.jpg","26","male","","","","28.5","male","2.50","31.226459503173828","male","5.23"
"32_1_3_20170104232404770.jpg.chip.jpg","32","female","","","","29.3","male","-2.70","25.183088302612305","female","-6.82"
"38_1_0_20170104201618841.jpg.chip.jpg","38","female","","","","29.3","female","-8.70","45.25711441040039","female","7.26"
"3_1_3_20161219230023400.jpg.chip.jpg","3","female","","","","8.9","female","5.90","2.0729193687438965","female","-0.93"
"1_0_0_20161219211413621.jpg.chip.jpg","1","male","","","","","female","","0.9649195075035095","male","-0.04"
"26_0_1_20170113154843417.jpg.chip.jpg","26","male","","","","28.6","male","2.60","26.356225967407227","male","0.36"
"69_1_0_20170110141304032.jpg.chip.jpg","69","female","66.89627838134766","female","-2.10","68.8","female","-0.20","69.52340698242188","female","0.52"
"34_1_1_20170116164431637.jpg.chip.jpg","34","female","25.500471115112305","female","-8.50","28.6","female","-5.40","24.20417022705078","female","-9.80"
"18_1_0_20170117140340105.jpg.chip.jpg","18","female","22.541126251220703","female","4.54","28.8","female","10.80","22.312091827392578","female","4.31"
"1_0_3_20161219225843128.jpg.chip.jpg","1","male","1.1217659711837769","male","0.12","","male","","0.6462498903274536","male","-0.35"
"16_0_0_20170110231645188.jpg.chip.jpg","16","male","19.286285400390625","male","3.29","28.6","female","12.60","18.300127029418945","male","2.30"
"8_1_0_20170109204910999.jpg.chip.jpg","8","female","10.386865615844727","female","2.39","16.4","female","8.40","7.81387996673584","female","-0.19"
"2_1_4_20170103210129538.jpg.chip.jpg","2","female","","","","29.3","male","27.30","0.5561321377754211","male","-1.44"
"79_0_2_20170116194001100.jpg.chip.jpg","79","male","74.00749206542969","female","-4.99","69.2","male","-9.80","78.0781021118164","male","-0.92"
"26_1_1_20170112212042603.jpg.chip.jpg","26","female","","","","28.7","female","2.70","27.995403289794922","female","2.00"
"25_0_0_20170117140932120.jpg.chip.jpg","25","male","","","","20.4","male","-4.60","24.146739959716797","male","-0.85"
"26_0_0_20170117172408564.jpg.chip.jpg","26","male","","","","25.4","male","-0.60","25.066757202148438","male","-0.93"
"58_0_0_20170117191839091.jpg.chip.jpg","58","male","","","","39.2","male","-18.80","49.73138427734375","male","-8.27"
"23_1_2_20170116173215428.jpg.chip.jpg","23","female","","","","28.7","female","5.70","25.656904220581055","female","2.66"
"52_0_1_20170113184035487.jpg.chip.jpg","52","male","","","","39.3","male","-12.70","49.59139633178711","male","-2.41"
"36_0_0_20170116011210805.jpg.chip.jpg","36","male","","","","28.6","male","-7.40","31.94844627380371","male","-4.05"
"54_0_0_20170113210319475.jpg.chip.jpg","54","male","","","","29.2","male","-24.80","","",""
"35_0_4_20170104181306061.jpg.chip.jpg","35","male","","","","29.2","male","-5.80","32.299198150634766","male","-2.70"
"27_0_1_20170113135622875.jpg.chip.jpg","27","male","","","","23.8","male","-3.20","25.99966049194336","male","-1.00"
"61_0_1_20170116030045810.jpg.chip.jpg","61","male","","","","29.3","male","-31.70","54.68253707885742","male","-6.32"
"53_0_3_20170119164140382.jpg.chip.jpg","53","male","","","","29.3","male","-23.70","38.74332046508789","male","-14.26"
"29_0_0_20170117130607527.jpg.chip.jpg","29","male","26.532135009765625","male","-2.47","26.6","male","-2.40","28.49268341064453","male","-0.51"
"26_1_1_20170117155009422.jpg.chip.jpg","26","female","","","","28.9","female","2.90","29.20439910888672","female","3.20"
"23_0_2_20170116172912257.jpg.chip.jpg","23","male","","","","16.3","male","-6.70","22.11556625366211","male","-0.88"
"58_0_0_20170120224656976.jpg.chip.jpg","58","male","","","","58.5","male","0.50","59.33296203613281","male","1.33"
"24_1_0_20170104234820025.jpg.chip.jpg","24","female","24.175905227661133","female","0.18","22","female","-2.00","23.58927345275879","female","-0.41"
"62_1_0_20170110175644800.jpg.chip.jpg","62","female","53.921512603759766","female","-8.08","38.8","female","-23.20","49.58570861816406","female","-12.41"
"29_0_1_20170117183551382.jpg.chip.jpg","29","male","","","","33.4","male","4.40","28.948814392089844","male","-0.05"
"90_1_0_20170111211648525.jpg.chip.jpg","90","female","","","","29.1","","-60.90","87.73054504394531","female","-2.27"
"26_1_1_20170112205907548.jpg.chip.jpg","26","female","","","","29.1","female","3.10","27.547414779663086","female","1.55"
"4_1_3_20161219230310713.jpg.chip.jpg","4","female","4.900287628173828","female","0.90","8.8","male","4.80","5.560631275177002","female","1.56"
"38_0_3_20170117162532923.jpg.chip.jpg","38","male","","","","28.6","male","-9.40","25.2791805267334","male","-12.72"
"26_1_2_20170116184651548.jpg.chip.jpg","26","female","","","","29.1","female","3.10","46.15945053100586","female","20.16"
"36_0_0_20170116210422517.jpg.chip.jpg","36","male","","","","38.6","male","2.60","35.79770278930664","male","-0.20"
"25_1_0_20170103181255384.jpg.chip.jpg","25","female","","","","29.5","female","4.50","42.51884841918945","female","17.52"
"27_1_2_20170116163816775.jpg.chip.jpg","27","female","","","","29.4","female","2.40","26.028682708740234","female","-0.97"
"4_1_2_20161219142227369.jpg.chip.jpg","4","female","1.0160565376281738","male","-2.98","","male","","0.9259724617004395","male","-3.07"
"55_1_0_20170117174812952.jpg.chip.jpg","55","female","","","","29.1","female","-25.90","60.59475326538086","female","5.59"
"18_1_0_20170109213109287.jpg.chip.jpg","18","female","21.53915786743164","female","3.54","23.6","female","5.60","19.165050506591797","female","1.17"
"25_0_0_20170117151647102.jpg.chip.jpg","25","male","","","","25.4","male","0.40","26.74437141418457","male","1.74"
"28_1_4_20170103235557846.jpg.chip.jpg","28","female","","","","29.1","female","1.10","40.30888366699219","female","12.31"
"99_1_0_20170120133837030.jpg.chip.jpg","99","female","84.96759033203125","female","-14.03","69.2","male","-29.80","81.53657531738281","female","-17.46"
"68_0_0_20170117171825450.jpg.chip.jpg","68","male","","","","39.2","male","-28.80","55.60366439819336","male","-12.40"
"8_1_0_20170109203200614.jpg.chip.jpg","8","female","3.565830707550049","female","-4.43","9.5","female","1.50","4.810608863830566","female","-3.19"
"45_0_3_20170113190535208.jpg.chip.jpg","45","male","","","","38.7","male","-6.30","42.90277862548828","male","-2.10"
"5_0_2_20161219192452267.jpg.chip.jpg","5","male","","","","16","male","11.00","4.107606410980225","male","-0.89"
"26_0_4_20170117195754045.jpg.chip.jpg","26","male","","","","29.3","male","3.30","26.688791275024414","male","0.69"
"30_0_1_20170117130038063.jpg.chip.jpg","30","male","","","","29.4","male","-0.60","31.825244903564453","male","1.83"
"32_1_1_20170116023841155.jpg.chip.jpg","32","female","22.083559036254883","female","-9.92","29.4","female","-2.60","20.727643966674805","female","-11.27"
"36_0_0_20170120134402762.jpg.chip.jpg","36","male","49.882850646972656","male","13.88","39.3","male","3.30","51.1556396484375","male","15.16"
"32_1_4_20170117203123744.jpg.chip.jpg","32","female","","","","29.4","female","-2.60","38.52653503417969","female","6.53"
"36_0_0_20170117135801612.jpg.chip.jpg","36","male","","","","28.4","male","-7.60","30.464941024780273","male","-5.54"
"42_0_4_20170104202126618.jpg.chip.jpg","42","male","37.81706619262695","male","-4.18","38.7","male","-3.30","37.351844787597656","male","-4.65"
"1_1_2_20161219202852780.jpg.chip.jpg","1","female","1.1140315532684326","female","0.11","","female","","1.2102527618408203","female","0.21"
"1_0_2_20161219190110523.jpg.chip.jpg","1","male","","","","29.2","male","28.20","1.2018377780914307","female","0.20"
"96_1_2_20170110183043609.jpg.chip.jpg","96","female","","","","69","male","-27.00","92.00845336914062","female","-3.99"
"35_0_2_20170116191142333.jpg.chip.jpg","35","male","37.477054595947266","male","2.48","29.2","male","-5.80","37.19072341918945","male","2.19"
"20_1_1_20170112191255227.jpg.chip.jpg","20","female","22.51395034790039","female","2.51","28.6","female","8.60","23.588224411010742","female","3.59"
"50_0_0_20170117003508336.jpg.chip.jpg","50","male","","","","57.3","male","7.30","59.77635192871094","male","9.78"
"26_1_1_20170112213032340.jpg.chip.jpg","26","female","","","","29.4","female","3.40","26.04855728149414","female","0.05"
"24_0_0_20170104002326444.jpg.chip.jpg","24","male","","","","28.5","male","4.50","26.27339744567871","male","2.27"
"26_1_4_20170103234115237.jpg.chip.jpg","26","female","","","","28.8","female","2.80","21.59598159790039","female","-4.40"
"36_0_1_20170116010623450.jpg.chip.jpg","36","male","","","","28.6","male","-7.40","35.38701248168945","male","-0.61"
"36_0_0_20170119201550109.jpg.chip.jpg","36","male","","","","38.5","male","2.50","46.4107780456543","male","10.41"
"28_1_2_20170116190118355.jpg.chip.jpg","28","female","24.216617584228516","female","-3.78","29.3","female","1.30","24.98516845703125","female","-3.01"
"26_1_3_20170117153618803.jpg.chip.jpg","26","female","","","","29.5","female","3.50","35.52474594116211","female","9.52"
"31_1_1_20170112230640389.jpg.chip.jpg","31","female","","","","28.9","female","-2.10","24.426910400390625","female","-6.57"
"1_1_3_20161220220541057.jpg.chip.jpg","1","female","1.7209370136260986","female","0.72","4.1","female","3.10","1.5448720455169678","female","0.54"
"35_0_0_20170117192314819.jpg.chip.jpg","35","male","","","","20.5","male","-14.50","30.096038818359375","male","-4.90"
"28_0_2_20170116175154482.jpg.chip.jpg","28","male","31.355257034301758","male","3.36","28.7","male","0.70","32.28504943847656","male","4.29"
"35_0_0_20170117134938738.jpg.chip.jpg","35","male","","","","28.7","male","-6.30","26.43292808532715","male","-8.57"
"9_0_0_20170110220351738.jpg.chip.jpg","9","male","8.440889358520508","male","-0.56","9.3","male","0.30","9.197428703308105","male","0.20"
"35_1_1_20170116233055885.jpg.chip.jpg","35","female","","","","29.3","female","-5.70","31.21366310119629","female","-3.79"
"30_0_1_20170116025831395.jpg.chip.jpg","30","male","35.21990203857422","male","5.22","29.3","male","-0.70","35.3686637878418","male","5.37"
"1_1_2_20161219202945116.jpg.chip.jpg","1","female","1.3113831281661987","female","0.31","","male","","1.3516188859939575","female","0.35"
"21_0_0_20170117141529337.jpg.chip.jpg","21","male","22.523334503173828","male","1.52","28.5","male","7.50","20.851896286010742","male","-0.15"
"26_1_1_20170113000717466.jpg.chip.jpg","26","female","","","","29.4","female","3.40","26.357046127319336","female","0.36"
"16_1_3_20170104214252949.jpg.chip.jpg","16","female","20.128171920776367","male","4.13","28.5","male","12.50","19.772951126098633","male","3.77"
"28_0_0_20170105162616443.jpg.chip.jpg","28","male","","","","28.5","male","0.50","34.01404571533203","male","6.01"
"22_0_3_20170119162922591.jpg.chip.jpg","22","male","","","","29.4","female","7.40","23.29871368408203","female","1.30"
"80_0_0_20170117173234032.jpg.chip.jpg","80","male","","","","39.1","male","-40.90","57.917991638183594","male","-22.08"
"50_1_0_20170104184846062.jpg.chip.jpg","50","female","","","","29","female","-21.00","49.9295654296875","female","-0.07"
"29_0_1_20170117104603706.jpg.chip.jpg","29","male","","","","28.6","male","-0.40","50.97344207763672","male","21.97"
"82_0_4_20170117190644623.jpg.chip.jpg","82","male","","","","68.9","male","-13.10","67.16641998291016","male","-14.83"
"34_0_0_20170117152424716.jpg.chip.jpg","34","male","","","","35.4","male","1.40","32.59617233276367","male","-1.40"
"2_1_4_20161221202503449.jpg.chip.jpg","2","female","","","","","female","","1.8392928838729858","female","-0.16"
"8_1_0_20170109202720967.jpg.chip.jpg","8","female","7.866270542144775","male","-0.13","8.6","female","0.60","9.170329093933105","female","1.17"
"51_0_1_20170111200729699.jpg.chip.jpg","51","male","","","","43.6","male","-7.40","54.81493377685547","male","3.81"
"26_1_2_20170115235521886.jpg.chip.jpg","26","female","","","","29.5","female","3.50","23.866254806518555","female","-2.13"
"36_1_3_20170119202210389.jpg.chip.jpg","36","female","","","","29.5","female","-6.50","36.16315460205078","female","0.16"
"26_1_3_20170117154935165.jpg.chip.jpg","26","female","","","","28.8","female","2.80","26.107587814331055","female","0.11"
"30_0_0_20170113011224350.jpg.chip.jpg","30","male","","","","28.4","male","-1.60","27.604055404663086","male","-2.40"
"23_1_3_20170104231757866.jpg.chip.jpg","23","female","24.924577713012695","female","1.92","28.6","female","5.60","25.49508285522461","female","2.50"
"11_0_0_20170110224606036.jpg.chip.jpg","11","male","11.95923900604248","male","0.96","28.7","male","17.70","11.788190841674805","male","0.79"
"26_0_0_20170117171708077.jpg.chip.jpg","26","male","36.31889724731445","male","10.32","28.4","male","2.40","37.134769439697266","male","11.13"
"8_1_0_20170109205109678.jpg.chip.jpg","8","female","","","","8.9","female","0.90","9.315271377563477","female","1.32"
"34_0_3_20170119200600229.jpg.chip.jpg","34","male","","","","29.3","male","-4.70","29.328351974487305","male","-4.67"
"28_0_0_20170117180517775.jpg.chip.jpg","28","male","","","","28.4","male","0.40","32.771697998046875","male","4.77"
"3_1_2_20161219160304718.jpg.chip.jpg","3","female","1.0323622226715088","female","-1.97","","female","","0.9661431908607483","male","-2.03"
"110_0_2_20170112223734562.jpg.chip.jpg","110","male","","","","29.2","male","-80.80","77.89048767089844","male","-32.11"
"27_0_3_20170119194353859.jpg.chip.jpg","27","male","","","","33.8","male","6.80","37.044395446777344","male","10.04"
"63_1_0_20170110160643845.jpg.chip.jpg","63","female","55.286380767822266","female","-7.71","36.4","female","-26.60","51.1225700378418","female","-11.88"
"19_1_3_20170104221744823.jpg.chip.jpg","19","female","","","","29.4","female","10.40","23.433603286743164","female","4.43"
"35_0_3_20170104214512933.jpg.chip.jpg","35","male","","","","38.6","male","3.60","41.60435104370117","male","6.60"
"22_1_1_20170114025217323.jpg.chip.jpg","22","female","","","","28.7","female","6.70","18.522754669189453","female","-3.48"
"21_0_0_20170116201127126.jpg.chip.jpg","21","male","20.05126953125","male","-0.95","16.3","male","-4.70","19.545509338378906","male","-1.45"
"85_1_0_20170110182111721.jpg.chip.jpg","85","female","85.14399719238281","female","0.14","69.4","female","-15.60","82.41891479492188","female","-2.58"
"28_0_1_20170117022131217.jpg.chip.jpg","28","male","","","","29.2","male","1.20","32.32794952392578","male","4.33"
"50_0_3_20170104220753655.jpg.chip.jpg","50","male","","","","38.9","male","-11.10","59.16401290893555","male","9.16"
"26_1_1_20170113012119680.jpg.chip.jpg","26","female","21.908113479614258","female","-4.09","23.6","female","-2.40","20.15076446533203","female","-5.85"
"80_0_0_20170117172950136.jpg.chip.jpg","80","male","","","","39.2","male","-40.80","59.69567108154297","male","-20.30"
"35_0_1_20170113134305216.jpg.chip.jpg","35","male","31.090343475341797","male","-3.91","29.4","male","-5.60","29.204076766967773","male","-5.80"
"54_0_3_20170119210124368.jpg.chip.jpg","54","male","57.137046813964844","male","3.14","39.1","male","-14.90","56.7431755065918","male","2.74"
"28_0_1_20170116192538185.jpg.chip.jpg","28","male","","","","34.7","male","6.70","42.67069625854492","male","14.67"
"52_0_3_20170119204331863.jpg.chip.jpg","52","male","","","","39.2","male","-12.80","46.2022705078125","male","-5.80"
"36_1_3_20170117183338262.jpg.chip.jpg","36","female","","","","28.7","female","-7.30","29.464679718017578","female","-6.54"
"72_0_1_20170113185442656.jpg.chip.jpg","72","male","","","","39.2","male","-32.80","72.94292449951172","male","0.94"
"50_0_3_20170119203909752.jpg.chip.jpg","50","male","48.8098258972168","male","-1.19","39.2","male","-10.80","50.952972412109375","male","0.95"
"2_0_3_20161220220702081.jpg.chip.jpg","2","male","1.295835018157959","female","-0.70","4","female","2.00","1.7054686546325684","female","-0.29"
"28_1_4_20170103182235849.jpg.chip.jpg","28","female","","","","28.8","female","0.80","31.66219139099121","female","3.66"
"14_1_4_20170103233153851.jpg.chip.jpg","14","female","11.04548168182373","female","-2.95","9.3","female","-4.70","10.523077011108398","female","-3.48"
"26_0_3_20170119184132638.jpg.chip.jpg","26","male","","","","34.4","male","8.40","40.88100814819336","male","14.88"
"17_0_1_20170113151030175.jpg.chip.jpg","17","male","23.9605770111084","male","6.96","28.7","male","11.70","23.43315315246582","female","6.43"
"30_0_0_20170117130646482.jpg.chip.jpg","30","male","","","","33.6","male","3.60","35.91547393798828","male","5.92"
"3_1_2_20161219142458105.jpg.chip.jpg","3","female","","","","16","female","13.00","2.477844715118408","female","-0.52"
"60_0_0_20170104184751214.jpg.chip.jpg","60","male","54.48433303833008","male","-5.52","39.2","male","-20.80","57.45614242553711","male","-2.54"
"35_1_1_20170117151422756.jpg.chip.jpg","35","female","","","","48.8","female","13.80","45.022361755371094","female","10.02"
"24_1_0_20170117150901270.jpg.chip.jpg","24","female","","","","28.6","female","4.60","18.140369415283203","female","-5.86"
"24_0_0_20170116215529092.jpg.chip.jpg","24","male","25.96202850341797","male","1.96","28.8","male","4.80","18.81722640991211","male","-5.18"
"9_0_0_20170110222903669.jpg.chip.jpg","9","male","10.201168060302734","male","1.20","9.2","female","0.20","9.248210906982422","male","0.25"
"6_0_0_20170110215531428.jpg.chip.jpg","6","male","9.626535415649414","male","3.63","8.7","male","2.70","7.544194221496582","male","1.54"
"55_0_3_20170117155001317.jpg.chip.jpg","55","male","","","","38.7","male","-16.30","51.535423278808594","male","-3.46"
"1_0_3_20161220220110553.jpg.chip.jpg","1","male","1.190539002418518","male","0.19","","male","","1.045470118522644","male","0.05"
"9_1_4_20170103200637399.jpg.chip.jpg","9","female","10.168842315673828","female","1.17","9.1","female","0.10","13.609085083007812","female","4.61"
"26_0_0_20170117171702618.jpg.chip.jpg","26","male","25.101577758789062","male","-0.90","28.5","male","2.50","24.46497344970703","male","-1.54"
"36_0_0_20170117135444550.jpg.chip.jpg","36","male","51.29317092895508","male","15.29","39.4","male","3.40","50.678165435791016","male","14.68"
"26_0_2_20170116183020432.jpg.chip.jpg","26","male","","","","28.9","male","2.90","49.99549102783203","male","24.00"
"35_1_0_20170103230424865.jpg.chip.jpg","35","female","","","","29.3","female","-5.70","39.08894348144531","female","4.09"
"1_1_2_20161219162243182.jpg.chip.jpg","1","female","1.215018630027771","female","0.22","","female","","1.3740453720092773","female","0.37"
"50_0_3_20170119205559383.jpg.chip.jpg","50","male","","","","34.3","male","-15.70","42.252803802490234","male","-7.75"
"22_1_1_20170113010348670.jpg.chip.jpg","22","female","","","","29.3","female","7.30","25.36089515686035","female","3.36"
"60_1_1_20170113185112295.jpg.chip.jpg","60","female","","","","68.9","male","8.90","63.489219665527344","female","3.49"
"28_1_4_20170117120426927.jpg.chip.jpg","28","female","","","","29.1","female","1.10","31.990909576416016","female","3.99"
"25_0_1_20170116205335757.jpg.chip.jpg","25","male","","","","28.7","male","3.70","14.823287963867188","male","-10.18"
"2_1_2_20161219211617551.jpg.chip.jpg","2","female","","","","16.1","female","14.10","1.6305036544799805","female","-0.37"
"22_1_1_20170112230505525.jpg.chip.jpg","22","female","","","","28.6","female","6.60","23.528108596801758","female","1.53"
"2_0_3_20161219225927088.jpg.chip.jpg","2","male","1.3735768795013428","female","-0.63","","female","","1.5150026082992554","female","-0.48"
"50_1_0_20170104165050048.jpg.chip.jpg","50","female","","","","29.3","male","-20.70","60.105777740478516","female","10.11"
"28_0_1_20170116152956497.jpg.chip.jpg","28","male","","","","28.7","male","0.70","37.2200813293457","male","9.22"
"56_0_3_20170119195816363.jpg.chip.jpg","56","male","47.99873733520508","male","-8.00","29.4","male","-26.60","41.11234664916992","male","-14.89"
"37_0_0_20170117140324990.jpg.chip.jpg","37","male","38.93498611450195","male","1.93","35.4","male","-1.60","36.9702262878418","male","-0.03"
"27_0_0_20170117175357929.jpg.chip.jpg","27","male","31.123580932617188","male","4.12","28.5","male","1.50","32.94443130493164","male","5.94"
"72_1_0_20170110184104942.jpg.chip.jpg","72","female","72.71610260009766","female","0.72","48.7","female","-23.30","74.41666412353516","female","2.42"
"1_1_3_20161219225320176.jpg.chip.jpg","1","female","","","","4","female","3.00","1.0866310596466064","female","0.09"
"1_1_3_20161220144637487.jpg.chip.jpg","1","female","2.0771777629852295","male","1.08","","female","","1.2100173234939575","male","0.21"
"29_1_4_20170103230141555.jpg.chip.jpg","29","female","32.422672271728516","female","3.42","29.5","female","0.50","33.25776290893555","female","4.26"
"33_1_1_20170116024027298.jpg.chip.jpg","33","female","","","","29.2","","-3.80","37.9945068359375","female","4.99"
"32_1_0_20170105164152987.jpg.chip.jpg","32","female","","","","29.2","female","-2.80","30.858694076538086","female","-1.14"
"8_1_3_20170109205422312.jpg.chip.jpg","8","female","5.574192047119141","female","-2.43","28.7","male","20.70","7.602593898773193","female","-0.40"
"50_0_0_20170117001207711.jpg.chip.jpg","50","male","","","","39","female","-11.00","60.993743896484375","female","10.99"
"34_0_3_20170119194902451.jpg.chip.jpg","34","male","30.083585739135742","male","-3.92","34.3","male","0.30","30.47169303894043","male","-3.53"
"26_1_4_20170117174316560.jpg.chip.jpg","26","female","","","","29.3","female","3.30","27.12898063659668","female","1.13"
"20_1_0_20170104020801388.jpg.chip.jpg","20","female","19.031768798828125","female","-0.97","23.7","female","3.70","17.405412673950195","female","-2.59"
"56_0_0_20170109012703197.jpg.chip.jpg","56","male","","","","69.2","male","13.20","56.30527877807617","male","0.31"
"1_1_3_20161219225515600.jpg.chip.jpg","1","female","","","","4","female","3.00","1.8946559429168701","female","0.89"
"1_1_0_20170109194432489.jpg.chip.jpg","1","female","1.0617283582687378","female","0.06","","","","1.050234079360962","female","0.05"
"57_0_3_20170119211458431.jpg.chip.jpg","57","male","","","","69.3","male","12.30","67.17948150634766","male","10.18"
"36_0_3_20170119201916448.jpg.chip.jpg","36","male","32.34859848022461","male","-3.65","38.7","male","2.70","34.34104537963867","male","-1.66"
"31_1_1_20170116231912509.jpg.chip.jpg","31","female","","","","29.3","female","-1.70","27.971891403198242","female","-3.03"
"57_0_0_20170103183943554.jpg.chip.jpg","57","male","","","","29.1","male","-27.90","","",""
"30_0_2_20170116164441153.jpg.chip.jpg","30","male","","","","29.3","male","-0.70","21.5606746673584","male","-8.44"
"21_1_2_20170105183505385.jpg.chip.jpg","21","female","24.837934494018555","female","3.84","16.3","female","-4.70","26.204242706298828","female","5.20"
"30_0_1_20170113141654362.jpg.chip.jpg","30","male","","","","28.5","male","-1.50","31.37929916381836","male","1.38"
"45_0_0_20170117181818036.jpg.chip.jpg","45","male","43.865760803222656","male","-1.13","34.5","male","-10.50","43.048370361328125","male","-1.95"
"50_0_3_20170119205352398.jpg.chip.jpg","50","male","","","","51.6","male","1.60","54.34335708618164","male","4.34"
"2_0_4_20161221194951087.jpg.chip.jpg","2","male","1.4508647918701172","female","-0.55","4","female","2.00","1.3847323656082153","female","-0.62"
"40_1_1_20170113001541188.jpg.chip.jpg","40","female","","","","29.4","female","-10.60","34.81246566772461","female","-5.19"
"1_0_1_20170110213656556.jpg.chip.jpg","1","male","1.406721591949463","male","0.41","","female","","1.409989833831787","female","0.41"
"54_0_1_20170117185822383.jpg.chip.jpg","54","male","47.28894805908203","male","-6.71","44.6","male","-9.40","48.3863525390625","male","-5.61"
"26_0_3_20170117154558934.jpg.chip.jpg","26","male","","","","28.5","male","2.50","25.032094955444336","male","-0.97"
"20_1_0_20170119153410801.jpg.chip.jpg","20","female","","","","30.5","female","10.50","31.54011344909668","female","11.54"
"26_1_0_20170116184024662.jpg.chip.jpg","26","female","","","","29.4","female","3.40","23.07592010498047","female","-2.92"
"23_1_4_20170117194259323.jpg.chip.jpg","23","female","19.25489616394043","female","-3.75","22.4","female","-0.60","18.798376083374023","female","-4.20"
"1_1_1_20170109194553059.jpg.chip.jpg","1","female","","","","4","female","3.00","0.9596269726753235","female","-0.04"
"25_1_0_20170116223826765.jpg.chip.jpg","25","female","","","","29.4","female","4.40","25.90802001953125","female","0.91"
"43_0_0_20170117140802794.jpg.chip.jpg","43","male","","","","38.7","male","-4.30","40.2236328125","male","-2.78"
"25_1_4_20170117150958739.jpg.chip.jpg","25","female","","","","28.6","female","3.60","25.153696060180664","female","0.15"
"36_0_1_20170113195937061.jpg.chip.jpg","36","male","","","","28.5","male","-7.50","30.377628326416016","male","-5.62"
"23_1_0_20170103223641295.jpg.chip.jpg","23","female","","","","28.7","female","5.70","27.203767776489258","female","4.20"
"39_0_2_20170117185137809.jpg.chip.jpg","39","male","","","","28.8","male","-10.20","43.005836486816406","male","4.01"
"33_1_1_20170114030609784.jpg.chip.jpg","33","female","21.299514770507812","female","-11.70","23.5","female","-9.50","23.3092098236084","female","-9.69"
"9_0_0_20170110225341709.jpg.chip.jpg","9","male","7.466354846954346","male","-1.53","9.4","female","0.40","6.828741550445557","male","-2.17"
"57_1_0_20170109134356713.jpg.chip.jpg","57","female","","","","29.2","female","-27.80","55.95845031738281","female","-1.04"
"28_1_1_20170116024015361.jpg.chip.jpg","28","female","","","","29.5","female","1.50","27.242259979248047","female","-0.76"
"52_1_0_20170110131852751.jpg.chip.jpg","52","female","53.22221374511719","female","1.22","30.6","female","-21.40","49.02679443359375","female","-2.97"
"28_1_3_20170119195000849.jpg.chip.jpg","28","female","","","","28.6","female","0.60","25.74989891052246","female","-2.25"
"25_0_0_20170117203843296.jpg.chip.jpg","25","male","","","","28.6","male","3.60","27.52139663696289","male","2.52"
"32_0_0_20170117154734499.jpg.chip.jpg","32","male","","","","28.8","male","-3.20","24.190446853637695","male","-7.81"
"23_1_2_20170116173159012.jpg.chip.jpg","23","female","","","","28.8","female","5.80","24.878501892089844","female","1.88"
"28_0_1_20170117165412909.jpg.chip.jpg","28","male","","","","23.1","male","-4.90","30.751028060913086","male","2.75"
"25_0_3_20170104230440360.jpg.chip.jpg","25","male","28.2355899810791","male","3.24","28.7","male","3.70","25.1898250579834","male","0.19"
"41_0_0_20170104204845308.jpg.chip.jpg","41","male","","","","28.7","male","-12.30","39.687782287597656","male","-1.31"
"26_0_2_20170116181352905.jpg.chip.jpg","26","male","","","","28.7","male","2.70","20.9191951751709","male","-5.08"
"31_0_1_20170113151333608.jpg.chip.jpg","31","male","","","","29.4","male","-1.60","32.263938903808594","male","1.26"
"2_1_1_20170109194606626.jpg.chip.jpg","2","female","1.522556185722351","male","-0.48","4.1","female","2.10","2.6759657859802246","female","0.68"
"21_0_1_20170113133205762.jpg.chip.jpg","21","male","","","","28.6","male","7.60","23.12317657470703","male","2.12"
"19_1_0_20170109205400352.jpg.chip.jpg","19","female","","","","22.5","female","3.50","15.301753997802734","male","-3.70"
"19_0_3_20170119165517358.jpg.chip.jpg","19","male","","","","39.2","male","20.20","35.709678649902344","male","16.71"
"21_1_4_20170103223240255.jpg.chip.jpg","21","female","22.480514526367188","female","1.48","23.6","female","2.60","21.82465934753418","female","0.82"
"37_0_2_20170116184948230.jpg.chip.jpg","37","male","","","","28.8","male","-8.20","40.82178497314453","male","3.82"
"26_1_1_20170112211356292.jpg.chip.jpg","26","female","","","","28.7","female","2.70","21.82733154296875","female","-4.17"
"26_0_2_20170109001126902.jpg.chip.jpg","26","male","","","","29","male","3.00","20.947790145874023","male","-5.05"
"63_1_0_20170110142522883.jpg.chip.jpg","63","female","","","","38.8","female","-24.20","59.760433197021484","female","-3.24"
"40_1_0_20170116235736541.jpg.chip.jpg","40","female","","","","29.1","","-10.90","48.105621337890625","female","8.11"
"42_0_2_20170112215350320.jpg.chip.jpg","42","male","","","","29.3","male","-12.70","43.25288009643555","male","1.25"
"30_1_2_20170117131105589.jpg.chip.jpg","30","female","","","","28.9","female","-1.10","33.376075744628906","female","3.38"
"26_0_4_20170117153053957.jpg.chip.jpg","26","male","","","","29.4","male","3.40","21.15179443359375","male","-4.85"
"54_1_3_20170109150539338.jpg.chip.jpg","54","female","","","","28.8","","-25.20","37.75412368774414","female","-16.25"
"28_0_3_20170119194457163.jpg.chip.jpg","28","male","","","","33.4","male","5.40","36.361671447753906","male","8.36"
"26_1_4_20170117152642036.jpg.chip.jpg","26","female","","","","29.2","female","3.20","24.2711181640625","female","-1.73"
"29_0_1_20170113172959024.jpg.chip.jpg","29","male","35.55310821533203","male","6.55","28.7","male","-0.30","34.13846969604492","male","5.14"
"70_0_0_20170117173731439.jpg.chip.jpg","70","male","","","","69.2","male","-0.80","56.45450973510742","male","-13.55"
"75_0_0_20170111201904798.jpg.chip.jpg","75","male","","","","57.3","male","-17.70","56.09187698364258","male","-18.91"
"35_1_0_20170117185820075.jpg.chip.jpg","35","female","","","","30.5","female","-4.50","28.08203125","female","-6.92"
"23_1_0_20170116222839270.jpg.chip.jpg","23","female","","","","23.6","female","0.60","23.442523956298828","female","0.44"
"10_0_0_20170110224238891.jpg.chip.jpg","10","male","11.438194274902344","male","1.44","8.5","","-1.50","11.728771209716797","male","1.73"
"70_0_0_20170120225631818.jpg.chip.jpg","70","male","","","","69.3","male","-0.70","69.9961166381836","male","-0.00"
"52_1_0_20170104192618431.jpg.chip.jpg","52","female","63.759124755859375","female","11.76","68.9","female","16.90","61.088871002197266","female","9.09"
"26_1_1_20170112211311571.jpg.chip.jpg","26","female","26.24783706665039","female","0.25","29.3","female","3.30","26.304323196411133","female","0.30"
"39_1_1_20170116165532163.jpg.chip.jpg","39","female","30.87474250793457","male","-8.13","29.3","male","-9.70","29.174922943115234","female","-9.83"
"35_1_4_20170117203828719.jpg.chip.jpg","35","female","","","","29.3","female","-5.70","29.370813369750977","female","-5.63"
"33_0_3_20170117154355516.jpg.chip.jpg","33","male","","","","28.6","male","-4.40","26.892807006835938","male","-6.11"
"30_1_0_20170120133648501.jpg.chip.jpg","30","female","","","","28.7","female","-1.30","24.993043899536133","female","-5.01"
"3_1_2_20161219141511144.jpg.chip.jpg","3","female","1.2523622512817383","female","-1.75","","male","","1.4862284660339355","female","-1.51"
"69_1_0_20170110141527783.jpg.chip.jpg","69","female","67.3232421875","female","-1.68","53.4","female","-15.60","65.55427551269531","female","-3.45"
"52_0_0_20170113183829983.jpg.chip.jpg","52","male","","","","38.6","male","-13.40","42.55324935913086","male","-9.45"
"30_0_3_20170104220333766.jpg.chip.jpg","30","male","39.55403137207031","male","9.55","38.6","male","8.60","36.55767822265625","male","6.56"
"1_1_0_20170109191436874.jpg.chip.jpg","1","female","","","","","female","","1.7441627979278564","male","0.74"
"55_1_0_20170117145739403.jpg.chip.jpg","55","female","","","","29.2","female","-25.80","53.63973617553711","female","-1.36"
"26_0_1_20170105183720623.jpg.chip.jpg","26","male","22.50428009033203","male","-3.50","29.4","male","3.40","23.126047134399414","male","-2.87"
"26_0_3_20170104232208944.jpg.chip.jpg","26","male","","","","34.5","male","8.50","36.36473083496094","male","10.36"
"22_1_0_20170104165415377.jpg.chip.jpg","22","female","","","","29.6","female","7.60","24.844619750976562","female","2.84"
"58_0_0_20170117191834739.jpg.chip.jpg","58","male","","","","48.4","male","-9.60","54.18575668334961","male","-3.81"
"47_0_0_20170108225958118.jpg.chip.jpg","47","male","","","","39","male","-8.00","59.126319885253906","male","12.13"
"35_0_0_20170117173311533.jpg.chip.jpg","35","male","","","","28.6","male","-6.40","34.348968505859375","male","-0.65"
"26_1_1_20170116232255273.jpg.chip.jpg","26","female","","","","29.4","female","3.40","25.50506591796875","female","-0.49"
"36_0_2_20170104165035320.jpg.chip.jpg","36","male","42.59123992919922","male","6.59","29","male","-7.00","41.40709686279297","male","5.41"
"80_1_0_20170110154556609.jpg.chip.jpg","80","female","78.90367889404297","female","-1.10","49.2","female","-30.80","80.6385269165039","female","0.64"
"1_0_2_20161219142135209.jpg.chip.jpg","1","male","","","","","female","","4.322040557861328","female","3.32"
"6_1_0_20170109201628566.jpg.chip.jpg","6","female","5.756155014038086","female","-0.24","8.6","female","2.60","5.606013774871826","female","-0.39"
"59_1_1_20170112210446395.jpg.chip.jpg","59","female","","","","49.2","male","-9.80","62.43826675415039","female","3.44"
"14_1_0_20170109204135732.jpg.chip.jpg","14","female","10.828607559204102","female","-3.17","23.5","female","9.50","10.337130546569824","female","-3.66"
"1_0_0_20170110213018391.jpg.chip.jpg","1","male","","","","29.3","male","28.30","1.6295864582061768","female","0.63"
"36_0_0_20170117105105170.jpg.chip.jpg","36","male","","","","39.2","male","3.20","31.962587356567383","male","-4.04"
"40_0_2_20170117133430387.jpg.chip.jpg","40","male","","","","38.9","male","-1.10","57.31953048706055","male","17.32"
"35_1_4_20170117193701109.jpg.chip.jpg","35","female","","","","28.7","female","-6.30","42.016746520996094","female","7.02"
"8_1_0_20170117175651555.jpg.chip.jpg","8","female","","","","9","female","1.00","14.645840644836426","male","6.65"
"24_1_0_20161223231304660.jpg.chip.jpg","24","female","","","","28.5","female","4.50","23.70268440246582","female","-0.30"
"29_0_0_20170117123720494.jpg.chip.jpg","29","male","","","","29.2","male","0.20","30.931779861450195","male","1.93"
"30_1_4_20170103230515409.jpg.chip.jpg","30","female","","","","29.4","female","-0.60","35.74159622192383","female","5.74"
"44_0_3_20170119155759515.jpg.chip.jpg","44","male","","","","29.2","male","-14.80","49.46623611450195","male","5.47"
"38_1_0_20170105001437325.jpg.chip.jpg","38","female","","","","38.8","female","0.80","42.79471206665039","female","4.79"
"7_1_4_20161221193133117.jpg.chip.jpg","7","female","9.310750007629395","female","2.31","8.7","female","1.70","8.672110557556152","female","1.67"
"56_0_0_20170116235429950.jpg.chip.jpg","56","male","","","","29.3","male","-26.70","56.93696212768555","male","0.94"
"40_0_2_20170116191415693.jpg.chip.jpg","40","male","32.50457000732422","male","-7.50","28.7","male","-11.30","34.683082580566406","male","-5.32"
"24_1_0_20170116222857892.jpg.chip.jpg","24","female","","","","28.6","female","4.60","27.69772720336914","female","3.70"
"28_0_2_20170116191256645.jpg.chip.jpg","28","male","","","","16","male","-12.00","30.58158302307129","male","2.58"
"81_1_0_20170110123812204.jpg.chip.jpg","81","female","79.60215759277344","female","-1.40","69.2","female","-11.80","81.5019302368164","female","0.50"
"22_1_3_20170104214416853.jpg.chip.jpg","22","female","","","","28.6","female","6.60","20.055469512939453","female","-1.94"
"27_0_0_20170116182634081.jpg.chip.jpg","27","male","29.55057144165039","male","2.55","28.6","male","1.60","24.46176528930664","male","-2.54"
"19_0_1_20170110231850376.jpg.chip.jpg","19","male","26.638717651367188","male","7.64","23.6","male","4.60","26.26114845275879","male","7.26"
"45_0_0_20170105172822861.jpg.chip.jpg","45","male","52.34574890136719","male","7.35","49.3","male","4.30","53.188636779785156","male","8.19"
"88_1_0_20170120225747122.jpg.chip.jpg","88","female","85.57469177246094","female","-2.43","69.2","male","-18.80","87.8416519165039","female","-0.16"
"24_1_3_20170117150509746.jpg.chip.jpg","24","female","24.5628662109375","female","0.56","29.5","female","5.50","22.51319122314453","female","-1.49"
"50_0_3_20170113190323248.jpg.chip.jpg","50","male","","","","28.9","male","-21.10","29.6690731048584","male","-20.33"
"1_1_0_20170109191234378.jpg.chip.jpg","1","female","1.9385286569595337","female","0.94","","female","","2.4600300788879395","female","1.46"
"35_0_1_20170109001203061.jpg.chip.jpg","35","male","","","","29.1","male","-5.90","30.404796600341797","female","-4.60"
"30_1_1_20170117133936142.jpg.chip.jpg","30","female","","","","28.8","female","-1.20","37.63847732543945","female","7.64"
"52_0_0_20170117135533022.jpg.chip.jpg","52","male","47.6856689453125","male","-4.31","28.6","male","-23.40","49.475223541259766","male","-2.52"
"26_1_4_20170117201458974.jpg.chip.jpg","26","female","","","","29.4","","3.40","29.619842529296875","female","3.62"
"39_0_0_20170104174303275.jpg.chip.jpg","39","male","","","","39.1","male","0.10","42.28046798706055","male","3.28"
"26_1_0_20170104021254429.jpg.chip.jpg","26","female","23.1270694732666","female","-2.87","23.6","female","-2.40","22.295894622802734","female","-3.70"
"64_0_0_20170120224704201.jpg.chip.jpg","64","male","","","","69.2","male","5.20","79.93412780761719","male","15.93"
"24_1_2_20170116171634283.jpg.chip.jpg","24","female","","","","28.6","female","4.60","21.019020080566406","female","-2.98"
"47_1_3_20170119202200788.jpg.chip.jpg","47","female","","","","48.8","female","1.80","56.20073318481445","female","9.20"
"54_0_0_20170113210125997.jpg.chip.jpg","54","male","","","","38.7","male","-15.30","48.45610427856445","male","-5.54"
"27_1_0_20170116220508113.jpg.chip.jpg","27","female","","","","29.1","","2.10","20.53987693786621","female","-6.46"
"7_1_0_20170109201810385.jpg.chip.jpg","7","female","","","","9.3","female","2.30","5.514577388763428","female","-1.49"
"27_1_0_20170117010449413.jpg.chip.jpg","27","female","12.307497024536133","male","-14.69","28.9","male","1.90","16.970497131347656","male","-10.03"
"54_0_0_20170116193350285.jpg.chip.jpg","54","male","","","","48.7","male","-5.30","63.614990234375","male","9.61"
"23_1_2_20170116173210232.jpg.chip.jpg","23","female","","","","30.5","female","7.50","23.667993545532227","female","0.67"
"47_1_3_20170109133358794.jpg.chip.jpg","47","female","","","","29.1","female","-17.90","41.7725715637207","female","-5.23"
"54_1_0_20170113002044715.jpg.chip.jpg","54","female","","","","29.1","","-24.90","57.024539947509766","female","3.02"
"30_1_1_20170112210348446.jpg.chip.jpg","30","female","","","","23.5","female","-6.50","28.826709747314453","female","-1.17"
"1_0_1_20161219160115237.jpg.chip.jpg","1","male","","","","29.3","male","28.30","1.9015374183654785","male","0.90"
"30_1_4_20170117203004549.jpg.chip.jpg","30","female","","","","29.4","female","-0.60","30.422285079956055","female","0.42"
"32_1_0_20170113010345079.jpg.chip.jpg","32","female","","","","28.9","female","-3.10","33.70443344116211","female","1.70"
"28_0_1_20170113134041024.jpg.chip.jpg","28","male","","","","28.6","male","0.60","26.548954010009766","male","-1.45"
"44_0_3_20170119195210483.jpg.chip.jpg","44","male","","","","25.6","male","-18.40","38.2103385925293","male","-5.79"
"50_0_0_20170120133257846.jpg.chip.jpg","50","male","","","","39.3","male","-10.70","53.979530334472656","male","3.98"
"34_0_1_20170117020018932.jpg.chip.jpg","34","male","","","","31.5","male","-2.50","36.74802017211914","male","2.75"
"4_0_3_20161220220754249.jpg.chip.jpg","4","male","4.8642730712890625","male","0.86","4.1","male","0.10","5.702117919921875","male","1.70"
"23_1_0_20170103180035647.jpg.chip.jpg","23","female","","","","29.6","female","6.60","28.19917106628418","female","5.20"
"26_0_1_20170116192814189.jpg.chip.jpg","26","male","","","","29.4","male","3.40","23.042070388793945","male","-2.96"
"45_0_3_20170119195652068.jpg.chip.jpg","45","male","","","","39.2","male","-5.80","45.690162658691406","male","0.69"
"53_1_0_20170110143534851.jpg.chip.jpg","53","female","57.93794631958008","female","4.94","48.7","female","-4.30","51.20551681518555","female","-1.79"
"28_0_3_20170119194435555.jpg.chip.jpg","28","male","20.454437255859375","male","-7.55","28.6","male","0.60","17.892135620117188","male","-10.11"
"36_0_3_20170119180411476.jpg.chip.jpg","36","male","","","","29.4","male","-6.60","33.28007888793945","male","-2.72"
"36_1_0_20170117005907450.jpg.chip.jpg","36","female","","","","29.1","female","-6.90","47.95993423461914","female","11.96"
"1_0_3_20161219224917304.jpg.chip.jpg","1","male","0.8839430809020996","female","-0.12","","female","","0.8338001370429993","female","-0.17"
"50_1_0_20170111182452943.jpg.chip.jpg","50","female","","","","29.4","female","-20.60","44.61357879638672","female","-5.39"
"26_1_2_20170116184445597.jpg.chip.jpg","26","female","","","","29.4","female","3.40","30.701112747192383","female","4.70"
"59_1_0_20170110160643688.jpg.chip.jpg","59","female","","","","30.5","female","-28.50","42.340328216552734","female","-16.66"
"26_1_1_20170116163959449.jpg.chip.jpg","26","female","31.538330078125","male","5.54","23.5","female","-2.50","31.004013061523438","male","5.00"
"49_1_3_20170109132711133.jpg.chip.jpg","49","female","","","","28.9","female","-20.10","29.739686965942383","female","-19.26"
"69_0_3_20170112224615052.jpg.chip.jpg","69","male","","","","28.9","male","-40.10","69.050048828125","male","0.05"
"25_1_0_20170117140903569.jpg.chip.jpg","25","female","","","","35.5","female","10.50","28.407852172851562","female","3.41"
"2_0_2_20161219141152081.jpg.chip.jpg","2","male","1.2869873046875","female","-0.71","","female","","1.538556456565857","female","-0.46"
"26_0_0_20170117140938167.jpg.chip.jpg","26","male","25.043237686157227","male","-0.96","20.5","male","-5.50","27.678268432617188","male","1.68"
"63_0_0_20170117195020915.jpg.chip.jpg","63","male","","","","68.9","male","5.90","61.08526611328125","male","-1.91"
"43_0_0_20170104183900726.jpg.chip.jpg","43","male","","","","38.6","male","-4.40","58.54962158203125","male","15.55"
"80_1_0_20170110140948978.jpg.chip.jpg","80","female","82.24174499511719","female","2.24","53.4","female","-26.60","79.41429901123047","female","-0.59"
"35_1_1_20170112191352903.jpg.chip.jpg","35","female","","","","29.2","female","-5.80","49.5216064453125","female","14.52"
"38_1_3_20170119183332565.jpg.chip.jpg","38","female","","","","39.2","male","1.20","41.49639892578125","male","3.50"
"67_0_3_20170119212008184.jpg.chip.jpg","67","male","","","","29.3","male","-37.70","69.43413543701172","male","2.43"
"7_0_0_20170110225139511.jpg.chip.jpg","7","male","","","","9","female","2.00","6.531818389892578","male","-0.47"
"58_0_0_20170113185223064.jpg.chip.jpg","58","male","70.3880615234375","male","12.39","68.9","","10.90","69.06903076171875","male","11.07"
"26_0_2_20170116181149946.jpg.chip.jpg","26","male","","","","29.2","male","3.20","34.691001892089844","male","8.69"
"28_1_1_20170112211124102.jpg.chip.jpg","28","female","","","","29.2","male","1.20","31.499866485595703","female","3.50"
"22_1_0_20170116214314602.jpg.chip.jpg","22","female","","","","28.6","female","6.60","21.4805908203125","female","-0.52"
"89_0_1_20170117194109597.jpg.chip.jpg","89","male","","","","29.2","","-59.80","81.52269744873047","male","-7.48"
"34_1_1_20170116222859953.jpg.chip.jpg","34","female","","","","28.7","female","-5.30","24.826881408691406","female","-9.17"
"26_1_3_20170117154744110.jpg.chip.jpg","26","female","","","","29.1","","3.10","34.3346061706543","female","8.33"
"9_1_0_20170109204249427.jpg.chip.jpg","9","female","","","","9.2","female","0.20","10.725882530212402","female","1.73"
"35_0_0_20170105163921171.jpg.chip.jpg","35","male","","","","38.7","male","3.70","36.015193939208984","male","1.02"
"42_1_0_20170109004749442.jpg.chip.jpg","42","female","","","","28.9","female","-13.10","37.71641159057617","female","-4.28"
"50_1_3_20170117143102562.jpg.chip.jpg","50","female","","","","29.1","female","-20.90","49.36380386352539","female","-0.64"
"53_0_1_20170120222553113.jpg.chip.jpg","53","male","","","","44.3","male","-8.70","59.835411071777344","male","6.84"
"10_1_0_20170109204859493.jpg.chip.jpg","10","female","","","","9.4","","-0.60","5.451638698577881","female","-4.55"
"46_1_0_20170109013450138.jpg.chip.jpg","46","female","","","","38.7","female","-7.30","45.00071716308594","female","-1.00"
"51_0_0_20170109134337423.jpg.chip.jpg","51","male","","","","38.9","male","-12.10","57.16009521484375","male","6.16"
"54_0_4_20170103210718779.jpg.chip.jpg","54","male","","","","29.3","male","-24.70","48.631309509277344","male","-5.37"
"8_0_0_20170110220552025.jpg.chip.jpg","8","male","","","","8.9","female","0.90","6.990573883056641","male","-1.01"
"31_0_4_20170117123923204.jpg.chip.jpg","31","male","29.69120216369629","male","-1.31","38.8","male","7.80","32.891639709472656","male","1.89"
"45_0_0_20170117135550944.jpg.chip.jpg","45","male","44.57424545288086","female","-0.43","29.3","male","-15.70","40.59538650512695","male","-4.40"
"5_0_3_20161220221842826.jpg.chip.jpg","5","male","","","","9.1","female","4.10","6.979569911956787","female","1.98"
"1_1_4_20161221202046857.jpg.chip.jpg","1","female","1.0096895694732666","male","0.01","","","","0.9352449178695679","male","-0.06"
"26_1_4_20170117201548014.jpg.chip.jpg","26","female","","","","28.9","female","2.90","33.24348449707031","female","7.24"
"11_1_0_20170109204927071.jpg.chip.jpg","11","female","8.620969772338867","female","-2.38","9.1","female","-1.90","8.559012413024902","female","-2.44"
"26_0_1_20170113151606607.jpg.chip.jpg","26","male","","","","28.7","male","2.70","26.86832618713379","male","0.87"
"19_1_3_20170104231315881.jpg.chip.jpg","19","female","","","","23.6","female","4.60","24.370759963989258","female","5.37"
"43_0_0_20170104172942851.jpg.chip.jpg","43","male","","","","34.5","male","-8.50","40.18364334106445","male","-2.82"
"43_0_0_20170112220318448.jpg.chip.jpg","43","male","","","","39.2","male","-3.80","52.56428527832031","male","9.56"
"34_0_0_20170116193401057.jpg.chip.jpg","34","male","","","","16.2","male","-17.80","28.602313995361328","male","-5.40"
"4_0_2_20161219200030036.jpg.chip.jpg","4","male","","","","","female","","1.8209487199783325","male","-2.18"
"27_1_2_20170116163822402.jpg.chip.jpg","27","female","22.46701431274414","female","-4.53","16.2","female","-10.80","21.603416442871094","female","-5.40"
"75_0_0_20170111210950605.jpg.chip.jpg","75","male","","","","69.3","male","-5.70","73.81591033935547","male","-1.18"
"23_1_4_20170117194147485.jpg.chip.jpg","23","female","","","","28.6","female","5.60","25.60774803161621","female","2.61"
"63_1_0_20170110132501568.jpg.chip.jpg","63","female","","","","38.8","female","-24.20","62.279136657714844","female","-0.72"
"34_0_3_20170117141317532.jpg.chip.jpg","34","male","","","","28.7","male","-5.30","32.84883499145508","male","-1.15"
"40_0_3_20170104165011263.jpg.chip.jpg","40","male","","","","29.3","","-10.70","50.753082275390625","male","10.75"
"28_0_1_20170116202028662.jpg.chip.jpg","28","male","","","","29.3","male","1.30","28.10874366760254","male","0.11"
"53_0_1_20170113174111826.jpg.chip.jpg","53","male","43.2360725402832","male","-9.76","38.7","male","-14.30","40.2596435546875","male","-12.74"
"33_0_1_20170117173931669.jpg.chip.jpg","33","male","","","","29.3","male","-3.70","43.62347412109375","male","10.62"
"17_1_0_20170109213621558.jpg.chip.jpg","17","female","","","","23.5","female","6.50","20.045495986938477","female","3.05"
"58_0_3_20170119211659305.jpg.chip.jpg","58","male","","","","29.3","male","-28.70","64.16836547851562","male","6.17"
"55_0_0_20170117184812800.jpg.chip.jpg","55","male","","","","38.9","male","-16.10","49.881874084472656","male","-5.12"
"27_1_0_20170117175951091.jpg.chip.jpg","27","female","","","","29.4","female","2.40","23.668977737426758","female","-3.33"
"75_1_0_20170110183152937.jpg.chip.jpg","75","female","68.78765869140625","female","-6.21","38.7","female","-36.30","72.39434814453125","female","-2.61"
"1_1_2_20161219205514837.jpg.chip.jpg","1","female","0.9982631802558899","female","-0.00","","female","","1.1240577697753906","male","0.12"
"44_0_3_20170104204837339.jpg.chip.jpg","44","male","","","","39.3","male","-4.70","41.65627670288086","male","-2.34"
"28_1_2_20170116164552683.jpg.chip.jpg","28","female","","","","28.9","female","0.90","29.13252067565918","female","1.13"
"40_0_3_20170117154542505.jpg.chip.jpg","40","male","","","","38.4","male","-1.60","45.645633697509766","male","5.65"
"56_1_0_20170104212451892.jpg.chip.jpg","56","female","","","","69","female","13.00","58.037376403808594","female","2.04"
"37_0_3_20170119202308661.jpg.chip.jpg","37","male","","","","28.9","female","-8.10","34.481727600097656","female","-2.52"
"45_1_3_20170119162710051.jpg.chip.jpg","45","female","","","","29.3","male","-15.70","27.864229202270508","female","-17.14"
"35_0_0_20170117154349847.jpg.chip.jpg","35","male","","","","28.5","male","-6.50","27.74432945251465","male","-7.26"
"57_0_2_20170105173521150.jpg.chip.jpg","57","male","","","","29","male","-28.00","58.35908889770508","male","1.36"
"5_0_1_20170110213654372.jpg.chip.jpg","5","male","","","","28.6","","23.60","6.072768211364746","male","1.07"
"60_0_2_20170120221617188.jpg.chip.jpg","60","male","","","","38.8","male","-21.20","","",""
"89_1_3_20170105175701046.jpg.chip.jpg","89","female","71.56371307373047","female","-17.44","39.2","male","-49.80","80.12278747558594","female","-8.88"
"1_0_4_20161221202654538.jpg.chip.jpg","1","male","1.1612532138824463","female","0.16","4","female","3.00","1.1503289937973022","male","0.15"
"89_0_2_20170112224513149.jpg.chip.jpg","89","male","","","","68.9","male","-20.10","86.15138244628906","male","-2.85"
"51_1_1_20170115235508848.jpg.chip.jpg","51","female","","","","28.7","female","-22.30","42.41486358642578","female","-8.59"
"5_0_3_20170104230622017.jpg.chip.jpg","5","male","2.8787660598754883","male","-2.12","8.7","female","3.70","4.141031742095947","male","-0.86"
"28_0_0_20170116220549107.jpg.chip.jpg","28","male","","","","28.5","male","0.50","30.00147819519043","male","2.00"
"1_1_4_20161221193741869.jpg.chip.jpg","1","female","1.230793833732605","male","0.23","","female","","1.3085588216781616","male","0.31"
"40_1_3_20170119144248205.jpg.chip.jpg","40","female","","","","29","female","-11.00","50.7610969543457","female","10.76"
"35_0_0_20170117180735041.jpg.chip.jpg","35","male","","","","38.6","male","3.60","37.29258728027344","male","2.29"
"48_0_0_20170120222650520.jpg.chip.jpg","48","male","","","","39.2","male","-8.80","62.403099060058594","male","14.40"
"28_1_3_20170119195058724.jpg.chip.jpg","28","female","","","","29.5","female","1.50","33.08083724975586","female","5.08"
"29_0_1_20170113134817225.jpg.chip.jpg","29","male","","","","28.6","male","-0.40","24.352272033691406","male","-4.65"
"31_0_2_20170116170840810.jpg.chip.jpg","31","male","","","","28.8","male","-2.20","27.593008041381836","male","-3.41"
"44_1_0_20170111182452895.jpg.chip.jpg","44","female","","","","28.4","female","-15.60","25.57076072692871","female","-18.43"
"35_0_0_20170116232953930.jpg.chip.jpg","35","male","","","","28.8","male","-6.20","36.89175796508789","male","1.89"
"26_0_0_20170120134406935.jpg.chip.jpg","26","male","","","","38.3","male","12.30","34.79300308227539","male","8.79"
"6_1_2_20161219190216289.jpg.chip.jpg","6","female","","","","29.2","male","23.20","12.315349578857422","female","6.32"
"60_0_0_20170109013439834.jpg.chip.jpg","60","male","","","","29.3","male","-30.70","","",""
"26_0_0_20170113210604814.jpg.chip.jpg","26","male","","","","29.3","","3.30","24.01743507385254","female","-1.98"
"22_1_2_20170104021310052.jpg.chip.jpg","22","female","18.85658836364746","female","-3.14","23.8","female","1.80","19.108470916748047","female","-2.89"
"68_0_0_20170117172721512.jpg.chip.jpg","68","male","","","","38.9","male","-29.10","61.200740814208984","male","-6.80"
"35_0_0_20170120223710300.jpg.chip.jpg","35","male","","","","28.5","male","-6.50","36.87250900268555","male","1.87"
"46_0_0_20170109012425702.jpg.chip.jpg","46","male","50.48650360107422","male","4.49","39.3","male","-6.70","48.596309661865234","male","2.60"
"1_1_2_20161221192810669.jpg.chip.jpg","1","female","","","","","female","","1.1036829948425293","female","0.10"
"29_1_2_20170116220847352.jpg.chip.jpg","29","female","","","","29.4","female","0.40","36.81479263305664","female","7.81"
"26_0_1_20170116220218880.jpg.chip.jpg","26","male","","","","28.7","male","2.70","25.45698356628418","male","-0.54"
"36_1_0_20170105183405999.jpg.chip.jpg","36","female","","","","29","female","-7.00","52.69668197631836","female","16.70"
"29_1_0_20170105163239939.jpg.chip.jpg","29","female","","","","29.2","female","0.20","22.135177612304688","female","-6.86"
"50_0_1_20170113184607014.jpg.chip.jpg","50","male","49.18183135986328","male","-0.82","39.3","male","-10.70","52.99882507324219","male","3.00"
"14_1_0_20170109204358190.jpg.chip.jpg","14","female","10.522674560546875","female","-3.48","22.4","female","8.40","11.41535472869873","female","-2.58"
"27_0_0_20170105164657988.jpg.chip.jpg","27","male","23.17940902709961","male","-3.82","28.8","female","1.80","25.046388626098633","male","-1.95"
"25_1_0_20170116205342932.jpg.chip.jpg","25","female","","","","28.8","female","3.80","22.634702682495117","female","-2.37"
"8_1_0_20170109204954253.jpg.chip.jpg","8","female","","","","28.7","female","20.70","8.668183326721191","female","0.67"
"1_0_2_20161219203148028.jpg.chip.jpg","1","male","","","","","female","","1.1972475051879883","male","0.20"
"27_1_2_20170116171630835.jpg.chip.jpg","27","female","","","","16.1","female","-10.90","22.79952049255371","female","-4.20"
"59_0_0_20170111171747514.jpg.chip.jpg","59","male","63.632938385009766","male","4.63","58.5","male","-0.50","62.506988525390625","male","3.51"
"25_1_3_20170117152019467.jpg.chip.jpg","25","female","29.084014892578125","female","4.08","29.5","female","4.50","25.37032127380371","female","0.37"
"58_0_0_20170111201757951.jpg.chip.jpg","58","male","57.084503173828125","male","-0.92","43.7","male","-14.30","61.79017639160156","male","3.79"
"18_0_3_20170104230349313.jpg.chip.jpg","18","male","","","","29.5","male","11.50","24.84511375427246","male","6.85"
"20_0_0_20170117141041394.jpg.chip.jpg","20","male","","","","19.5","male","-0.50","20.725868225097656","male","0.73"
"8_0_2_20170117192413109.jpg.chip.jpg","8","male","","","","8.9","male","0.90","4.481394290924072","male","-3.52"
"24_1_1_20170113011405711.jpg.chip.jpg","24","female","26.227323532104492","female","2.23","16.3","female","-7.70","24.735942840576172","female","0.74"
"44_0_0_20170104201051081.jpg.chip.jpg","44","male","","","","28.5","male","-15.50","43.36357498168945","male","-0.64"
"32_0_2_20170116163452816.jpg.chip.jpg","32","male","","","","16.4","male","-15.60","21.52732276916504","male","-10.47"
"8_1_0_20170109202851846.jpg.chip.jpg","8","female","","","","28.8","female","20.80","8.596565246582031","female","0.60"
"44_0_3_20170119204704727.jpg.chip.jpg","44","male","51.5654296875","male","7.57","39.3","male","-4.70","53.78692626953125","male","9.79"
"28_0_0_20170120220120096.jpg.chip.jpg","28","male","","","","28.7","male","0.70","45.26665115356445","male","17.27"
"32_1_1_20170112210500948.jpg.chip.jpg","32","female","","","","29.3","female","-2.70","31.208358764648438","female","-0.79"
"30_1_0_20170104165921257.jpg.chip.jpg","30","female","","","","28.9","female","-1.10","24.18598747253418","female","-5.81"
"56_1_0_20170110180113129.jpg.chip.jpg","56","female","","","","38.6","female","-17.40","58.650001525878906","female","2.65"
"24_0_4_20170103224944762.jpg.chip.jpg","24","male","","","","28.8","male","4.80","19.71470832824707","male","-4.29"
"31_0_2_20170115205946148.jpg.chip.jpg","31","male","","","","28.8","male","-2.20","41.648773193359375","male","10.65"
"16_0_0_20170110232432328.jpg.chip.jpg","16","male","","","","9.3","female","-6.70","13.891243934631348","male","-2.11"
"26_1_3_20170116184646017.jpg.chip.jpg","26","female","","","","28.7","female","2.70","36.78087615966797","female","10.78"
"1_0_0_20161219191012803.jpg.chip.jpg","1","male","1.3698896169662476","male","0.37","","","","1.1794804334640503","male","0.18"
"26_0_1_20170116234859005.jpg.chip.jpg","26","male","","","","28.7","male","2.70","","",""
"36_1_1_20170113002025468.jpg.chip.jpg","36","female","","","","29.2","female","-6.80","31.520959854125977","female","-4.48"
"5_1_0_20170109192440854.jpg.chip.jpg","5","female","6.2170562744140625","female","1.22","8.7","female","3.70","5.387226581573486","female","0.39"
"30_0_3_20170119144749349.jpg.chip.jpg","30","male","","","","28.7","male","-1.30","24.028974533081055","male","-5.97"
"29_1_1_20170112214912446.jpg.chip.jpg","29","female","","","","29.3","male","0.30","27.93243980407715","female","-1.07"
"15_0_0_20170104012550546.jpg.chip.jpg","15","male","6.970167636871338","male","-8.03","28.9","female","13.90","9.972429275512695","male","-5.03"
"28_0_1_20170116192030399.jpg.chip.jpg","28","male","","","","23.9","male","-4.10","27.64171600341797","male","-0.36"
"32_0_1_20170117182408963.jpg.chip.jpg","32","male","36.283267974853516","male","4.28","33.5","male","1.50","35.402503967285156","male","3.40"
"35_0_0_20170120134044902.jpg.chip.jpg","35","male","","","","38.5","male","3.50","31.31297492980957","male","-3.69"
"23_1_0_20170117144910291.jpg.chip.jpg","23","female","26.533065795898438","female","3.53","23.7","female","0.70","25.60889434814453","female","2.61"
"1_1_2_20161219154533821.jpg.chip.jpg","1","female","","","","","female","","1.1893244981765747","female","0.19"
"26_1_3_20170104223022663.jpg.chip.jpg","26","female","25.922222137451172","female","-0.08","23.5","female","-2.50","25.53419303894043","female","-0.47"
"30_0_0_20170117181207964.jpg.chip.jpg","30","male","","","","28.6","male","-1.40","26.63715171813965","male","-3.36"
"29_1_0_20170105172818813.jpg.chip.jpg","29","female","","","","29.2","female","0.20","40.419410705566406","female","11.42"
"30_0_3_20170119204751837.jpg.chip.jpg","30","male","","","","29.2","male","-0.80","40.57471466064453","male","10.57"
"56_0_0_20170120133932247.jpg.chip.jpg","56","male","","","","29.1","","-26.90","74.95881652832031","male","18.96"
"26_1_1_20170112213007903.jpg.chip.jpg","26","female","31.514169692993164","female","5.51","29.5","female","3.50","26.841176986694336","female","0.84"
"13_1_3_20170117181350659.jpg.chip.jpg","13","female","15.862089157104492","female","2.86","28.7","male","15.70","19.13142967224121","female","6.13"
"42_0_0_20170105173005714.jpg.chip.jpg","42","male","","","","34.4","male","-7.60","48.527503967285156","male","6.53"
"35_0_0_20170117180440824.jpg.chip.jpg","35","male","","","","34.4","male","-0.60","38.1406135559082","male","3.14"
"14_1_0_20170109204620092.jpg.chip.jpg","14","female","8.395516395568848","female","-5.60","9.4","female","-4.60","5.360030174255371","female","-8.64"
"26_1_1_20170117172351702.jpg.chip.jpg","26","female","","","","29.2","female","3.20","21.149274826049805","female","-4.85"
"25_0_3_20170119144812749.jpg.chip.jpg","25","male","32.21274948120117","male","7.21","28.7","male","3.70","34.07297134399414","male","9.07"
"1_0_3_20161219225808112.jpg.chip.jpg","1","male","1.250242829322815","male","0.25","","female","","1.5268481969833374","female","0.53"
"26_1_0_20170117200527405.jpg.chip.jpg","26","female","","","","28.6","female","2.60","23.6392879486084","female","-2.36"
"20_0_0_20170116200755014.jpg.chip.jpg","20","male","","","","28.8","male","8.80","16.789081573486328","male","-3.21"
"26_1_1_20170112235540169.jpg.chip.jpg","26","female","44.24981689453125","female","18.25","29","female","3.00","46.741031646728516","female","20.74"
"35_0_2_20170119193316562.jpg.chip.jpg","35","male","","","","29","male","-6.00","30.699459075927734","male","-4.30"
"26_1_0_20170119192657178.jpg.chip.jpg","26","female","12.369648933410645","female","-13.63","28.7","female","2.70","12.369648933410645","female","-13.63"
"5_0_0_20170110213554657.jpg.chip.jpg","5","male","7.056965351104736","female","2.06","","female","","6.9465155601501465","male","1.95"
"39_1_0_20170105002727282.jpg.chip.jpg","39","female","","","","29.3","female","-9.70","48.145179748535156","female","9.15"
"1_1_2_20161219154531437.jpg.chip.jpg","1","female","","","","","","","1.217211127281189","female","0.22"
"78_0_0_20170111222508641.jpg.chip.jpg","78","male","","","","69.1","male","-8.90","71.07386779785156","male","-6.93"
"30_1_0_20170117131055904.jpg.chip.jpg","30","female","","","","29.4","female","-0.60","28.2529296875","female","-1.75"
"27_0_3_20170119194354476.jpg.chip.jpg","27","male","","","","29.3","male","2.30","","",""
"17_1_4_20170103222931966.jpg.chip.jpg","17","female","","","","29.5","female","12.50","24.261974334716797","female","7.26"
"23_1_2_20170116173108901.jpg.chip.jpg","23","female","","","","29.4","female","6.40","26.42718505859375","female","3.43"
"26_0_3_20170119181430244.jpg.chip.jpg","26","male","","","","29.3","male","3.30","25.734914779663086","male","-0.27"
"75_1_0_20170110154312939.jpg.chip.jpg","75","female","62.60150146484375","female","-12.40","48.7","female","-26.30","65.29824829101562","female","-9.70"
"26_1_1_20170113012346273.jpg.chip.jpg","26","female","17.547273635864258","female","-8.45","23.5","female","-2.50","16.15852928161621","female","-9.84"
"25_0_3_20170119171616945.jpg.chip.jpg","25","male","33.1065788269043","male","8.11","28.6","male","3.60","30.5579891204834","male","5.56"
"25_0_2_20170116161907519.jpg.chip.jpg","25","male","","","","16.5","male","-8.50","20.604177474975586","male","-4.40"
"18_1_0_20170109213933756.jpg.chip.jpg","18","female","15.034672737121582","female","-2.97","30.6","female","12.60","15.05026912689209","female","-2.95"
"15_1_0_20170109204416506.jpg.chip.jpg","15","female","","","","9.2","","-5.80","9.233768463134766","female","-5.77"
"49_1_1_20170113000544753.jpg.chip.jpg","49","female","","","","28.7","female","-20.30","34.68476104736328","female","-14.32"
"28_0_0_20170113132803105.jpg.chip.jpg","28","male","27.701881408691406","male","-0.30","25.5","male","-2.50","28.151662826538086","male","0.15"
"85_1_0_20170120223641413.jpg.chip.jpg","85","female","83.20155334472656","female","-1.80","68.9","female","-16.10","82.71597290039062","female","-2.28"
"55_0_0_20170117190004928.jpg.chip.jpg","55","male","","","","69.1","male","14.10","63.265785217285156","male","8.27"
"67_0_0_20170120223037554.jpg.chip.jpg","67","male","","","","69.1","male","2.10","60.50749969482422","male","-6.49"
"54_0_3_20170119210218868.jpg.chip.jpg","54","male","55.296661376953125","male","1.30","38.8","male","-15.20","54.659908294677734","male","0.66"
"5_0_0_20170110215956675.jpg.chip.jpg","5","male","3.6792945861816406","male","-1.32","4.1","female","-0.90","3.832366466522217","male","-1.17"
"24_1_2_20170116165947925.jpg.chip.jpg","24","female","","","","29","female","5.00","17.893226623535156","female","-6.11"
"62_1_2_20170116191832323.jpg.chip.jpg","62","female","","","","69","female","7.00","59.25852584838867","female","-2.74"
"32_0_2_20170116201214616.jpg.chip.jpg","32","male","14.053263664245605","male","-17.95","28.7","male","-3.30","14.853158950805664","male","-17.15"
"40_0_2_20170116181341336.jpg.chip.jpg","40","male","","","","38.8","male","-1.20","67.56167602539062","male","27.56"
"53_0_0_20170120223117140.jpg.chip.jpg","53","male","58.214012145996094","male","5.21","44.4","male","-8.60","58.99546432495117","male","6.00"
"85_1_0_20170110183749939.jpg.chip.jpg","85","female","83.79097747802734","female","-1.21","69.3","male","-15.70","86.10787963867188","female","1.11"
"58_1_0_20170117173717097.jpg.chip.jpg","58","female","","","","28.8","","-29.20","36.042724609375","female","-21.96"
"26_0_1_20170113133114391.jpg.chip.jpg","26","male","","","","22.5","male","-3.50","28.315828323364258","male","2.32"
"36_1_2_20170119164406148.jpg.chip.jpg","36","female","","","","23.5","female","-12.50","17.380828857421875","female","-18.62"
"26_1_3_20170119181305426.jpg.chip.jpg","26","female","","","","29.3","male","3.30","30.62134552001953","female","4.62"
"56_1_0_20170110173815028.jpg.chip.jpg","56","female","69.79129791259766","female","13.79","36.3","female","-19.70","63.24336624145508","female","7.24"
"24_0_2_20170112192345078.jpg.chip.jpg","24","male","23.03466796875","male","-0.97","28.7","male","4.70","26.380094528198242","male","2.38"
"21_1_2_20170104021056028.jpg.chip.jpg","21","female","23.839330673217773","female","2.84","29.3","female","8.30","22.081382751464844","female","1.08"
"30_1_2_20170116191220057.jpg.chip.jpg","30","female","","","","28.7","female","-1.30","23.146223068237305","female","-6.85"
"24_1_2_20170116173421517.jpg.chip.jpg","24","female","","","","29.1","","5.10","24.31369400024414","female","0.31"
"66_0_2_20170111205753656.jpg.chip.jpg","66","male","59.639949798583984","male","-6.36","58.4","male","-7.60","62.570552825927734","male","-3.43"
"24_1_2_20170116165105160.jpg.chip.jpg","24","female","","","","28.7","female","4.70","22.506752014160156","female","-1.49"
"28_0_0_20170117180516071.jpg.chip.jpg","28","male","","","","28.3","male","0.30","29.582149505615234","male","1.58"
"76_1_3_20170110181654947.jpg.chip.jpg","76","female","","","","69.2","male","-6.80","70.5398178100586","female","-5.46"
"26_1_0_20170117091834220.jpg.chip.jpg","26","female","","","","36.8","male","10.80","26.78742218017578","female","0.79"
"26_1_0_20170103182026289.jpg.chip.jpg","26","female","","","","38.8","male","12.80","35.0552978515625","female","9.06"
"6_0_2_20161219195226635.jpg.chip.jpg","6","male","","","","8.9","female","2.90","3.6115975379943848","male","-2.39"
"54_1_0_20170110122945745.jpg.chip.jpg","54","female","","","","36.5","female","-17.50","52.519371032714844","female","-1.48"
"26_1_2_20170116181301976.jpg.chip.jpg","26","female","","","","16","female","-10.00","36.6723747253418","female","10.67"
"24_1_1_20170115234948897.jpg.chip.jpg","24","female","18.92291831970215","female","-5.08","28.8","female","4.80","15.851227760314941","female","-8.15"
"1_0_3_20161220221723490.jpg.chip.jpg","1","male","1.5478627681732178","female","0.55","","male","","1.2966586351394653","female","0.30"
"28_1_3_20170109132327888.jpg.chip.jpg","28","female","","","","29.2","female","1.20","28.172840118408203","female","0.17"
"47_0_0_20170105173254709.jpg.chip.jpg","47","male","","","","39.4","male","-7.60","46.13069152832031","male","-0.87"
"20_0_3_20170119152949343.jpg.chip.jpg","20","male","","","","29.3","male","9.30","32.844818115234375","male","12.84"
"41_1_1_20170117135029687.jpg.chip.jpg","41","female","","","","29.4","female","-11.60","42.21352005004883","female","1.21"
"32_1_0_20170109132836606.jpg.chip.jpg","32","female","","","","29.1","female","-2.90","43.97853469848633","female","11.98"
"44_0_1_20170113185004294.jpg.chip.jpg","44","male","43.11366653442383","male","-0.89","28.6","male","-15.40","42.30626678466797","male","-1.69"
"23_1_0_20170112234315344.jpg.chip.jpg","23","female","23.516368865966797","female","0.52","28.6","female","5.60","22.74565887451172","female","-0.25"
"1_1_2_20161219202741628.jpg.chip.jpg","1","female","1.0365972518920898","female","0.04","","female","","1.082545518875122","female","0.08"
"18_1_3_20170109214031495.jpg.chip.jpg","18","female","","","","28.7","female","10.70","15.196765899658203","female","-2.80"
"28_0_4_20170116182445736.jpg.chip.jpg","28","male","35.061729431152344","male","7.06","28.5","male","0.50","33.97472381591797","male","5.97"
"19_0_4_20170103234723267.jpg.chip.jpg","19","male","","","","23.6","male","4.60","29.131614685058594","male","10.13"
"24_1_4_20170117145459404.jpg.chip.jpg","24","female","","","","28.7","female","4.70","21.505517959594727","female","-2.49"
"35_1_1_20170112204654001.jpg.chip.jpg","35","female","40.1616096496582","female","5.16","29.4","male","-5.60","36.72385025024414","male","1.72"
"5_1_0_20170109193816878.jpg.chip.jpg","5","female","5.906607627868652","female","0.91","8.5","female","3.50","5.997884750366211","female","1.00"
"35_0_3_20170119162812372.jpg.chip.jpg","35","male","","","","29.3","male","-5.70","37.39603042602539","male","2.40"
"26_0_4_20170117200038821.jpg.chip.jpg","26","male","37.80057907104492","male","11.80","29.4","male","3.40","37.03589630126953","male","11.04"
"26_0_3_20170119180621828.jpg.chip.jpg","26","male","33.172027587890625","male","7.17","28.9","male","2.90","31.678691864013672","male","5.68"
"9_0_0_20170110221815301.jpg.chip.jpg","9","male","","","","29.2","male","20.20","12.559111595153809","male","3.56"
"22_0_0_20170104214301269.jpg.chip.jpg","22","male","","","","28.6","male","6.60","25.383934020996094","male","3.38"
"42_0_3_20170119204424727.jpg.chip.jpg","42","male","","","","28.8","male","-13.20","57.12437057495117","male","15.12"
"22_1_2_20170116172741591.jpg.chip.jpg","22","female","25.492542266845703","female","3.49","28.7","female","6.70","23.279613494873047","female","1.28"
"26_0_0_20170113210127170.jpg.chip.jpg","26","male","37.88227462768555","male","11.88","33.7","male","7.70","","",""
"22_0_0_20170116220735674.jpg.chip.jpg","22","male","","","","28.6","male","6.60","29.454153060913086","male","7.45"
"27_0_3_20170119193230738.jpg.chip.jpg","27","male","33.89143753051758","male","6.89","34.5","male","7.50","35.616188049316406","male","8.62"
"29_0_3_20170119153035762.jpg.chip.jpg","29","male","28.47529411315918","male","-0.52","28.7","male","-0.30","31.138444900512695","male","2.14"
"36_0_1_20170117135448300.jpg.chip.jpg","36","male","43.31344985961914","male","7.31","29.3","male","-6.70","39.15731430053711","male","3.16"
"30_1_4_20170117203008151.jpg.chip.jpg","30","female","","","","29.3","","-0.70","31.54662322998047","female","1.55"
"58_0_2_20170116193608936.jpg.chip.jpg","58","male","58.07791519165039","male","0.08","69.1","male","11.10","57.9185676574707","male","-0.08"
"24_0_1_20170117194352739.jpg.chip.jpg","24","male","24.69725799560547","male","0.70","23.7","male","-0.30","24.573467254638672","male","0.57"
"65_0_3_20170119205222598.jpg.chip.jpg","65","male","","","","39.2","male","-25.80","57.30905532836914","male","-7.69"
"35_0_0_20170119201414564.jpg.chip.jpg","35","male","","","","29.2","male","-5.80","46.33147048950195","male","11.33"
"95_1_0_20170120230322267.jpg.chip.jpg","95","female","","","","69.1","male","-25.90","94.29084014892578","female","-0.71"
"22_1_4_20170103233803763.jpg.chip.jpg","22","female","","","","28.6","female","6.60","21.857521057128906","female","-0.14"
"10_0_0_20170110220316298.jpg.chip.jpg","10","male","","","","9.1","female","-0.90","12.224078178405762","male","2.22"
"70_0_0_20170117173632929.jpg.chip.jpg","70","male","72.35520935058594","male","2.36","69.2","male","-0.80","63.0263557434082","male","-6.97"
"65_1_0_20170110143540983.jpg.chip.jpg","65","female","54.51919937133789","female","-10.48","44.3","female","-20.70","53.84086990356445","female","-11.16"
"47_1_1_20170116160632406.jpg.chip.jpg","47","female","28.06778907775879","male","-18.93","28.6","male","-18.40","31.400585174560547","male","-15.60"
"42_1_1_20170113012431777.jpg.chip.jpg","42","female","27.979549407958984","female","-14.02","28.7","","-13.30","29.990995407104492","female","-12.01"
"26_1_3_20170117154857092.jpg.chip.jpg","26","female","","","","28.8","female","2.80","21.27470588684082","female","-4.73"
"27_0_2_20170116170914365.jpg.chip.jpg","27","male","","","","28.6","male","1.60","33.318511962890625","male","6.32"
"37_0_3_20170119202313708.jpg.chip.jpg","37","male","44.71214294433594","male","7.71","39.3","male","2.30","44.16339874267578","male","7.16"
"24_1_1_20170113011328232.jpg.chip.jpg","24","female","27.186805725097656","female","3.19","29.4","female","5.40","23.379314422607422","female","-0.62"
"26_1_1_20170112235913713.jpg.chip.jpg","26","female","23.13791847229004","female","-2.86","28.6","female","2.60","25.220651626586914","female","-0.78"
"30_0_3_20170119204757926.jpg.chip.jpg","30","male","","","","29.2","male","-0.80","36.542423248291016","female","6.54"
"30_1_1_20170113012621729.jpg.chip.jpg","30","female","","","","29.2","female","-0.80","32.94674301147461","female","2.95"
"26_0_0_20170113182141220.jpg.chip.jpg","26","male","26.23714256286621","male","0.24","29.4","male","3.40","26.44554328918457","male","0.45"
"29_0_4_20170117202712541.jpg.chip.jpg","29","male","38.74760818481445","male","9.75","34.7","male","5.70","37.564720153808594","male","8.56"
"5_0_1_20170113154912353.jpg.chip.jpg","5","male","7.6912007331848145","male","2.69","8.6","male","3.60","7.209555149078369","male","2.21"
"26_0_2_20170116182629321.jpg.chip.jpg","26","male","","","","28.7","male","2.70","26.085025787353516","male","0.09"
"89_0_1_20170117194330360.jpg.chip.jpg","89","male","80.0663833618164","male","-8.93","29.3","male","-59.70","78.6482162475586","male","-10.35"
"40_0_3_20170119210206582.jpg.chip.jpg","40","male","","","","29.3","male","-10.70","33.56385803222656","male","-6.44"
"1_1_0_20161219212433510.jpg.chip.jpg","1","female","","","","29.2","","28.20","","",""
"8_1_0_20170109205040140.jpg.chip.jpg","8","female","7.418603420257568","male","-0.58","8.8","female","0.80","6.752922534942627","male","-1.25"
"26_0_3_20170119180330838.jpg.chip.jpg","26","male","","","","28.9","male","2.90","25.368715286254883","male","-0.63"
"58_0_0_20170111200444658.jpg.chip.jpg","58","male","","","","69.2","male","11.20","59.86819076538086","male","1.87"
"27_0_2_20170119193328922.jpg.chip.jpg","27","male","","","","28.8","male","1.80","39.326480865478516","male","12.33"
"1_1_4_20161221202528425.jpg.chip.jpg","1","female","","","","","female","","1.0100977420806885","female","0.01"
"34_0_3_20170119200717205.jpg.chip.jpg","34","male","42.970726013183594","male","8.97","39.2","male","5.20","40.86761474609375","male","6.87"
"55_0_3_20170119181035677.jpg.chip.jpg","55","male","55.988582611083984","male","0.99","39.3","male","-15.70","55.14164352416992","male","0.14"
"32_0_2_20170116191444550.jpg.chip.jpg","32","male","","","","28.7","male","-3.30","41.84665298461914","male","9.85"
"35_1_2_20170116191844463.jpg.chip.jpg","35","female","","","","28.6","female","-6.40","24.960678100585938","female","-10.04"
"37_1_0_20170117183426542.jpg.chip.jpg","37","female","","","","28.6","male","-8.40","21.141128540039062","female","-15.86"
"43_0_0_20170104210217699.jpg.chip.jpg","43","male","","","","38.7","male","-4.30","48.66459655761719","male","5.66"
"40_0_1_20170113142401365.jpg.chip.jpg","40","male","","","","28.6","male","-11.40","33.2582893371582","male","-6.74"
"25_1_0_20170117141349705.jpg.chip.jpg","25","female","","","","30.3","female","5.30","27.368019104003906","female","2.37"
"26_1_0_20170117003258343.jpg.chip.jpg","26","female","","","","29","female","3.00","33.46686553955078","female","7.47"
"29_0_3_20170117022426014.jpg.chip.jpg","29","male","36.73601531982422","male","7.74","34.6","male","5.60","36.912261962890625","male","7.91"
"75_0_0_20170116233015609.jpg.chip.jpg","75","male","","","","68.9","male","-6.10","64.4773178100586","male","-10.52"
"2_1_2_20161219212017166.jpg.chip.jpg","2","female","","","","","male","","1.1563359498977661","female","-0.84"
"38_0_2_20170104205949499.jpg.chip.jpg","38","male","55.83518981933594","female","17.84","16.1","male","-21.90","44.516361236572266","male","6.52"
"21_0_1_20170113133115864.jpg.chip.jpg","21","male","","","","23.6","male","2.60","24.28594398498535","male","3.29"
"25_0_0_20170116201855919.jpg.chip.jpg","25","male","","","","34.3","male","9.30","15.040977478027344","male","-9.96"
"25_1_3_20170119153526538.jpg.chip.jpg","25","female","","","","28.6","female","3.60","25.855274200439453","female","0.86"
"54_1_0_20170117171651994.jpg.chip.jpg","54","female","","","","29","female","-25.00","55.742958068847656","female","1.74"
"1_0_4_20161221202008129.jpg.chip.jpg","1","male","","","","4.1","female","3.10","2.225020170211792","female","1.23"
"24_1_2_20170116173453451.jpg.chip.jpg","24","female","","","","28.9","female","4.90","23.681209564208984","female","-0.32"
"32_0_3_20170119160307619.jpg.chip.jpg","32","male","","","","28.8","","-3.20","34.94508361816406","male","2.95"
"67_0_3_20170117134845691.jpg.chip.jpg","67","male","","","","38.7","male","-28.30","51.620872497558594","male","-15.38"
"35_0_1_20170117142753565.jpg.chip.jpg","35","male","","","","39.4","male","4.40","37.712318420410156","male","2.71"
"2_1_4_20161221195003500.jpg.chip.jpg","2","female","","","","","female","","1.0999253988265991","male","-0.90"
"30_0_2_20170116223016131.jpg.chip.jpg","30","male","","","","29.1","male","-0.90","22.69670295715332","male","-7.30"
"35_1_1_20170116233126804.jpg.chip.jpg","35","female","","","","29.2","male","-5.80","48.14360046386719","male","13.14"
"22_1_3_20170104222607551.jpg.chip.jpg","22","female","","","","28.8","female","6.80","22.090335845947266","female","0.09"
"35_0_4_20170117181019980.jpg.chip.jpg","35","male","","","","44.4","male","9.40","43.966583251953125","male","8.97"
"30_0_2_20170116193441821.jpg.chip.jpg","30","male","","","","16","male","-14.00","30.522415161132812","male","0.52"
"1_1_0_20161219225855568.jpg.chip.jpg","1","female","1.3489243984222412","female","0.35","","","","1.279302716255188","female","0.28"
"26_0_1_20170113151608208.jpg.chip.jpg","26","male","","","","23.6","male","-2.40","25.878707885742188","male","-0.12"
"28_0_1_20170113145417934.jpg.chip.jpg","28","male","","","","28.6","male","0.60","25.715259552001953","male","-2.28"
"35_1_0_20170103182746666.jpg.chip.jpg","35","female","","","","29","female","-6.00","34.30830764770508","female","-0.69"
"80_1_0_20170110180523385.jpg.chip.jpg","80","female","","","","69.2","female","-10.80","81.15631866455078","female","1.16"
"32_1_1_20170114024610489.jpg.chip.jpg","32","female","30.153947830200195","female","-1.85","29.5","female","-2.50","29.747196197509766","female","-2.25"
"23_1_3_20170119164548942.jpg.chip.jpg","23","female","","","","23.5","female","0.50","22.71709632873535","female","-0.28"
"26_1_3_20170104232139409.jpg.chip.jpg","26","female","27.227991104125977","female","1.23","29.3","female","3.30","26.15883445739746","female","0.16"
"47_0_0_20170104211911013.jpg.chip.jpg","47","male","","","","39.3","male","-7.70","42.74918746948242","male","-4.25"
"62_0_1_20170117183848283.jpg.chip.jpg","62","male","","","","44.2","male","-17.80","77.65592956542969","male","15.66"
"32_0_2_20170116165412041.jpg.chip.jpg","32","male","26.459470748901367","male","-5.54","29.5","male","-2.50","25.135927200317383","male","-6.86"
"53_0_0_20170105163552388.jpg.chip.jpg","53","male","","","","39.2","male","-13.80","48.207359313964844","male","-4.79"
"47_0_3_20170119201921580.jpg.chip.jpg","47","male","","","","39.3","male","-7.70","48.90676498413086","male","1.91"
"32_1_3_20170119200443572.jpg.chip.jpg","32","female","","","","29.4","female","-2.60","37.900882720947266","female","5.90"
"30_0_1_20170116213558934.jpg.chip.jpg","30","male","22.635723114013672","male","-7.36","23.6","male","-6.40","25.287961959838867","male","-4.71"
"14_0_0_20170103200611317.jpg.chip.jpg","14","male","12.52933406829834","male","-1.47","16.4","male","2.40","12.452434539794922","male","-1.55"
"29_0_1_20170103235915646.jpg.chip.jpg","29","male","","","","28.7","male","-0.30","33.6823844909668","male","4.68"
"26_0_4_20170103235404028.jpg.chip.jpg","26","male","","","","29.4","male","3.40","34.02439498901367","male","8.02"
"35_0_0_20170116222357299.jpg.chip.jpg","35","male","","","","25.5","male","-9.50","24.43370819091797","male","-10.57"
"28_0_0_20170120134320743.jpg.chip.jpg","28","male","28.239667892456055","male","0.24","29.4","male","1.40","27.75798988342285","male","-0.24"
"50_0_3_20170119205545190.jpg.chip.jpg","50","male","","","","48.6","male","-1.40","52.609806060791016","male","2.61"
"26_1_0_20170117144831027.jpg.chip.jpg","26","female","","","","23.6","female","-2.40","19.975666046142578","female","-6.02"
"1_0_2_20161219221919847.jpg.chip.jpg","1","male","","","","","female","","0.639259397983551","male","-0.36"
"28_0_2_20170116163928068.jpg.chip.jpg","28","male","","","","16.3","male","-11.70","21.953134536743164","male","-6.05"
"71_1_0_20170110160644048.jpg.chip.jpg","71","female","61.643829345703125","female","-9.36","36.3","female","-34.70","57.128929138183594","female","-13.87"
"26_1_2_20170116184237219.jpg.chip.jpg","26","female","","","","29.3","male","3.30","","",""
"30_1_2_20170116171040262.jpg.chip.jpg","30","female","25.01131820678711","female","-4.99","28.6","female","-1.40","26.210464477539062","female","-3.79"
"32_0_1_20170109003627385.jpg.chip.jpg","32","male","34.02557373046875","male","2.03","33.6","male","1.60","34.849395751953125","male","2.85"
"36_0_0_20170117183240678.jpg.chip.jpg","36","male","","","","30.5","female","-5.50","50.24822235107422","female","14.25"
"60_1_0_20170110140645753.jpg.chip.jpg","60","female","61.01708984375","female","1.02","69.1","female","9.10","57.833251953125","female","-2.17"
"18_0_0_20170117140123048.jpg.chip.jpg","18","male","","","","20.4","male","2.40","19.499216079711914","male","1.50"
"21_1_4_20170103233532676.jpg.chip.jpg","21","female","","","","23.5","female","2.50","20.614927291870117","female","-0.39"
"36_1_1_20170117141102516.jpg.chip.jpg","36","female","","","","28.6","female","-7.40","32.51470184326172","female","-3.49"
"26_0_2_20170104022626733.jpg.chip.jpg","26","male","25.602766036987305","male","-0.40","28.6","male","2.60","23.84147071838379","male","-2.16"
"27_1_2_20170116192236533.jpg.chip.jpg","27","female","","","","16.1","female","-10.90","18.612272262573242","female","-8.39"
"27_0_1_20170114031440930.jpg.chip.jpg","27","male","","","","29.3","male","2.30","25.218225479125977","male","-1.78"
"34_0_3_20170119200611509.jpg.chip.jpg","34","male","","","","28.6","male","-5.40","29.052650451660156","male","-4.95"
"60_0_0_20170117173825225.jpg.chip.jpg","60","male","","","","58.6","male","-1.40","62.52305603027344","male","2.52"
"30_1_0_20170117150839178.jpg.chip.jpg","30","female","","","","30.6","female","0.60","34.693092346191406","female","4.69"
"42_1_2_20170116184651548.jpg.chip.jpg","42","female","","","","29.4","female","-12.60","47.638248443603516","female","5.64"
"24_1_3_20170119165945055.jpg.chip.jpg","24","female","26.279834747314453","female","2.28","29.6","female","5.60","24.023296356201172","female","0.02"
"43_1_0_20170103183357706.jpg.chip.jpg","43","female","","","","69","female","26.00","55.0653190612793","female","12.07"
"44_0_0_20170105173313757.jpg.chip.jpg","44","male","","","","38.4","male","-5.60","41.45992660522461","male","-2.54"
"61_0_3_20170119211835296.jpg.chip.jpg","61","male","","","","58.3","male","-2.70","64.21675109863281","male","3.22"
"55_1_2_20170116193523524.jpg.chip.jpg","55","female","","","","29.4","female","-25.60","48.69310760498047","female","-6.31"
"28_0_0_20170113210126785.jpg.chip.jpg","28","male","39.435791015625","male","11.44","29.4","male","1.40","40.21885681152344","male","12.22"
"60_0_0_20170117192002666.jpg.chip.jpg","60","male","","","","69.2","male","9.20","59.325714111328125","male","-0.67"
"26_0_0_20170116182305836.jpg.chip.jpg","26","male","","","","29.4","male","3.40","34.589656829833984","male","8.59"
"42_0_3_20170117154750955.jpg.chip.jpg","42","male","","","","29.4","male","-12.60","37.408851623535156","male","-4.59"
"55_1_0_20170103181515432.jpg.chip.jpg","55","female","","","","29.1","male","-25.90","58.6746940612793","female","3.67"
"24_0_0_20170117135702616.jpg.chip.jpg","24","male","","","","28.7","male","4.70","33.12147903442383","male","9.12"
"32_1_0_20170113210605443.jpg.chip.jpg","32","female","51.02978515625","male","19.03","44.3","male","12.30","53.18731689453125","male","21.19"
"37_1_1_20170116222816400.jpg.chip.jpg","37","female","","","","29.4","female","-7.60","36.822235107421875","female","-0.18"
"22_0_2_20170116175910195.jpg.chip.jpg","22","male","","","","16","male","-6.00","19.715993881225586","male","-2.28"
"5_1_0_20170109201733901.jpg.chip.jpg","5","female","4.087477684020996","female","-0.91","4.1","female","-0.90","5.416991233825684","female","0.42"
"12_1_0_20170109204431716.jpg.chip.jpg","12","female","8.204093933105469","male","-3.80","8.2","male","-3.80","11.311546325683594","male","-0.69"
"2_0_2_20161219163415222.jpg.chip.jpg","2","male","","","","","","","1.0697011947631836","female","-0.93"
"31_1_1_20170112234727752.jpg.chip.jpg","31","female","","","","28.7","female","-2.30","27.189373016357422","female","-3.81"
"43_1_3_20170109141039762.jpg.chip.jpg","43","female","","","","29.2","female","-13.80","35.3504524230957","female","-7.65"
"26_0_0_20170116224921695.jpg.chip.jpg","26","male","","","","29.3","male","3.30","17.86020851135254","male","-8.14"
"35_1_3_20170104220204301.jpg.chip.jpg","35","female","","","","29.3","female","-5.70","32.60125732421875","female","-2.40"
"26_0_0_20170120134634767.jpg.chip.jpg","26","male","","","","28.5","male","2.50","31.99297332763672","male","5.99"
"67_0_3_20170116193543456.jpg.chip.jpg","67","male","","","","69.1","male","2.10","71.21299743652344","male","4.21"
"45_0_3_20170119201748948.jpg.chip.jpg","45","male","52.66892623901367","male","7.67","39.3","male","-5.70","51.9169921875","male","6.92"
"35_0_3_20170119201340627.jpg.chip.jpg","35","male","47.274688720703125","male","12.27","29.3","male","-5.70","46.281593322753906","male","11.28"
"45_0_3_20170117154205339.jpg.chip.jpg","45","male","","","","29.2","male","-15.80","53.39519119262695","male","8.40"
"3_1_4_20161223231741788.jpg.chip.jpg","3","female","","","","4.1","female","1.10","4.387826442718506","female","1.39"
"25_0_1_20170116002531253.jpg.chip.jpg","25","male","","","","28.6","male","3.60","26.13981819152832","male","1.14"
"26_0_1_20170116210446985.jpg.chip.jpg","26","male","","","","28.6","male","2.60","20.416608810424805","male","-5.58"
"75_0_0_20170111205248257.jpg.chip.jpg","75","male","","","","69.2","male","-5.80","63.206390380859375","male","-11.79"
"41_0_3_20170104232812410.jpg.chip.jpg","41","male","40.32694625854492","male","-0.67","36.5","male","-4.50","39.082401275634766","male","-1.92"
"80_0_2_20170112215149951.jpg.chip.jpg","80","male","","","","38.8","male","-41.20","75.69699096679688","male","-4.30"
"54_0_3_20170119211310928.jpg.chip.jpg","54","male","","","","38.7","male","-15.30","54.896820068359375","male","0.90"
"20_0_0_20170105184038831.jpg.chip.jpg","20","male","","","","28.5","male","8.50","25.720582962036133","male","5.72"
"36_1_0_20170117135900421.jpg.chip.jpg","36","female","","","","38.7","female","2.70","53.98028564453125","female","17.98"
"22_1_1_20170112192911566.jpg.chip.jpg","22","female","","","","28.6","female","6.60","29.443647384643555","female","7.44"
"59_1_0_20170110180108013.jpg.chip.jpg","59","female","50.892635345458984","female","-8.11","29.3","female","-29.70","48.41472244262695","female","-10.59"
"73_0_3_20170119212056296.jpg.chip.jpg","73","male","","","","58.8","male","-14.20","76.08766174316406","male","3.09"
"28_0_0_20170117180522441.jpg.chip.jpg","28","male","","","","28.7","male","0.70","29.646299362182617","male","1.65"
"53_0_3_20170119205912343.jpg.chip.jpg","53","male","","","","34.3","male","-18.70","55.7230224609375","male","2.72"
"32_1_2_20170104165057208.jpg.chip.jpg","32","female","24.82398223876953","female","-7.18","29.6","female","-2.40","24.674610137939453","female","-7.33"
"54_0_1_20170113145459151.jpg.chip.jpg","54","male","","","","38.7","male","-15.30","50.968631744384766","male","-3.03"
"23_1_3_20170104222257463.jpg.chip.jpg","23","female","","","","16.1","female","-6.90","20.172962188720703","female","-2.83"
"54_1_0_20170117191523029.jpg.chip.jpg","54","female","","","","38.8","female","-15.20","53.4883918762207","female","-0.51"
"35_1_0_20170116222948039.jpg.chip.jpg","35","female","","","","28.9","female","-6.10","31.20668601989746","female","-3.79"
"20_1_0_20170113005610158.jpg.chip.jpg","20","female","23.738483428955078","female","3.74","29.5","female","9.50","22.219707489013672","female","2.22"
"34_1_0_20170103183211424.jpg.chip.jpg","34","female","","","","29.2","female","-4.80","51.226524353027344","female","17.23"
"26_0_4_20170116182154649.jpg.chip.jpg","26","male","","","","23.4","male","-2.60","17.718904495239258","male","-8.28"
"55_0_0_20170104201309249.jpg.chip.jpg","55","male","","","","39.1","male","-15.90","54.8499641418457","male","-0.15"
"29_1_2_20170104021748445.jpg.chip.jpg","29","female","25.534832000732422","female","-3.47","30.6","female","1.60","24.89659881591797","female","-4.10"
"42_0_0_20170117134404818.jpg.chip.jpg","42","male","","","","43.6","male","1.60","43.404197692871094","male","1.40"
"1_1_2_20161219204542005.jpg.chip.jpg","1","female","0.7718238234519958","female","-0.23","","male","","0.9001905918121338","female","-0.10"
"21_1_0_20170104020509980.jpg.chip.jpg","21","female","","","","29.3","","8.30","20.213787078857422","female","-0.79"
"43_1_1_20170110120856819.jpg.chip.jpg","43","female","","","","36.3","female","-6.70","49.589996337890625","female","6.59"
"56_0_0_20170105161423995.jpg.chip.jpg","56","male","","","","39.2","male","-16.80","52.66659164428711","male","-3.33"
"65_0_1_20170117165348576.jpg.chip.jpg","65","male","","","","38.8","male","-26.20","65.29712677001953","male","0.30"
"15_0_0_20170110232717464.jpg.chip.jpg","15","male","11.481133460998535","male","-3.52","22.5","female","7.50","10.676156997680664","male","-4.32"
"26_1_1_20170112212041107.jpg.chip.jpg","26","female","","","","29.3","female","3.30","25.273780822753906","female","-0.73"
"36_1_1_20170116223054510.jpg.chip.jpg","36","female","","","","29.2","female","-6.80","36.310768127441406","female","0.31"
"3_1_2_20161219195341196.jpg.chip.jpg","3","female","3.4275786876678467","female","0.43","","female","","3.519489049911499","female","0.52"
"30_0_4_20170116221659118.jpg.chip.jpg","30","male","","","","28.7","male","-1.30","25.28397560119629","male","-4.72"
"25_1_0_20170117195339173.jpg.chip.jpg","25","female","","","","29.5","female","4.50","27.277969360351562","female","2.28"
"30_1_3_20170117142506618.jpg.chip.jpg","30","female","","","","29.5","female","-0.50","29.796768188476562","female","-0.20"
"54_1_0_20170110122243471.jpg.chip.jpg","54","female","","","","36.4","female","-17.60","46.77842712402344","female","-7.22"
"62_0_0_20170111205219231.jpg.chip.jpg","62","male","64.8828353881836","male","2.88","58.6","male","-3.40","65.50646209716797","male","3.51"
"23_1_0_20170117144740562.jpg.chip.jpg","23","female","","","","28.5","female","5.50","24.421693801879883","female","1.42"
"24_0_4_20170117194356247.jpg.chip.jpg","24","male","","","","29.2","female","5.20","32.272193908691406","female","8.27"
"19_1_1_20170112231417629.jpg.chip.jpg","19","female","","","","22.3","female","3.30","25.23077392578125","female","6.23"
"80_0_0_20170117174434118.jpg.chip.jpg","80","male","","","","69.2","male","-10.80","64.28105926513672","male","-15.72"
"2_0_2_20170110212538628.jpg.chip.jpg","2","male","1.7111668586730957","male","-0.29","","male","","1.5764518976211548","male","-0.42"
"4_1_3_20161220220857450.jpg.chip.jpg","4","female","3.623969554901123","female","-0.38","","male","","4.065266132354736","female","0.07"
"30_1_1_20170116214456649.jpg.chip.jpg","30","female","","","","29.2","female","-0.80","32.81412887573242","female","2.81"
"27_1_1_20170112213510151.jpg.chip.jpg","27","female","9.772939682006836","male","-17.23","23.6","male","-3.40","11.425262451171875","male","-15.57"
"20_1_1_20170114031116660.jpg.chip.jpg","20","female","30.27730369567871","female","10.28","23.5","female","3.50","26.123403549194336","female","6.12"
"1_1_3_20161220145230678.jpg.chip.jpg","1","female","1.3038650751113892","female","0.30","","female","","1.6815003156661987","female","0.68"
"21_1_4_20170103223249191.jpg.chip.jpg","21","female","18.446765899658203","female","-2.55","28.9","female","7.90","17.12647247314453","female","-3.87"
"54_0_1_20170117142808120.jpg.chip.jpg","54","male","","","","28.7","male","-25.30","54.29083251953125","male","0.29"
"76_1_0_20170110181730883.jpg.chip.jpg","76","female","74.21074676513672","female","-1.79","68.8","female","-7.20","73.48458099365234","female","-2.52"
"40_0_3_20170116233105322.jpg.chip.jpg","40","male","","","","28.9","male","-11.10","54.99625015258789","male","15.00"
"26_1_2_20170116180223543.jpg.chip.jpg","26","female","","","","28.8","female","2.80","33.89626693725586","female","7.90"
"58_0_3_20170109142236643.jpg.chip.jpg","58","male","","","","44.5","male","-13.50","51.77149200439453","male","-6.23"
"22_1_2_20170116172702296.jpg.chip.jpg","22","female","","","","23.6","female","1.60","20.741275787353516","female","-1.26"
"22_1_1_20170116000638538.jpg.chip.jpg","22","female","","","","29.3","female","7.30","27.27840805053711","female","5.28"
"3_1_4_20161221201429017.jpg.chip.jpg","3","female","","","","28.8","male","25.80","3.328016757965088","female","0.33"
"13_0_0_20170110225045970.jpg.chip.jpg","13","male","10.837841987609863","male","-2.16","28.7","","15.70","10.070915222167969","male","-2.93"
"61_0_0_20170117192049580.jpg.chip.jpg","61","male","","","","69.3","male","8.30","62.693870544433594","male","1.69"
"28_1_1_20170116013959188.jpg.chip.jpg","28","female","","","","28.6","female","0.60","24.940509796142578","female","-3.06"
"29_0_0_20170117120426927.jpg.chip.jpg","29","male","","","","28.6","male","-0.40","35.6923942565918","male","6.69"
"27_0_1_20170113175646676.jpg.chip.jpg","27","male","","","","29.4","male","2.40","24.58316993713379","male","-2.42"
"34_0_3_20170119171627440.jpg.chip.jpg","34","male","","","","29.3","male","-4.70","37.66781997680664","male","3.67"
"59_1_1_20170116233345047.jpg.chip.jpg","59","female","","","","28.8","female","-30.20","59.04307556152344","female","0.04"
"38_0_1_20170117184650128.jpg.chip.jpg","38","male","39.33592987060547","male","1.34","34.4","male","-3.60","37.46348571777344","male","-0.54"
"35_0_2_20170116182223485.jpg.chip.jpg","35","male","","","","68.9","male","33.90","55.51564025878906","male","20.52"
"56_1_3_20170109142228705.jpg.chip.jpg","56","female","53.216922760009766","female","-2.78","39","","-17.00","53.626338958740234","female","-2.37"
"41_0_2_20170104211935428.jpg.chip.jpg","41","male","27.020862579345703","male","-13.98","28.9","male","-12.10","25.781904220581055","male","-15.22"
"26_1_2_20170116180503250.jpg.chip.jpg","26","female","","","","9.1","female","-16.90","15.007079124450684","female","-10.99"
"30_0_2_20170113132649300.jpg.chip.jpg","30","male","","","","29.3","male","-0.70","24.094144821166992","male","-5.91"
"58_0_0_20170109012759314.jpg.chip.jpg","58","male","","","","69.3","male","11.30","65.60247039794922","male","7.60"
"24_1_1_20170112192317300.jpg.chip.jpg","24","female","","","","29.3","female","5.30","31.098865509033203","female","7.10"
"27_0_0_20170116204347283.jpg.chip.jpg","27","male","","","","34.7","male","7.70","30.353971481323242","male","3.35"
"74_0_0_20170111221819719.jpg.chip.jpg","74","male","","","","55.3","male","-18.70","62.843353271484375","male","-11.16"
"28_0_4_20170116214318093.jpg.chip.jpg","28","male","","","","29.3","male","1.30","34.89148712158203","male","6.89"
"30_0_1_20170117123820956.jpg.chip.jpg","30","male","","","","29.3","male","-0.70","32.067996978759766","male","2.07"
"63_0_0_20170120223438029.jpg.chip.jpg","63","male","62.465614318847656","male","-0.53","48.7","male","-14.30","63.567588806152344","male","0.57"
"24_0_1_20170116221934149.jpg.chip.jpg","24","male","","","","29.3","male","5.30","17.042678833007812","male","-6.96"
"9_0_1_20170110223920908.jpg.chip.jpg","9","male","11.298615455627441","male","2.30","8.6","female","-0.40","7.217580795288086","male","-1.78"
"37_1_0_20170104194539720.jpg.chip.jpg","37","female","","","","29","female","-8.00","46.60712432861328","female","9.61"
"43_1_1_20170117094954741.jpg.chip.jpg","43","female","","","","29","male","-14.00","37.45812225341797","female","-5.54"
"15_1_0_20170104013418578.jpg.chip.jpg","15","female","","","","28.7","female","13.70","13.978267669677734","female","-1.02"
"37_0_0_20170119202407877.jpg.chip.jpg","37","male","","","","29.3","male","-7.70","","",""
"39_0_0_20170117141453339.jpg.chip.jpg","39","male","32.62740707397461","male","-6.37","28.5","male","-10.50","30.821073532104492","male","-8.18"
"36_0_3_20170119202056149.jpg.chip.jpg","36","male","44.00135803222656","male","8.00","33.7","male","-2.30","43.83842086791992","male","7.84"
"35_0_3_20170117154016470.jpg.chip.jpg","35","male","41.93149185180664","male","6.93","38.6","male","3.60","36.20158004760742","male","1.20"
"26_0_3_20170117154627472.jpg.chip.jpg","26","male","","","","29.2","male","3.20","25.338882446289062","male","-0.66"
"45_0_3_20170119171425106.jpg.chip.jpg","45","male","","","","28.6","male","-16.40","40.72321701049805","male","-4.28"
"24_1_4_20170117194845444.jpg.chip.jpg","24","female","","","","29.2","female","5.20","23.082530975341797","female","-0.92"
"6_1_2_20161219190053203.jpg.chip.jpg","6","female","","","","29.2","male","23.20","","",""
"44_0_3_20170119165437319.jpg.chip.jpg","44","male","56.0808219909668","female","12.08","39.1","male","-4.90","53.14693069458008","male","9.15"
"14_0_0_20170110232633429.jpg.chip.jpg","14","male","15.472530364990234","male","1.47","28.6","female","14.60","16.613773345947266","male","2.61"
"45_0_0_20170120222004116.jpg.chip.jpg","45","male","","","","34.4","male","-10.60","43.57610321044922","male","-1.42"
"29_1_1_20170113001358515.jpg.chip.jpg","29","female","24.881389617919922","female","-4.12","29.5","female","0.50","25.571985244750977","female","-3.43"
"28_0_2_20170116164233720.jpg.chip.jpg","28","male","","","","16.3","male","-11.70","21.953134536743164","male","-6.05"
"80_1_4_20170110184132973.jpg.chip.jpg","80","female","","","","69.1","female","-10.90","69.36427307128906","female","-10.64"
"23_1_0_20170112234331591.jpg.chip.jpg","23","female","","","","23.6","female","0.60","26.108673095703125","female","3.11"
"53_0_0_20170111171747419.jpg.chip.jpg","53","male","55.514278411865234","male","2.51","39.2","male","-13.80","54.448665618896484","male","1.45"
"69_1_2_20170111210824053.jpg.chip.jpg","69","female","","","","69.2","male","0.20","79.43866729736328","male","10.44"
"26_1_3_20170119192540907.jpg.chip.jpg","26","female","","","","29","female","3.00","20.034862518310547","female","-5.97"
"48_1_3_20170119212118705.jpg.chip.jpg","48","female","44.46460723876953","female","-3.54","28.8","female","-19.20","42.38528060913086","female","-5.61"
"29_1_1_20170112231815517.jpg.chip.jpg","29","female","28.926767349243164","female","-0.07","23.5","female","-5.50","28.87125015258789","female","-0.13"
"58_0_0_20170117191927955.jpg.chip.jpg","58","male","20.816974639892578","male","-37.18","19.7","male","-38.30","21.792030334472656","male","-36.21"
"52_0_2_20170116192904934.jpg.chip.jpg","52","male","","","","69.2","male","17.20","59.733150482177734","male","7.73"
"28_1_0_20170116164616853.jpg.chip.jpg","28","female","","","","29.5","female","1.50","22.62460708618164","female","-5.38"
"45_0_1_20170111200809203.jpg.chip.jpg","45","male","38.4176025390625","male","-6.58","35.3","male","-9.70","39.438873291015625","male","-5.56"
"51_1_3_20170105001344652.jpg.chip.jpg","51","female","","","","68.8","female","17.80","68.41162109375","female","17.41"
"28_0_0_20170117180605616.jpg.chip.jpg","28","male","","","","29.4","male","1.40","","",""
"2_1_2_20161219190847130.jpg.chip.jpg","2","female","","","","","female","","1.5823124647140503","female","-0.42"
"61_0_1_20170117182431301.jpg.chip.jpg","61","male","","","","29.2","male","-31.80","64.0882568359375","male","3.09"
"21_1_0_20170104234439209.jpg.chip.jpg","21","female","","","","16.4","female","-4.60","21.37460708618164","female","0.37"
"33_0_2_20170116191248459.jpg.chip.jpg","33","male","27.390424728393555","male","-5.61","28.6","male","-4.40","29.205371856689453","male","-3.79"
"51_0_1_20170117173507025.jpg.chip.jpg","51","male","","","","43.6","male","-7.40","66.32294464111328","male","15.32"
"35_1_1_20170113000306521.jpg.chip.jpg","35","female","","","","29.2","female","-5.80","36.9001350402832","female","1.90"
"45_0_0_20170117135621471.jpg.chip.jpg","45","male","42.56402587890625","male","-2.44","34.4","male","-10.60","39.15664291381836","male","-5.84"
"37_0_0_20170117171523531.jpg.chip.jpg","37","male","","","","28.4","male","-8.60","33.314788818359375","male","-3.69"
"3_0_0_20170110211426831.jpg.chip.jpg","3","male","","","","4.1","female","1.10","2.647587299346924","male","-0.35"
"26_0_0_20170117172157291.jpg.chip.jpg","26","male","24.398344039916992","male","-1.60","28.6","male","2.60","24.93861961364746","male","-1.06"
"27_1_1_20170112231925888.jpg.chip.jpg","27","female","","","","29.5","female","2.50","26.578147888183594","female","-0.42"
"40_0_3_20170119175325322.jpg.chip.jpg","40","male","","","","29.4","male","-10.60","","",""
"53_0_3_20170119205827904.jpg.chip.jpg","53","male","","","","38.9","male","-14.10","55.18796157836914","male","2.19"
"22_0_1_20170113150439151.jpg.chip.jpg","22","male","","","","23.7","male","1.70","21.229455947875977","male","-0.77"
"28_1_2_20170104020939196.jpg.chip.jpg","28","female","20.80635643005371","female","-7.19","16.3","female","-11.70","22.593379974365234","female","-5.41"
"25_1_3_20170117185558985.jpg.chip.jpg","25","female","","","","29.1","female","4.10","21.626710891723633","female","-3.37"
"22_1_0_20170112233734192.jpg.chip.jpg","22","female","22.104660034179688","female","0.10","23.7","female","1.70","21.22545623779297","female","-0.77"
"62_0_3_20170104220837477.jpg.chip.jpg","62","male","","","","29.2","male","-32.80","72.71163940429688","male","10.71"